cos_theta_center,cos_theta_det_center,counts,omega
0.0050000000,0.0050000000,0,0.0000000000
0.0050000000,0.0150000000,0,0.0000000000
0.0050000000,0.0250000000,0,0.0000000000
0.0050000000,0.0350000000,0,0.0000000000
0.0050000000,0.0450000000,0,0.0000000000
0.0050000000,0.0550000000,0,0.0000000000
0.0050000000,0.0650000000,0,0.0000000000
0.0050000000,0.0750000000,0,0.0000000000
0.0050000000,0.0850000000,0,0.0000000000
0.0050000000,0.0950000000,0,0.0000000000
0.0050000000,0.1050000000,0,0.0000000000
0.0050000000,0.1150000000,0,0.0000000000
0.0050000000,0.1250000000,0,0.0000000000
0.0050000000,0.1350000000,0,0.0000000000
0.0050000000,0.1450000000,0,0.0000000000
0.0050000000,0.1550000000,0,0.0000000000
0.0050000000,0.1650000000,0,0.0000000000
0.0050000000,0.1750000000,0,0.0000000000
0.0050000000,0.1850000000,0,0.0000000000
0.0050000000,0.1950000000,0,0.0000000000
0.0050000000,0.2050000000,0,0.0000000000
0.0050000000,0.2150000000,0,0.0000000000
0.0050000000,0.2250000000,0,0.0000000000
0.0050000000,0.2350000000,0,0.0000000000
0.0050000000,0.2450000000,0,0.0000000000
0.0050000000,0.2550000000,0,0.0000000000
0.0050000000,0.2650000000,215,0.0000043000
0.0050000000,0.2750000000,728,0.0000145600
0.0050000000,0.2850000000,1290,0.0000258000
0.0050000000,0.2950000000,1778,0.0000355600
0.0050000000,0.3050000000,2235,0.0000447000
0.0050000000,0.3150000000,2806,0.0000561200
0.0050000000,0.3250000000,3273,0.0000654600
0.0050000000,0.3350000000,3580,0.0000716000
0.0050000000,0.3450000000,3957,0.0000791400
0.0050000000,0.3550000000,4377,0.0000875400
0.0050000000,0.3650000000,4592,0.0000918400
0.0050000000,0.3750000000,4785,0.0000957000
0.0050000000,0.3850000000,4953,0.0000990600
0.0050000000,0.3950000000,5031,0.0001006200
0.0050000000,0.4050000000,5226,0.0001045200
0.0050000000,0.4150000000,5164,0.0001032800
0.0050000000,0.4250000000,5141,0.0001028200
0.0050000000,0.4350000000,5334,0.0001066800
0.0050000000,0.4450000000,5238,0.0001047600
0.0050000000,0.4550000000,5477,0.0001095400
0.0050000000,0.4650000000,5698,0.0001139600
0.0050000000,0.4750000000,5616,0.0001123200
0.0050000000,0.4850000000,5752,0.0001150400
0.0050000000,0.4950000000,5809,0.0001161800
0.0050000000,0.5050000000,5957,0.0001191400
0.0050000000,0.5150000000,6112,0.0001222400
0.0050000000,0.5250000000,6375,0.0001275000
0.0050000000,0.5350000000,6386,0.0001277200
0.0050000000,0.5450000000,6447,0.0001289400
0.0050000000,0.5550000000,6753,0.0001350600
0.0050000000,0.5650000000,6954,0.0001390800
0.0050000000,0.5750000000,7185,0.0001437000
0.0050000000,0.5850000000,7553,0.0001510600
0.0050000000,0.5950000000,7987,0.0001597400
0.0050000000,0.6050000000,8063,0.0001612600
0.0050000000,0.6150000000,8325,0.0001665000
0.0050000000,0.6250000000,9017,0.0001803400
0.0050000000,0.6350000000,9581,0.0001916200
0.0050000000,0.6450000000,10110,0.0002022000
0.0050000000,0.6550000000,11200,0.0002240000
0.0050000000,0.6650000000,12365,0.0002473000
0.0050000000,0.6750000000,14332,0.0002866400
0.0050000000,0.6850000000,17291,0.0003458200
0.0050000000,0.6950000000,24902,0.0004980400
0.0050000000,0.7050000000,33430,0.0006686000
0.0050000000,0.7150000000,6530,0.0001306000
0.0050000000,0.7250000000,0,0.0000000000
0.0050000000,0.7350000000,0,0.0000000000
0.0050000000,0.7450000000,0,0.0000000000
0.0050000000,0.7550000000,0,0.0000000000
0.0050000000,0.7650000000,0,0.0000000000
0.0050000000,0.7750000000,0,0.0000000000
0.0050000000,0.7850000000,0,0.0000000000
0.0050000000,0.7950000000,0,0.0000000000
0.0050000000,0.8050000000,0,0.0000000000
0.0050000000,0.8150000000,0,0.0000000000
0.0050000000,0.8250000000,0,0.0000000000
0.0050000000,0.8350000000,0,0.0000000000
0.0050000000,0.8450000000,0,0.0000000000
0.0050000000,0.8550000000,0,0.0000000000
0.0050000000,0.8650000000,0,0.0000000000
0.0050000000,0.8750000000,0,0.0000000000
0.0050000000,0.8850000000,0,0.0000000000
0.0050000000,0.8950000000,0,0.0000000000
0.0050000000,0.9050000000,0,0.0000000000
0.0050000000,0.9150000000,0,0.0000000000
0.0050000000,0.9250000000,0,0.0000000000
0.0050000000,0.9350000000,0,0.0000000000
0.0050000000,0.9450000000,0,0.0000000000
0.0050000000,0.9550000000,0,0.0000000000
0.0050000000,0.9650000000,0,0.0000000000
0.0050000000,0.9750000000,0,0.0000000000
0.0050000000,0.9850000000,0,0.0000000000
0.0050000000,0.9950000000,0,0.0000000000
0.0150000000,0.0050000000,0,0.0000000000
0.0150000000,0.0150000000,0,0.0000000000
0.0150000000,0.0250000000,0,0.0000000000
0.0150000000,0.0350000000,0,0.0000000000
0.0150000000,0.0450000000,0,0.0000000000
0.0150000000,0.0550000000,0,0.0000000000
0.0150000000,0.0650000000,0,0.0000000000
0.0150000000,0.0750000000,0,0.0000000000
0.0150000000,0.0850000000,0,0.0000000000
0.0150000000,0.0950000000,0,0.0000000000
0.0150000000,0.1050000000,0,0.0000000000
0.0150000000,0.1150000000,0,0.0000000000
0.0150000000,0.1250000000,0,0.0000000000
0.0150000000,0.1350000000,0,0.0000000000
0.0150000000,0.1450000000,0,0.0000000000
0.0150000000,0.1550000000,0,0.0000000000
0.0150000000,0.1650000000,0,0.0000000000
0.0150000000,0.1750000000,0,0.0000000000
0.0150000000,0.1850000000,0,0.0000000000
0.0150000000,0.1950000000,0,0.0000000000
0.0150000000,0.2050000000,0,0.0000000000
0.0150000000,0.2150000000,0,0.0000000000
0.0150000000,0.2250000000,0,0.0000000000
0.0150000000,0.2350000000,0,0.0000000000
0.0150000000,0.2450000000,0,0.0000000000
0.0150000000,0.2550000000,0,0.0000000000
0.0150000000,0.2650000000,174,0.0000034800
0.0150000000,0.2750000000,779,0.0000155800
0.0150000000,0.2850000000,1269,0.0000253800
0.0150000000,0.2950000000,1751,0.0000350200
0.0150000000,0.3050000000,2327,0.0000465400
0.0150000000,0.3150000000,2708,0.0000541600
0.0150000000,0.3250000000,3168,0.0000633600
0.0150000000,0.3350000000,3613,0.0000722600
0.0150000000,0.3450000000,3972,0.0000794400
0.0150000000,0.3550000000,4343,0.0000868600
0.0150000000,0.3650000000,4483,0.0000896600
0.0150000000,0.3750000000,4900,0.0000980000
0.0150000000,0.3850000000,5018,0.0001003600
0.0150000000,0.3950000000,5114,0.0001022800
0.0150000000,0.4050000000,5202,0.0001040400
0.0150000000,0.4150000000,5113,0.0001022600
0.0150000000,0.4250000000,5243,0.0001048600
0.0150000000,0.4350000000,5277,0.0001055400
0.0150000000,0.4450000000,5358,0.0001071600
0.0150000000,0.4550000000,5399,0.0001079800
0.0150000000,0.4650000000,5656,0.0001131200
0.0150000000,0.4750000000,5726,0.0001145200
0.0150000000,0.4850000000,5722,0.0001144400
0.0150000000,0.4950000000,5814,0.0001162800
0.0150000000,0.5050000000,5899,0.0001179800
0.0150000000,0.5150000000,6120,0.0001224000
0.0150000000,0.5250000000,6219,0.0001243800
0.0150000000,0.5350000000,6376,0.0001275200
0.0150000000,0.5450000000,6605,0.0001321000
0.0150000000,0.5550000000,6805,0.0001361000
0.0150000000,0.5650000000,7004,0.0001400800
0.0150000000,0.5750000000,7317,0.0001463400
0.0150000000,0.5850000000,7308,0.0001461600
0.0150000000,0.5950000000,7863,0.0001572600
0.0150000000,0.6050000000,8157,0.0001631400
0.0150000000,0.6150000000,8585,0.0001717000
0.0150000000,0.6250000000,9160,0.0001832000
0.0150000000,0.6350000000,9761,0.0001952200
0.0150000000,0.6450000000,10192,0.0002038400
0.0150000000,0.6550000000,11337,0.0002267400
0.0150000000,0.6650000000,12601,0.0002520200
0.0150000000,0.6750000000,14756,0.0002951200
0.0150000000,0.6850000000,19362,0.0003872400
0.0150000000,0.6950000000,27856,0.0005571200
0.0150000000,0.7050000000,11596,0.0002319200
0.0150000000,0.7150000000,20608,0.0004121600
0.0150000000,0.7250000000,872,0.0000174400
0.0150000000,0.7350000000,0,0.0000000000
0.0150000000,0.7450000000,0,0.0000000000
0.0150000000,0.7550000000,0,0.0000000000
0.0150000000,0.7650000000,0,0.0000000000
0.0150000000,0.7750000000,0,0.0000000000
0.0150000000,0.7850000000,0,0.0000000000
0.0150000000,0.7950000000,0,0.0000000000
0.0150000000,0.8050000000,0,0.0000000000
0.0150000000,0.8150000000,0,0.0000000000
0.0150000000,0.8250000000,0,0.0000000000
0.0150000000,0.8350000000,0,0.0000000000
0.0150000000,0.8450000000,0,0.0000000000
0.0150000000,0.8550000000,0,0.0000000000
0.0150000000,0.8650000000,0,0.0000000000
0.0150000000,0.8750000000,0,0.0000000000
0.0150000000,0.8850000000,0,0.0000000000
0.0150000000,0.8950000000,0,0.0000000000
0.0150000000,0.9050000000,0,0.0000000000
0.0150000000,0.9150000000,0,0.0000000000
0.0150000000,0.9250000000,0,0.0000000000
0.0150000000,0.9350000000,0,0.0000000000
0.0150000000,0.9450000000,0,0.0000000000
0.0150000000,0.9550000000,0,0.0000000000
0.0150000000,0.9650000000,0,0.0000000000
0.0150000000,0.9750000000,0,0.0000000000
0.0150000000,0.9850000000,0,0.0000000000
0.0150000000,0.9950000000,0,0.0000000000
0.0250000000,0.0050000000,0,0.0000000000
0.0250000000,0.0150000000,0,0.0000000000
0.0250000000,0.0250000000,0,0.0000000000
0.0250000000,0.0350000000,0,0.0000000000
0.0250000000,0.0450000000,0,0.0000000000
0.0250000000,0.0550000000,0,0.0000000000
0.0250000000,0.0650000000,0,0.0000000000
0.0250000000,0.0750000000,0,0.0000000000
0.0250000000,0.0850000000,0,0.0000000000
0.0250000000,0.0950000000,0,0.0000000000
0.0250000000,0.1050000000,0,0.0000000000
0.0250000000,0.1150000000,0,0.0000000000
0.0250000000,0.1250000000,0,0.0000000000
0.0250000000,0.1350000000,0,0.0000000000
0.0250000000,0.1450000000,0,0.0000000000
0.0250000000,0.1550000000,0,0.0000000000
0.0250000000,0.1650000000,0,0.0000000000
0.0250000000,0.1750000000,0,0.0000000000
0.0250000000,0.1850000000,0,0.0000000000
0.0250000000,0.1950000000,0,0.0000000000
0.0250000000,0.2050000000,0,0.0000000000
0.0250000000,0.2150000000,0,0.0000000000
0.0250000000,0.2250000000,0,0.0000000000
0.0250000000,0.2350000000,0,0.0000000000
0.0250000000,0.2450000000,0,0.0000000000
0.0250000000,0.2550000000,1,0.0000000200
0.0250000000,0.2650000000,210,0.0000042000
0.0250000000,0.2750000000,733,0.0000146600
0.0250000000,0.2850000000,1263,0.0000252600
0.0250000000,0.2950000000,1817,0.0000363400
0.0250000000,0.3050000000,2432,0.0000486400
0.0250000000,0.3150000000,2749,0.0000549800
0.0250000000,0.3250000000,3231,0.0000646200
0.0250000000,0.3350000000,3680,0.0000736000
0.0250000000,0.3450000000,3948,0.0000789600
0.0250000000,0.3550000000,4313,0.0000862600
0.0250000000,0.3650000000,4579,0.0000915800
0.0250000000,0.3750000000,4834,0.0000966800
0.0250000000,0.3850000000,5013,0.0001002600
0.0250000000,0.3950000000,4987,0.0000997400
0.0250000000,0.4050000000,5099,0.0001019800
0.0250000000,0.4150000000,5208,0.0001041600
0.0250000000,0.4250000000,5214,0.0001042800
0.0250000000,0.4350000000,5245,0.0001049000
0.0250000000,0.4450000000,5433,0.0001086600
0.0250000000,0.4550000000,5512,0.0001102400
0.0250000000,0.4650000000,5504,0.0001100800
0.0250000000,0.4750000000,5664,0.0001132800
0.0250000000,0.4850000000,5754,0.0001150800
0.0250000000,0.4950000000,5910,0.0001182000
0.0250000000,0.5050000000,5937,0.0001187400
0.0250000000,0.5150000000,5939,0.0001187800
0.0250000000,0.5250000000,6255,0.0001251000
0.0250000000,0.5350000000,6501,0.0001300200
0.0250000000,0.5450000000,6539,0.0001307800
0.0250000000,0.5550000000,6752,0.0001350400
0.0250000000,0.5650000000,6937,0.0001387400
0.0250000000,0.5750000000,7144,0.0001428800
0.0250000000,0.5850000000,7522,0.0001504400
0.0250000000,0.5950000000,7689,0.0001537800
0.0250000000,0.6050000000,8027,0.0001605400
0.0250000000,0.6150000000,8419,0.0001683800
0.0250000000,0.6250000000,9161,0.0001832200
0.0250000000,0.6350000000,9928,0.0001985600
0.0250000000,0.6450000000,10470,0.0002094000
0.0250000000,0.6550000000,11656,0.0002331200
0.0250000000,0.6650000000,13230,0.0002646000
0.0250000000,0.6750000000,16261,0.0003252200
0.0250000000,0.6850000000,26024,0.0005204800
0.0250000000,0.6950000000,10913,0.0002182600
0.0250000000,0.7050000000,9308,0.0001861600
0.0250000000,0.7150000000,13856,0.0002771200
0.0250000000,0.7250000000,16754,0.0003350800
0.0250000000,0.7350000000,0,0.0000000000
0.0250000000,0.7450000000,0,0.0000000000
0.0250000000,0.7550000000,0,0.0000000000
0.0250000000,0.7650000000,0,0.0000000000
0.0250000000,0.7750000000,0,0.0000000000
0.0250000000,0.7850000000,0,0.0000000000
0.0250000000,0.7950000000,0,0.0000000000
0.0250000000,0.8050000000,0,0.0000000000
0.0250000000,0.8150000000,0,0.0000000000
0.0250000000,0.8250000000,0,0.0000000000
0.0250000000,0.8350000000,0,0.0000000000
0.0250000000,0.8450000000,0,0.0000000000
0.0250000000,0.8550000000,0,0.0000000000
0.0250000000,0.8650000000,0,0.0000000000
0.0250000000,0.8750000000,0,0.0000000000
0.0250000000,0.8850000000,0,0.0000000000
0.0250000000,0.8950000000,0,0.0000000000
0.0250000000,0.9050000000,0,0.0000000000
0.0250000000,0.9150000000,0,0.0000000000
0.0250000000,0.9250000000,0,0.0000000000
0.0250000000,0.9350000000,0,0.0000000000
0.0250000000,0.9450000000,0,0.0000000000
0.0250000000,0.9550000000,0,0.0000000000
0.0250000000,0.9650000000,0,0.0000000000
0.0250000000,0.9750000000,0,0.0000000000
0.0250000000,0.9850000000,0,0.0000000000
0.0250000000,0.9950000000,0,0.0000000000
0.0350000000,0.0050000000,0,0.0000000000
0.0350000000,0.0150000000,0,0.0000000000
0.0350000000,0.0250000000,0,0.0000000000
0.0350000000,0.0350000000,0,0.0000000000
0.0350000000,0.0450000000,0,0.0000000000
0.0350000000,0.0550000000,0,0.0000000000
0.0350000000,0.0650000000,0,0.0000000000
0.0350000000,0.0750000000,0,0.0000000000
0.0350000000,0.0850000000,0,0.0000000000
0.0350000000,0.0950000000,0,0.0000000000
0.0350000000,0.1050000000,0,0.0000000000
0.0350000000,0.1150000000,0,0.0000000000
0.0350000000,0.1250000000,0,0.0000000000
0.0350000000,0.1350000000,0,0.0000000000
0.0350000000,0.1450000000,0,0.0000000000
0.0350000000,0.1550000000,0,0.0000000000
0.0350000000,0.1650000000,0,0.0000000000
0.0350000000,0.1750000000,0,0.0000000000
0.0350000000,0.1850000000,0,0.0000000000
0.0350000000,0.1950000000,0,0.0000000000
0.0350000000,0.2050000000,0,0.0000000000
0.0350000000,0.2150000000,0,0.0000000000
0.0350000000,0.2250000000,0,0.0000000000
0.0350000000,0.2350000000,0,0.0000000000
0.0350000000,0.2450000000,0,0.0000000000
0.0350000000,0.2550000000,9,0.0000001800
0.0350000000,0.2650000000,192,0.0000038400
0.0350000000,0.2750000000,728,0.0000145600
0.0350000000,0.2850000000,1265,0.0000253000
0.0350000000,0.2950000000,1785,0.0000357000
0.0350000000,0.3050000000,2313,0.0000462600
0.0350000000,0.3150000000,2756,0.0000551200
0.0350000000,0.3250000000,3206,0.0000641200
0.0350000000,0.3350000000,3591,0.0000718200
0.0350000000,0.3450000000,4018,0.0000803600
0.0350000000,0.3550000000,4246,0.0000849200
0.0350000000,0.3650000000,4521,0.0000904200
0.0350000000,0.3750000000,4765,0.0000953000
0.0350000000,0.3850000000,4887,0.0000977400
0.0350000000,0.3950000000,5073,0.0001014600
0.0350000000,0.4050000000,4974,0.0000994800
0.0350000000,0.4150000000,5212,0.0001042400
0.0350000000,0.4250000000,5073,0.0001014600
0.0350000000,0.4350000000,5305,0.0001061000
0.0350000000,0.4450000000,5358,0.0001071600
0.0350000000,0.4550000000,5569,0.0001113800
0.0350000000,0.4650000000,5676,0.0001135200
0.0350000000,0.4750000000,5703,0.0001140600
0.0350000000,0.4850000000,5805,0.0001161000
0.0350000000,0.4950000000,5846,0.0001169200
0.0350000000,0.5050000000,5959,0.0001191800
0.0350000000,0.5150000000,6219,0.0001243800
0.0350000000,0.5250000000,6267,0.0001253400
0.0350000000,0.5350000000,6374,0.0001274800
0.0350000000,0.5450000000,6592,0.0001318400
0.0350000000,0.5550000000,6872,0.0001374400
0.0350000000,0.5650000000,7103,0.0001420600
0.0350000000,0.5750000000,7182,0.0001436400
0.0350000000,0.5850000000,7590,0.0001518000
0.0350000000,0.5950000000,7664,0.0001532800
0.0350000000,0.6050000000,8339,0.0001667800
0.0350000000,0.6150000000,8708,0.0001741600
0.0350000000,0.6250000000,9179,0.0001835800
0.0350000000,0.6350000000,9875,0.0001975000
0.0350000000,0.6450000000,10857,0.0002171400
0.0350000000,0.6550000000,12135,0.0002427000
0.0350000000,0.6650000000,14624,0.0002924800
0.0350000000,0.6750000000,22922,0.0004584400
0.0350000000,0.6850000000,15387,0.0003077400
0.0350000000,0.6950000000,6924,0.0001384800
0.0350000000,0.7050000000,7981,0.0001596200
0.0350000000,0.7150000000,10324,0.0002064800
0.0350000000,0.7250000000,18814,0.0003762800
0.0350000000,0.7350000000,8347,0.0001669400
0.0350000000,0.7450000000,0,0.0000000000
0.0350000000,0.7550000000,0,0.0000000000
0.0350000000,0.7650000000,0,0.0000000000
0.0350000000,0.7750000000,0,0.0000000000
0.0350000000,0.7850000000,0,0.0000000000
0.0350000000,0.7950000000,0,0.0000000000
0.0350000000,0.8050000000,0,0.0000000000
0.0350000000,0.8150000000,0,0.0000000000
0.0350000000,0.8250000000,0,0.0000000000
0.0350000000,0.8350000000,0,0.0000000000
0.0350000000,0.8450000000,0,0.0000000000
0.0350000000,0.8550000000,0,0.0000000000
0.0350000000,0.8650000000,0,0.0000000000
0.0350000000,0.8750000000,0,0.0000000000
0.0350000000,0.8850000000,0,0.0000000000
0.0350000000,0.8950000000,0,0.0000000000
0.0350000000,0.9050000000,0,0.0000000000
0.0350000000,0.9150000000,0,0.0000000000
0.0350000000,0.9250000000,0,0.0000000000
0.0350000000,0.9350000000,0,0.0000000000
0.0350000000,0.9450000000,0,0.0000000000
0.0350000000,0.9550000000,0,0.0000000000
0.0350000000,0.9650000000,0,0.0000000000
0.0350000000,0.9750000000,0,0.0000000000
0.0350000000,0.9850000000,0,0.0000000000
0.0350000000,0.9950000000,0,0.0000000000
0.0450000000,0.0050000000,0,0.0000000000
0.0450000000,0.0150000000,0,0.0000000000
0.0450000000,0.0250000000,0,0.0000000000
0.0450000000,0.0350000000,0,0.0000000000
0.0450000000,0.0450000000,0,0.0000000000
0.0450000000,0.0550000000,0,0.0000000000
0.0450000000,0.0650000000,0,0.0000000000
0.0450000000,0.0750000000,0,0.0000000000
0.0450000000,0.0850000000,0,0.0000000000
0.0450000000,0.0950000000,0,0.0000000000
0.0450000000,0.1050000000,0,0.0000000000
0.0450000000,0.1150000000,0,0.0000000000
0.0450000000,0.1250000000,0,0.0000000000
0.0450000000,0.1350000000,0,0.0000000000
0.0450000000,0.1450000000,0,0.0000000000
0.0450000000,0.1550000000,0,0.0000000000
0.0450000000,0.1650000000,0,0.0000000000
0.0450000000,0.1750000000,0,0.0000000000
0.0450000000,0.1850000000,0,0.0000000000
0.0450000000,0.1950000000,0,0.0000000000
0.0450000000,0.2050000000,0,0.0000000000
0.0450000000,0.2150000000,0,0.0000000000
0.0450000000,0.2250000000,0,0.0000000000
0.0450000000,0.2350000000,0,0.0000000000
0.0450000000,0.2450000000,0,0.0000000000
0.0450000000,0.2550000000,16,0.0000003200
0.0450000000,0.2650000000,229,0.0000045800
0.0450000000,0.2750000000,766,0.0000153200
0.0450000000,0.2850000000,1286,0.0000257200
0.0450000000,0.2950000000,1836,0.0000367200
0.0450000000,0.3050000000,2265,0.0000453000
0.0450000000,0.3150000000,2683,0.0000536600
0.0450000000,0.3250000000,3183,0.0000636600
0.0450000000,0.3350000000,3632,0.0000726400
0.0450000000,0.3450000000,4055,0.0000811000
0.0450000000,0.3550000000,4326,0.0000865200
0.0450000000,0.3650000000,4474,0.0000894800
0.0450000000,0.3750000000,4767,0.0000953400
0.0450000000,0.3850000000,4881,0.0000976200
0.0450000000,0.3950000000,5077,0.0001015400
0.0450000000,0.4050000000,5088,0.0001017600
0.0450000000,0.4150000000,5150,0.0001030000
0.0450000000,0.4250000000,5180,0.0001036000
0.0450000000,0.4350000000,5340,0.0001068000
0.0450000000,0.4450000000,5342,0.0001068400
0.0450000000,0.4550000000,5492,0.0001098400
0.0450000000,0.4650000000,5470,0.0001094000
0.0450000000,0.4750000000,5699,0.0001139800
0.0450000000,0.4850000000,5880,0.0001176000
0.0450000000,0.4950000000,5886,0.0001177200
0.0450000000,0.5050000000,6054,0.0001210800
0.0450000000,0.5150000000,6157,0.0001231400
0.0450000000,0.5250000000,6290,0.0001258000
0.0450000000,0.5350000000,6379,0.0001275800
0.0450000000,0.5450000000,6717,0.0001343400
0.0450000000,0.5550000000,6768,0.0001353600
0.0450000000,0.5650000000,6969,0.0001393800
0.0450000000,0.5750000000,7428,0.0001485600
0.0450000000,0.5850000000,7710,0.0001542000
0.0450000000,0.5950000000,7824,0.0001564800
0.0450000000,0.6050000000,8231,0.0001646200
0.0450000000,0.6150000000,8786,0.0001757200
0.0450000000,0.6250000000,9559,0.0001911800
0.0450000000,0.6350000000,10161,0.0002032200
0.0450000000,0.6450000000,11338,0.0002267600
0.0450000000,0.6550000000,13400,0.0002680000
0.0450000000,0.6650000000,18183,0.0003636600
0.0450000000,0.6750000000,20841,0.0004168200
0.0450000000,0.6850000000,5667,0.0001133400
0.0450000000,0.6950000000,6283,0.0001256600
0.0450000000,0.7050000000,7030,0.0001406000
0.0450000000,0.7150000000,8622,0.0001724400
0.0450000000,0.7250000000,11530,0.0002306000
0.0450000000,0.7350000000,21491,0.0004298200
0.0450000000,0.7450000000,1590,0.0000318000
0.0450000000,0.7550000000,0,0.0000000000
0.0450000000,0.7650000000,0,0.0000000000
0.0450000000,0.7750000000,0,0.0000000000
0.0450000000,0.7850000000,0,0.0000000000
0.0450000000,0.7950000000,0,0.0000000000
0.0450000000,0.8050000000,0,0.0000000000
0.0450000000,0.8150000000,0,0.0000000000
0.0450000000,0.8250000000,0,0.0000000000
0.0450000000,0.8350000000,0,0.0000000000
0.0450000000,0.8450000000,0,0.0000000000
0.0450000000,0.8550000000,0,0.0000000000
0.0450000000,0.8650000000,0,0.0000000000
0.0450000000,0.8750000000,0,0.0000000000
0.0450000000,0.8850000000,0,0.0000000000
0.0450000000,0.8950000000,0,0.0000000000
0.0450000000,0.9050000000,0,0.0000000000
0.0450000000,0.9150000000,0,0.0000000000
0.0450000000,0.9250000000,0,0.0000000000
0.0450000000,0.9350000000,0,0.0000000000
0.0450000000,0.9450000000,0,0.0000000000
0.0450000000,0.9550000000,0,0.0000000000
0.0450000000,0.9650000000,0,0.0000000000
0.0450000000,0.9750000000,0,0.0000000000
0.0450000000,0.9850000000,0,0.0000000000
0.0450000000,0.9950000000,0,0.0000000000
0.0550000000,0.0050000000,0,0.0000000000
0.0550000000,0.0150000000,0,0.0000000000
0.0550000000,0.0250000000,0,0.0000000000
0.0550000000,0.0350000000,0,0.0000000000
0.0550000000,0.0450000000,0,0.0000000000
0.0550000000,0.0550000000,0,0.0000000000
0.0550000000,0.0650000000,0,0.0000000000
0.0550000000,0.0750000000,0,0.0000000000
0.0550000000,0.0850000000,0,0.0000000000
0.0550000000,0.0950000000,0,0.0000000000
0.0550000000,0.1050000000,0,0.0000000000
0.0550000000,0.1150000000,0,0.0000000000
0.0550000000,0.1250000000,0,0.0000000000
0.0550000000,0.1350000000,0,0.0000000000
0.0550000000,0.1450000000,0,0.0000000000
0.0550000000,0.1550000000,0,0.0000000000
0.0550000000,0.1650000000,0,0.0000000000
0.0550000000,0.1750000000,0,0.0000000000
0.0550000000,0.1850000000,0,0.0000000000
0.0550000000,0.1950000000,0,0.0000000000
0.0550000000,0.2050000000,0,0.0000000000
0.0550000000,0.2150000000,0,0.0000000000
0.0550000000,0.2250000000,0,0.0000000000
0.0550000000,0.2350000000,0,0.0000000000
0.0550000000,0.2450000000,0,0.0000000000
0.0550000000,0.2550000000,21,0.0000004200
0.0550000000,0.2650000000,285,0.0000057000
0.0550000000,0.2750000000,738,0.0000147600
0.0550000000,0.2850000000,1274,0.0000254800
0.0550000000,0.2950000000,1779,0.0000355800
0.0550000000,0.3050000000,2276,0.0000455200
0.0550000000,0.3150000000,2677,0.0000535400
0.0550000000,0.3250000000,3193,0.0000638600
0.0550000000,0.3350000000,3662,0.0000732400
0.0550000000,0.3450000000,3994,0.0000798800
0.0550000000,0.3550000000,4353,0.0000870600
0.0550000000,0.3650000000,4486,0.0000897200
0.0550000000,0.3750000000,4898,0.0000979600
0.0550000000,0.3850000000,4917,0.0000983400
0.0550000000,0.3950000000,5003,0.0001000600
0.0550000000,0.4050000000,5078,0.0001015600
0.0550000000,0.4150000000,5217,0.0001043400
0.0550000000,0.4250000000,5289,0.0001057800
0.0550000000,0.4350000000,5386,0.0001077200
0.0550000000,0.4450000000,5439,0.0001087800
0.0550000000,0.4550000000,5463,0.0001092600
0.0550000000,0.4650000000,5616,0.0001123200
0.0550000000,0.4750000000,5723,0.0001144600
0.0550000000,0.4850000000,5672,0.0001134400
0.0550000000,0.4950000000,5892,0.0001178400
0.0550000000,0.5050000000,5896,0.0001179200
0.0550000000,0.5150000000,6126,0.0001225200
0.0550000000,0.5250000000,6321,0.0001264200
0.0550000000,0.5350000000,6481,0.0001296200
0.0550000000,0.5450000000,6488,0.0001297600
0.0550000000,0.5550000000,6783,0.0001356600
0.0550000000,0.5650000000,7150,0.0001430000
0.0550000000,0.5750000000,7405,0.0001481000
0.0550000000,0.5850000000,7680,0.0001536000
0.0550000000,0.5950000000,8001,0.0001600200
0.0550000000,0.6050000000,8535,0.0001707000
0.0550000000,0.6150000000,9114,0.0001822800
0.0550000000,0.6250000000,9589,0.0001917800
0.0550000000,0.6350000000,10725,0.0002145000
0.0550000000,0.6450000000,12175,0.0002435000
0.0550000000,0.6550000000,15790,0.0003158000
0.0550000000,0.6650000000,23712,0.0004742400
0.0550000000,0.6750000000,5630,0.0001126000
0.0550000000,0.6850000000,5475,0.0001095000
0.0550000000,0.6950000000,5924,0.0001184800
0.0550000000,0.7050000000,6594,0.0001318800
0.0550000000,0.7150000000,7629,0.0001525800
0.0550000000,0.7250000000,9167,0.0001833400
0.0550000000,0.7350000000,13984,0.0002796800
0.0550000000,0.7450000000,17781,0.0003556200
0.0550000000,0.7550000000,0,0.0000000000
0.0550000000,0.7650000000,0,0.0000000000
0.0550000000,0.7750000000,0,0.0000000000
0.0550000000,0.7850000000,0,0.0000000000
0.0550000000,0.7950000000,0,0.0000000000
0.0550000000,0.8050000000,0,0.0000000000
0.0550000000,0.8150000000,0,0.0000000000
0.0550000000,0.8250000000,0,0.0000000000
0.0550000000,0.8350000000,0,0.0000000000
0.0550000000,0.8450000000,0,0.0000000000
0.0550000000,0.8550000000,0,0.0000000000
0.0550000000,0.8650000000,0,0.0000000000
0.0550000000,0.8750000000,0,0.0000000000
0.0550000000,0.8850000000,0,0.0000000000
0.0550000000,0.8950000000,0,0.0000000000
0.0550000000,0.9050000000,0,0.0000000000
0.0550000000,0.9150000000,0,0.0000000000
0.0550000000,0.9250000000,0,0.0000000000
0.0550000000,0.9350000000,0,0.0000000000
0.0550000000,0.9450000000,0,0.0000000000
0.0550000000,0.9550000000,0,0.0000000000
0.0550000000,0.9650000000,0,0.0000000000
0.0550000000,0.9750000000,0,0.0000000000
0.0550000000,0.9850000000,0,0.0000000000
0.0550000000,0.9950000000,0,0.0000000000
0.0650000000,0.0050000000,0,0.0000000000
0.0650000000,0.0150000000,0,0.0000000000
0.0650000000,0.0250000000,0,0.0000000000
0.0650000000,0.0350000000,0,0.0000000000
0.0650000000,0.0450000000,0,0.0000000000
0.0650000000,0.0550000000,0,0.0000000000
0.0650000000,0.0650000000,0,0.0000000000
0.0650000000,0.0750000000,0,0.0000000000
0.0650000000,0.0850000000,0,0.0000000000
0.0650000000,0.0950000000,0,0.0000000000
0.0650000000,0.1050000000,0,0.0000000000
0.0650000000,0.1150000000,0,0.0000000000
0.0650000000,0.1250000000,0,0.0000000000
0.0650000000,0.1350000000,0,0.0000000000
0.0650000000,0.1450000000,0,0.0000000000
0.0650000000,0.1550000000,0,0.0000000000
0.0650000000,0.1650000000,0,0.0000000000
0.0650000000,0.1750000000,0,0.0000000000
0.0650000000,0.1850000000,0,0.0000000000
0.0650000000,0.1950000000,0,0.0000000000
0.0650000000,0.2050000000,0,0.0000000000
0.0650000000,0.2150000000,0,0.0000000000
0.0650000000,0.2250000000,0,0.0000000000
0.0650000000,0.2350000000,0,0.0000000000
0.0650000000,0.2450000000,0,0.0000000000
0.0650000000,0.2550000000,28,0.0000005600
0.0650000000,0.2650000000,279,0.0000055800
0.0650000000,0.2750000000,722,0.0000144400
0.0650000000,0.2850000000,1285,0.0000257000
0.0650000000,0.2950000000,1808,0.0000361600
0.0650000000,0.3050000000,2237,0.0000447400
0.0650000000,0.3150000000,2672,0.0000534400
0.0650000000,0.3250000000,3144,0.0000628800
0.0650000000,0.3350000000,3670,0.0000734000
0.0650000000,0.3450000000,3917,0.0000783400
0.0650000000,0.3550000000,4230,0.0000846000
0.0650000000,0.3650000000,4569,0.0000913800
0.0650000000,0.3750000000,4827,0.0000965400
0.0650000000,0.3850000000,4902,0.0000980400
0.0650000000,0.3950000000,5084,0.0001016800
0.0650000000,0.4050000000,5049,0.0001009800
0.0650000000,0.4150000000,5117,0.0001023400
0.0650000000,0.4250000000,5257,0.0001051400
0.0650000000,0.4350000000,5360,0.0001072000
0.0650000000,0.4450000000,5438,0.0001087600
0.0650000000,0.4550000000,5482,0.0001096400
0.0650000000,0.4650000000,5565,0.0001113000
0.0650000000,0.4750000000,5707,0.0001141400
0.0650000000,0.4850000000,5733,0.0001146600
0.0650000000,0.4950000000,5962,0.0001192400
0.0650000000,0.5050000000,6098,0.0001219600
0.0650000000,0.5150000000,6094,0.0001218800
0.0650000000,0.5250000000,6404,0.0001280800
0.0650000000,0.5350000000,6485,0.0001297000
0.0650000000,0.5450000000,6662,0.0001332400
0.0650000000,0.5550000000,6851,0.0001370200
0.0650000000,0.5650000000,7217,0.0001443400
0.0650000000,0.5750000000,7514,0.0001502800
0.0650000000,0.5850000000,7824,0.0001564800
0.0650000000,0.5950000000,8193,0.0001638600
0.0650000000,0.6050000000,8780,0.0001756000
0.0650000000,0.6150000000,9376,0.0001875200
0.0650000000,0.6250000000,10225,0.0002045000
0.0650000000,0.6350000000,11462,0.0002292400
0.0650000000,0.6450000000,14384,0.0002876800
0.0650000000,0.6550000000,23030,0.0004606000
0.0650000000,0.6650000000,8819,0.0001763800
0.0650000000,0.6750000000,4751,0.0000950200
0.0650000000,0.6850000000,5251,0.0001050200
0.0650000000,0.6950000000,5735,0.0001147000
0.0650000000,0.7050000000,6023,0.0001204600
0.0650000000,0.7150000000,7013,0.0001402600
0.0650000000,0.7250000000,8050,0.0001610000
0.0650000000,0.7350000000,10333,0.0002066600
0.0650000000,0.7450000000,18822,0.0003764400
0.0650000000,0.7550000000,8975,0.0001795000
0.0650000000,0.7650000000,0,0.0000000000
0.0650000000,0.7750000000,0,0.0000000000
0.0650000000,0.7850000000,0,0.0000000000
0.0650000000,0.7950000000,0,0.0000000000
0.0650000000,0.8050000000,0,0.0000000000
0.0650000000,0.8150000000,0,0.0000000000
0.0650000000,0.8250000000,0,0.0000000000
0.0650000000,0.8350000000,0,0.0000000000
0.0650000000,0.8450000000,0,0.0000000000
0.0650000000,0.8550000000,0,0.0000000000
0.0650000000,0.8650000000,0,0.0000000000
0.0650000000,0.8750000000,0,0.0000000000
0.0650000000,0.8850000000,0,0.0000000000
0.0650000000,0.8950000000,0,0.0000000000
0.0650000000,0.9050000000,0,0.0000000000
0.0650000000,0.9150000000,0,0.0000000000
0.0650000000,0.9250000000,0,0.0000000000
0.0650000000,0.9350000000,0,0.0000000000
0.0650000000,0.9450000000,0,0.0000000000
0.0650000000,0.9550000000,0,0.0000000000
0.0650000000,0.9650000000,0,0.0000000000
0.0650000000,0.9750000000,0,0.0000000000
0.0650000000,0.9850000000,0,0.0000000000
0.0650000000,0.9950000000,0,0.0000000000
0.0750000000,0.0050000000,0,0.0000000000
0.0750000000,0.0150000000,0,0.0000000000
0.0750000000,0.0250000000,0,0.0000000000
0.0750000000,0.0350000000,0,0.0000000000
0.0750000000,0.0450000000,0,0.0000000000
0.0750000000,0.0550000000,0,0.0000000000
0.0750000000,0.0650000000,0,0.0000000000
0.0750000000,0.0750000000,0,0.0000000000
0.0750000000,0.0850000000,0,0.0000000000
0.0750000000,0.0950000000,0,0.0000000000
0.0750000000,0.1050000000,0,0.0000000000
0.0750000000,0.1150000000,0,0.0000000000
0.0750000000,0.1250000000,0,0.0000000000
0.0750000000,0.1350000000,0,0.0000000000
0.0750000000,0.1450000000,0,0.0000000000
0.0750000000,0.1550000000,0,0.0000000000
0.0750000000,0.1650000000,0,0.0000000000
0.0750000000,0.1750000000,0,0.0000000000
0.0750000000,0.1850000000,0,0.0000000000
0.0750000000,0.1950000000,0,0.0000000000
0.0750000000,0.2050000000,0,0.0000000000
0.0750000000,0.2150000000,0,0.0000000000
0.0750000000,0.2250000000,0,0.0000000000
0.0750000000,0.2350000000,0,0.0000000000
0.0750000000,0.2450000000,0,0.0000000000
0.0750000000,0.2550000000,49,0.0000009800
0.0750000000,0.2650000000,293,0.0000058600
0.0750000000,0.2750000000,780,0.0000156000
0.0750000000,0.2850000000,1283,0.0000256600
0.0750000000,0.2950000000,1828,0.0000365600
0.0750000000,0.3050000000,2184,0.0000436800
0.0750000000,0.3150000000,2696,0.0000539200
0.0750000000,0.3250000000,3134,0.0000626800
0.0750000000,0.3350000000,3554,0.0000710800
0.0750000000,0.3450000000,4006,0.0000801200
0.0750000000,0.3550000000,4213,0.0000842600
0.0750000000,0.3650000000,4529,0.0000905800
0.0750000000,0.3750000000,4596,0.0000919200
0.0750000000,0.3850000000,4754,0.0000950800
0.0750000000,0.3950000000,4971,0.0000994200
0.0750000000,0.4050000000,5073,0.0001014600
0.0750000000,0.4150000000,5197,0.0001039400
0.0750000000,0.4250000000,5202,0.0001040400
0.0750000000,0.4350000000,5319,0.0001063800
0.0750000000,0.4450000000,5288,0.0001057600
0.0750000000,0.4550000000,5471,0.0001094200
0.0750000000,0.4650000000,5643,0.0001128600
0.0750000000,0.4750000000,5676,0.0001135200
0.0750000000,0.4850000000,5796,0.0001159200
0.0750000000,0.4950000000,5794,0.0001158800
0.0750000000,0.5050000000,6095,0.0001219000
0.0750000000,0.5150000000,6148,0.0001229600
0.0750000000,0.5250000000,6358,0.0001271600
0.0750000000,0.5350000000,6458,0.0001291600
0.0750000000,0.5450000000,6614,0.0001322800
0.0750000000,0.5550000000,7084,0.0001416800
0.0750000000,0.5650000000,7190,0.0001438000
0.0750000000,0.5750000000,7611,0.0001522200
0.0750000000,0.5850000000,8106,0.0001621200
0.0750000000,0.5950000000,8367,0.0001673400
0.0750000000,0.6050000000,9147,0.0001829400
0.0750000000,0.6150000000,9771,0.0001954200
0.0750000000,0.6250000000,10936,0.0002187200
0.0750000000,0.6350000000,12973,0.0002594600
0.0750000000,0.6450000000,20438,0.0004087600
0.0750000000,0.6550000000,13586,0.0002717200
0.0750000000,0.6650000000,4478,0.0000895600
0.0750000000,0.6750000000,4642,0.0000928400
0.0750000000,0.6850000000,4925,0.0000985000
0.0750000000,0.6950000000,5381,0.0001076200
0.0750000000,0.7050000000,5772,0.0001154400
0.0750000000,0.7150000000,6545,0.0001309000
0.0750000000,0.7250000000,7212,0.0001442400
0.0750000000,0.7350000000,8704,0.0001740800
0.0750000000,0.7450000000,11914,0.0002382800
0.0750000000,0.7550000000,21957,0.0004391400
0.0750000000,0.7650000000,1391,0.0000278200
0.0750000000,0.7750000000,0,0.0000000000
0.0750000000,0.7850000000,0,0.0000000000
0.0750000000,0.7950000000,0,0.0000000000
0.0750000000,0.8050000000,0,0.0000000000
0.0750000000,0.8150000000,0,0.0000000000
0.0750000000,0.8250000000,0,0.0000000000
0.0750000000,0.8350000000,0,0.0000000000
0.0750000000,0.8450000000,0,0.0000000000
0.0750000000,0.8550000000,0,0.0000000000
0.0750000000,0.8650000000,0,0.0000000000
0.0750000000,0.8750000000,0,0.0000000000
0.0750000000,0.8850000000,0,0.0000000000
0.0750000000,0.8950000000,0,0.0000000000
0.0750000000,0.9050000000,0,0.0000000000
0.0750000000,0.9150000000,0,0.0000000000
0.0750000000,0.9250000000,0,0.0000000000
0.0750000000,0.9350000000,0,0.0000000000
0.0750000000,0.9450000000,0,0.0000000000
0.0750000000,0.9550000000,0,0.0000000000
0.0750000000,0.9650000000,0,0.0000000000
0.0750000000,0.9750000000,0,0.0000000000
0.0750000000,0.9850000000,0,0.0000000000
0.0750000000,0.9950000000,0,0.0000000000
0.0850000000,0.0050000000,0,0.0000000000
0.0850000000,0.0150000000,0,0.0000000000
0.0850000000,0.0250000000,0,0.0000000000
0.0850000000,0.0350000000,0,0.0000000000
0.0850000000,0.0450000000,0,0.0000000000
0.0850000000,0.0550000000,0,0.0000000000
0.0850000000,0.0650000000,0,0.0000000000
0.0850000000,0.0750000000,0,0.0000000000
0.0850000000,0.0850000000,0,0.0000000000
0.0850000000,0.0950000000,0,0.0000000000
0.0850000000,0.1050000000,0,0.0000000000
0.0850000000,0.1150000000,0,0.0000000000
0.0850000000,0.1250000000,0,0.0000000000
0.0850000000,0.1350000000,0,0.0000000000
0.0850000000,0.1450000000,0,0.0000000000
0.0850000000,0.1550000000,0,0.0000000000
0.0850000000,0.1650000000,0,0.0000000000
0.0850000000,0.1750000000,0,0.0000000000
0.0850000000,0.1850000000,0,0.0000000000
0.0850000000,0.1950000000,0,0.0000000000
0.0850000000,0.2050000000,0,0.0000000000
0.0850000000,0.2150000000,0,0.0000000000
0.0850000000,0.2250000000,0,0.0000000000
0.0850000000,0.2350000000,0,0.0000000000
0.0850000000,0.2450000000,0,0.0000000000
0.0850000000,0.2550000000,72,0.0000014400
0.0850000000,0.2650000000,286,0.0000057200
0.0850000000,0.2750000000,765,0.0000153000
0.0850000000,0.2850000000,1277,0.0000255400
0.0850000000,0.2950000000,1736,0.0000347200
0.0850000000,0.3050000000,2274,0.0000454800
0.0850000000,0.3150000000,2698,0.0000539600
0.0850000000,0.3250000000,3130,0.0000626000
0.0850000000,0.3350000000,3563,0.0000712600
0.0850000000,0.3450000000,3807,0.0000761400
0.0850000000,0.3550000000,4234,0.0000846800
0.0850000000,0.3650000000,4512,0.0000902400
0.0850000000,0.3750000000,4603,0.0000920600
0.0850000000,0.3850000000,4810,0.0000962000
0.0850000000,0.3950000000,4956,0.0000991200
0.0850000000,0.4050000000,5116,0.0001023200
0.0850000000,0.4150000000,5104,0.0001020800
0.0850000000,0.4250000000,5195,0.0001039000
0.0850000000,0.4350000000,5200,0.0001040000
0.0850000000,0.4450000000,5405,0.0001081000
0.0850000000,0.4550000000,5590,0.0001118000
0.0850000000,0.4650000000,5524,0.0001104800
0.0850000000,0.4750000000,5790,0.0001158000
0.0850000000,0.4850000000,5710,0.0001142000
0.0850000000,0.4950000000,5943,0.0001188600
0.0850000000,0.5050000000,6213,0.0001242600
0.0850000000,0.5150000000,6178,0.0001235600
0.0850000000,0.5250000000,6402,0.0001280400
0.0850000000,0.5350000000,6593,0.0001318600
0.0850000000,0.5450000000,6674,0.0001334800
0.0850000000,0.5550000000,7083,0.0001416600
0.0850000000,0.5650000000,7295,0.0001459000
0.0850000000,0.5750000000,7873,0.0001574600
0.0850000000,0.5850000000,8143,0.0001628600
0.0850000000,0.5950000000,8615,0.0001723000
0.0850000000,0.6050000000,9503,0.0001900600
0.0850000000,0.6150000000,10424,0.0002084800
0.0850000000,0.6250000000,12193,0.0002438600
0.0850000000,0.6350000000,16650,0.0003330000
0.0850000000,0.6450000000,18884,0.0003776800
0.0850000000,0.6550000000,4053,0.0000810600
0.0850000000,0.6650000000,4424,0.0000884800
0.0850000000,0.6750000000,4470,0.0000894000
0.0850000000,0.6850000000,4749,0.0000949800
0.0850000000,0.6950000000,5125,0.0001025000
0.0850000000,0.7050000000,5544,0.0001108800
0.0850000000,0.7150000000,5910,0.0001182000
0.0850000000,0.7250000000,6725,0.0001345000
0.0850000000,0.7350000000,7757,0.0001551400
0.0850000000,0.7450000000,9428,0.0001885600
0.0850000000,0.7550000000,14354,0.0002870800
0.0850000000,0.7650000000,17258,0.0003451600
0.0850000000,0.7750000000,0,0.0000000000
0.0850000000,0.7850000000,0,0.0000000000
0.0850000000,0.7950000000,0,0.0000000000
0.0850000000,0.8050000000,0,0.0000000000
0.0850000000,0.8150000000,0,0.0000000000
0.0850000000,0.8250000000,0,0.0000000000
0.0850000000,0.8350000000,0,0.0000000000
0.0850000000,0.8450000000,0,0.0000000000
0.0850000000,0.8550000000,0,0.0000000000
0.0850000000,0.8650000000,0,0.0000000000
0.0850000000,0.8750000000,0,0.0000000000
0.0850000000,0.8850000000,0,0.0000000000
0.0850000000,0.8950000000,0,0.0000000000
0.0850000000,0.9050000000,0,0.0000000000
0.0850000000,0.9150000000,0,0.0000000000
0.0850000000,0.9250000000,0,0.0000000000
0.0850000000,0.9350000000,0,0.0000000000
0.0850000000,0.9450000000,0,0.0000000000
0.0850000000,0.9550000000,0,0.0000000000
0.0850000000,0.9650000000,0,0.0000000000
0.0850000000,0.9750000000,0,0.0000000000
0.0850000000,0.9850000000,0,0.0000000000
0.0850000000,0.9950000000,0,0.0000000000
0.0950000000,0.0050000000,0,0.0000000000
0.0950000000,0.0150000000,0,0.0000000000
0.0950000000,0.0250000000,0,0.0000000000
0.0950000000,0.0350000000,0,0.0000000000
0.0950000000,0.0450000000,0,0.0000000000
0.0950000000,0.0550000000,0,0.0000000000
0.0950000000,0.0650000000,0,0.0000000000
0.0950000000,0.0750000000,0,0.0000000000
0.0950000000,0.0850000000,0,0.0000000000
0.0950000000,0.0950000000,0,0.0000000000
0.0950000000,0.1050000000,0,0.0000000000
0.0950000000,0.1150000000,0,0.0000000000
0.0950000000,0.1250000000,0,0.0000000000
0.0950000000,0.1350000000,0,0.0000000000
0.0950000000,0.1450000000,0,0.0000000000
0.0950000000,0.1550000000,0,0.0000000000
0.0950000000,0.1650000000,0,0.0000000000
0.0950000000,0.1750000000,0,0.0000000000
0.0950000000,0.1850000000,0,0.0000000000
0.0950000000,0.1950000000,0,0.0000000000
0.0950000000,0.2050000000,0,0.0000000000
0.0950000000,0.2150000000,0,0.0000000000
0.0950000000,0.2250000000,0,0.0000000000
0.0950000000,0.2350000000,0,0.0000000000
0.0950000000,0.2450000000,0,0.0000000000
0.0950000000,0.2550000000,105,0.0000021000
0.0950000000,0.2650000000,338,0.0000067600
0.0950000000,0.2750000000,759,0.0000151800
0.0950000000,0.2850000000,1285,0.0000257000
0.0950000000,0.2950000000,1873,0.0000374600
0.0950000000,0.3050000000,2248,0.0000449600
0.0950000000,0.3150000000,2704,0.0000540800
0.0950000000,0.3250000000,3081,0.0000616200
0.0950000000,0.3350000000,3522,0.0000704400
0.0950000000,0.3450000000,3821,0.0000764200
0.0950000000,0.3550000000,4099,0.0000819800
0.0950000000,0.3650000000,4477,0.0000895400
0.0950000000,0.3750000000,4585,0.0000917000
0.0950000000,0.3850000000,4712,0.0000942400
0.0950000000,0.3950000000,4964,0.0000992800
0.0950000000,0.4050000000,5107,0.0001021400
0.0950000000,0.4150000000,4895,0.0000979000
0.0950000000,0.4250000000,5248,0.0001049600
0.0950000000,0.4350000000,5328,0.0001065600
0.0950000000,0.4450000000,5217,0.0001043400
0.0950000000,0.4550000000,5355,0.0001071000
0.0950000000,0.4650000000,5485,0.0001097000
0.0950000000,0.4750000000,5594,0.0001118800
0.0950000000,0.4850000000,5812,0.0001162400
0.0950000000,0.4950000000,5950,0.0001190000
0.0950000000,0.5050000000,6130,0.0001226000
0.0950000000,0.5150000000,6321,0.0001264200
0.0950000000,0.5250000000,6586,0.0001317200
0.0950000000,0.5350000000,6621,0.0001324200
0.0950000000,0.5450000000,6726,0.0001345200
0.0950000000,0.5550000000,7172,0.0001434400
0.0950000000,0.5650000000,7421,0.0001484200
0.0950000000,0.5750000000,7737,0.0001547400
0.0950000000,0.5850000000,8463,0.0001692600
0.0950000000,0.5950000000,8944,0.0001788800
0.0950000000,0.6050000000,9769,0.0001953800
0.0950000000,0.6150000000,11358,0.0002271600
0.0950000000,0.6250000000,14729,0.0002945800
0.0950000000,0.6350000000,21899,0.0004379800
0.0950000000,0.6450000000,4083,0.0000816600
0.0950000000,0.6550000000,4038,0.0000807600
0.0950000000,0.6650000000,4211,0.0000842200
0.0950000000,0.6750000000,4404,0.0000880800
0.0950000000,0.6850000000,4590,0.0000918000
0.0950000000,0.6950000000,5003,0.0001000600
0.0950000000,0.7050000000,5262,0.0001052400
0.0950000000,0.7150000000,5789,0.0001157800
0.0950000000,0.7250000000,6379,0.0001275800
0.0950000000,0.7350000000,6993,0.0001398600
0.0950000000,0.7450000000,8198,0.0001639600
0.0950000000,0.7550000000,10717,0.0002143400
0.0950000000,0.7650000000,19971,0.0003994200
0.0950000000,0.7750000000,7625,0.0001525000
0.0950000000,0.7850000000,0,0.0000000000
0.0950000000,0.7950000000,0,0.0000000000
0.0950000000,0.8050000000,0,0.0000000000
0.0950000000,0.8150000000,0,0.0000000000
0.0950000000,0.8250000000,0,0.0000000000
0.0950000000,0.8350000000,0,0.0000000000
0.0950000000,0.8450000000,0,0.0000000000
0.0950000000,0.8550000000,0,0.0000000000
0.0950000000,0.8650000000,0,0.0000000000
0.0950000000,0.8750000000,0,0.0000000000
0.0950000000,0.8850000000,0,0.0000000000
0.0950000000,0.8950000000,0,0.0000000000
0.0950000000,0.9050000000,0,0.0000000000
0.0950000000,0.9150000000,0,0.0000000000
0.0950000000,0.9250000000,0,0.0000000000
0.0950000000,0.9350000000,0,0.0000000000
0.0950000000,0.9450000000,0,0.0000000000
0.0950000000,0.9550000000,0,0.0000000000
0.0950000000,0.9650000000,0,0.0000000000
0.0950000000,0.9750000000,0,0.0000000000
0.0950000000,0.9850000000,0,0.0000000000
0.0950000000,0.9950000000,0,0.0000000000
0.1050000000,0.0050000000,0,0.0000000000
0.1050000000,0.0150000000,0,0.0000000000
0.1050000000,0.0250000000,0,0.0000000000
0.1050000000,0.0350000000,0,0.0000000000
0.1050000000,0.0450000000,0,0.0000000000
0.1050000000,0.0550000000,0,0.0000000000
0.1050000000,0.0650000000,0,0.0000000000
0.1050000000,0.0750000000,0,0.0000000000
0.1050000000,0.0850000000,0,0.0000000000
0.1050000000,0.0950000000,0,0.0000000000
0.1050000000,0.1050000000,0,0.0000000000
0.1050000000,0.1150000000,0,0.0000000000
0.1050000000,0.1250000000,0,0.0000000000
0.1050000000,0.1350000000,0,0.0000000000
0.1050000000,0.1450000000,0,0.0000000000
0.1050000000,0.1550000000,0,0.0000000000
0.1050000000,0.1650000000,0,0.0000000000
0.1050000000,0.1750000000,0,0.0000000000
0.1050000000,0.1850000000,0,0.0000000000
0.1050000000,0.1950000000,0,0.0000000000
0.1050000000,0.2050000000,0,0.0000000000
0.1050000000,0.2150000000,0,0.0000000000
0.1050000000,0.2250000000,0,0.0000000000
0.1050000000,0.2350000000,0,0.0000000000
0.1050000000,0.2450000000,1,0.0000000200
0.1050000000,0.2550000000,141,0.0000028200
0.1050000000,0.2650000000,342,0.0000068400
0.1050000000,0.2750000000,757,0.0000151400
0.1050000000,0.2850000000,1248,0.0000249600
0.1050000000,0.2950000000,1662,0.0000332400
0.1050000000,0.3050000000,2177,0.0000435400
0.1050000000,0.3150000000,2651,0.0000530200
0.1050000000,0.3250000000,3035,0.0000607000
0.1050000000,0.3350000000,3494,0.0000698800
0.1050000000,0.3450000000,3821,0.0000764200
0.1050000000,0.3550000000,4116,0.0000823200
0.1050000000,0.3650000000,4391,0.0000878200
0.1050000000,0.3750000000,4496,0.0000899200
0.1050000000,0.3850000000,4675,0.0000935000
0.1050000000,0.3950000000,4941,0.0000988200
0.1050000000,0.4050000000,5040,0.0001008000
0.1050000000,0.4150000000,5115,0.0001023000
0.1050000000,0.4250000000,5104,0.0001020800
0.1050000000,0.4350000000,5137,0.0001027400
0.1050000000,0.4450000000,5394,0.0001078800
0.1050000000,0.4550000000,5284,0.0001056800
0.1050000000,0.4650000000,5473,0.0001094600
0.1050000000,0.4750000000,5744,0.0001148800
0.1050000000,0.4850000000,5861,0.0001172200
0.1050000000,0.4950000000,5938,0.0001187600
0.1050000000,0.5050000000,6013,0.0001202600
0.1050000000,0.5150000000,6273,0.0001254600
0.1050000000,0.5250000000,6447,0.0001289400
0.1050000000,0.5350000000,6741,0.0001348200
0.1050000000,0.5450000000,6929,0.0001385800
0.1050000000,0.5550000000,7269,0.0001453800
0.1050000000,0.5650000000,7569,0.0001513800
0.1050000000,0.5750000000,8043,0.0001608600
0.1050000000,0.5850000000,8578,0.0001715600
0.1050000000,0.5950000000,9522,0.0001904400
0.1050000000,0.6050000000,10679,0.0002135800
0.1050000000,0.6150000000,13483,0.0002696600
0.1050000000,0.6250000000,21635,0.0004327000
0.1050000000,0.6350000000,6735,0.0001347000
0.1050000000,0.6450000000,3783,0.0000756600
0.1050000000,0.6550000000,3928,0.0000785600
0.1050000000,0.6650000000,4125,0.0000825000
0.1050000000,0.6750000000,4314,0.0000862800
0.1050000000,0.6850000000,4525,0.0000905000
0.1050000000,0.6950000000,4847,0.0000969400
0.1050000000,0.7050000000,5144,0.0001028800
0.1050000000,0.7150000000,5524,0.0001104800
0.1050000000,0.7250000000,5969,0.0001193800
0.1050000000,0.7350000000,6510,0.0001302000
0.1050000000,0.7450000000,7508,0.0001501600
0.1050000000,0.7550000000,8975,0.0001795000
0.1050000000,0.7650000000,12260,0.0002452000
0.1050000000,0.7750000000,22136,0.0004427200
0.1050000000,0.7850000000,438,0.0000087600
0.1050000000,0.7950000000,0,0.0000000000
0.1050000000,0.8050000000,0,0.0000000000
0.1050000000,0.8150000000,0,0.0000000000
0.1050000000,0.8250000000,0,0.0000000000
0.1050000000,0.8350000000,0,0.0000000000
0.1050000000,0.8450000000,0,0.0000000000
0.1050000000,0.8550000000,0,0.0000000000
0.1050000000,0.8650000000,0,0.0000000000
0.1050000000,0.8750000000,0,0.0000000000
0.1050000000,0.8850000000,0,0.0000000000
0.1050000000,0.8950000000,0,0.0000000000
0.1050000000,0.9050000000,0,0.0000000000
0.1050000000,0.9150000000,0,0.0000000000
0.1050000000,0.9250000000,0,0.0000000000
0.1050000000,0.9350000000,0,0.0000000000
0.1050000000,0.9450000000,0,0.0000000000
0.1050000000,0.9550000000,0,0.0000000000
0.1050000000,0.9650000000,0,0.0000000000
0.1050000000,0.9750000000,0,0.0000000000
0.1050000000,0.9850000000,0,0.0000000000
0.1050000000,0.9950000000,0,0.0000000000
0.1150000000,0.0050000000,0,0.0000000000
0.1150000000,0.0150000000,0,0.0000000000
0.1150000000,0.0250000000,0,0.0000000000
0.1150000000,0.0350000000,0,0.0000000000
0.1150000000,0.0450000000,0,0.0000000000
0.1150000000,0.0550000000,0,0.0000000000
0.1150000000,0.0650000000,0,0.0000000000
0.1150000000,0.0750000000,0,0.0000000000
0.1150000000,0.0850000000,0,0.0000000000
0.1150000000,0.0950000000,0,0.0000000000
0.1150000000,0.1050000000,0,0.0000000000
0.1150000000,0.1150000000,0,0.0000000000
0.1150000000,0.1250000000,0,0.0000000000
0.1150000000,0.1350000000,0,0.0000000000
0.1150000000,0.1450000000,0,0.0000000000
0.1150000000,0.1550000000,0,0.0000000000
0.1150000000,0.1650000000,0,0.0000000000
0.1150000000,0.1750000000,0,0.0000000000
0.1150000000,0.1850000000,0,0.0000000000
0.1150000000,0.1950000000,0,0.0000000000
0.1150000000,0.2050000000,0,0.0000000000
0.1150000000,0.2150000000,0,0.0000000000
0.1150000000,0.2250000000,0,0.0000000000
0.1150000000,0.2350000000,0,0.0000000000
0.1150000000,0.2450000000,9,0.0000001800
0.1150000000,0.2550000000,165,0.0000033000
0.1150000000,0.2650000000,350,0.0000070000
0.1150000000,0.2750000000,764,0.0000152800
0.1150000000,0.2850000000,1304,0.0000260800
0.1150000000,0.2950000000,1692,0.0000338400
0.1150000000,0.3050000000,2103,0.0000420600
0.1150000000,0.3150000000,2638,0.0000527600
0.1150000000,0.3250000000,3097,0.0000619400
0.1150000000,0.3350000000,3328,0.0000665600
0.1150000000,0.3450000000,3721,0.0000744200
0.1150000000,0.3550000000,4197,0.0000839400
0.1150000000,0.3650000000,4321,0.0000864200
0.1150000000,0.3750000000,4593,0.0000918600
0.1150000000,0.3850000000,4603,0.0000920600
0.1150000000,0.3950000000,4859,0.0000971800
0.1150000000,0.4050000000,4869,0.0000973800
0.1150000000,0.4150000000,5057,0.0001011400
0.1150000000,0.4250000000,5135,0.0001027000
0.1150000000,0.4350000000,5221,0.0001044200
0.1150000000,0.4450000000,5240,0.0001048000
0.1150000000,0.4550000000,5508,0.0001101600
0.1150000000,0.4650000000,5327,0.0001065400
0.1150000000,0.4750000000,5562,0.0001112400
0.1150000000,0.4850000000,5688,0.0001137600
0.1150000000,0.4950000000,6057,0.0001211400
0.1150000000,0.5050000000,6149,0.0001229800
0.1150000000,0.5150000000,6352,0.0001270400
0.1150000000,0.5250000000,6469,0.0001293800
0.1150000000,0.5350000000,6602,0.0001320400
0.1150000000,0.5450000000,7138,0.0001427600
0.1150000000,0.5550000000,7382,0.0001476400
0.1150000000,0.5650000000,7872,0.0001574400
0.1150000000,0.5750000000,8307,0.0001661400
0.1150000000,0.5850000000,9129,0.0001825800
0.1150000000,0.5950000000,10192,0.0002038400
0.1150000000,0.6050000000,12258,0.0002451600
0.1150000000,0.6150000000,19965,0.0003993000
0.1150000000,0.6250000000,10207,0.0002041400
0.1150000000,0.6350000000,3745,0.0000749000
0.1150000000,0.6450000000,3736,0.0000747200
0.1150000000,0.6550000000,3802,0.0000760400
0.1150000000,0.6650000000,4052,0.0000810400
0.1150000000,0.6750000000,4215,0.0000843000
0.1150000000,0.6850000000,4348,0.0000869600
0.1150000000,0.6950000000,4699,0.0000939800
0.1150000000,0.7050000000,4914,0.0000982800
0.1150000000,0.7150000000,5272,0.0001054400
0.1150000000,0.7250000000,5722,0.0001144400
0.1150000000,0.7350000000,6123,0.0001224600
0.1150000000,0.7450000000,6902,0.0001380400
0.1150000000,0.7550000000,8079,0.0001615800
0.1150000000,0.7650000000,9980,0.0001996000
0.1150000000,0.7750000000,15296,0.0003059200
0.1150000000,0.7850000000,15542,0.0003108400
0.1150000000,0.7950000000,0,0.0000000000
0.1150000000,0.8050000000,0,0.0000000000
0.1150000000,0.8150000000,0,0.0000000000
0.1150000000,0.8250000000,0,0.0000000000
0.1150000000,0.8350000000,0,0.0000000000
0.1150000000,0.8450000000,0,0.0000000000
0.1150000000,0.8550000000,0,0.0000000000
0.1150000000,0.8650000000,0,0.0000000000
0.1150000000,0.8750000000,0,0.0000000000
0.1150000000,0.8850000000,0,0.0000000000
0.1150000000,0.8950000000,0,0.0000000000
0.1150000000,0.9050000000,0,0.0000000000
0.1150000000,0.9150000000,0,0.0000000000
0.1150000000,0.9250000000,0,0.0000000000
0.1150000000,0.9350000000,0,0.0000000000
0.1150000000,0.9450000000,0,0.0000000000
0.1150000000,0.9550000000,0,0.0000000000
0.1150000000,0.9650000000,0,0.0000000000
0.1150000000,0.9750000000,0,0.0000000000
0.1150000000,0.9850000000,0,0.0000000000
0.1150000000,0.9950000000,0,0.0000000000
0.1250000000,0.0050000000,0,0.0000000000
0.1250000000,0.0150000000,0,0.0000000000
0.1250000000,0.0250000000,0,0.0000000000
0.1250000000,0.0350000000,0,0.0000000000
0.1250000000,0.0450000000,0,0.0000000000
0.1250000000,0.0550000000,0,0.0000000000
0.1250000000,0.0650000000,0,0.0000000000
0.1250000000,0.0750000000,0,0.0000000000
0.1250000000,0.0850000000,0,0.0000000000
0.1250000000,0.0950000000,0,0.0000000000
0.1250000000,0.1050000000,0,0.0000000000
0.1250000000,0.1150000000,0,0.0000000000
0.1250000000,0.1250000000,0,0.0000000000
0.1250000000,0.1350000000,0,0.0000000000
0.1250000000,0.1450000000,0,0.0000000000
0.1250000000,0.1550000000,0,0.0000000000
0.1250000000,0.1650000000,0,0.0000000000
0.1250000000,0.1750000000,0,0.0000000000
0.1250000000,0.1850000000,0,0.0000000000
0.1250000000,0.1950000000,0,0.0000000000
0.1250000000,0.2050000000,0,0.0000000000
0.1250000000,0.2150000000,0,0.0000000000
0.1250000000,0.2250000000,0,0.0000000000
0.1250000000,0.2350000000,0,0.0000000000
0.1250000000,0.2450000000,21,0.0000004200
0.1250000000,0.2550000000,168,0.0000033600
0.1250000000,0.2650000000,371,0.0000074200
0.1250000000,0.2750000000,724,0.0000144800
0.1250000000,0.2850000000,1254,0.0000250800
0.1250000000,0.2950000000,1643,0.0000328600
0.1250000000,0.3050000000,2161,0.0000432200
0.1250000000,0.3150000000,2618,0.0000523600
0.1250000000,0.3250000000,3094,0.0000618800
0.1250000000,0.3350000000,3402,0.0000680400
0.1250000000,0.3450000000,3663,0.0000732600
0.1250000000,0.3550000000,4010,0.0000802000
0.1250000000,0.3650000000,4189,0.0000837800
0.1250000000,0.3750000000,4479,0.0000895800
0.1250000000,0.3850000000,4683,0.0000936600
0.1250000000,0.3950000000,4754,0.0000950800
0.1250000000,0.4050000000,4913,0.0000982600
0.1250000000,0.4150000000,4940,0.0000988000
0.1250000000,0.4250000000,5100,0.0001020000
0.1250000000,0.4350000000,5125,0.0001025000
0.1250000000,0.4450000000,5443,0.0001088600
0.1250000000,0.4550000000,5337,0.0001067400
0.1250000000,0.4650000000,5589,0.0001117800
0.1250000000,0.4750000000,5743,0.0001148600
0.1250000000,0.4850000000,5709,0.0001141800
0.1250000000,0.4950000000,5814,0.0001162800
0.1250000000,0.5050000000,6108,0.0001221600
0.1250000000,0.5150000000,6327,0.0001265400
0.1250000000,0.5250000000,6621,0.0001324200
0.1250000000,0.5350000000,6839,0.0001367800
0.1250000000,0.5450000000,7251,0.0001450200
0.1250000000,0.5550000000,7491,0.0001498200
0.1250000000,0.5650000000,8172,0.0001634400
0.1250000000,0.5750000000,8745,0.0001749000
0.1250000000,0.5850000000,9807,0.0001961400
0.1250000000,0.5950000000,11531,0.0002306200
0.1250000000,0.6050000000,17214,0.0003442800
0.1250000000,0.6150000000,14463,0.0002892600
0.1250000000,0.6250000000,3536,0.0000707200
0.1250000000,0.6350000000,3550,0.0000710000
0.1250000000,0.6450000000,3610,0.0000722000
0.1250000000,0.6550000000,3802,0.0000760400
0.1250000000,0.6650000000,3932,0.0000786400
0.1250000000,0.6750000000,4120,0.0000824000
0.1250000000,0.6850000000,4278,0.0000855600
0.1250000000,0.6950000000,4500,0.0000900000
0.1250000000,0.7050000000,4811,0.0000962200
0.1250000000,0.7150000000,4974,0.0000994800
0.1250000000,0.7250000000,5495,0.0001099000
0.1250000000,0.7350000000,5857,0.0001171400
0.1250000000,0.7450000000,6399,0.0001279800
0.1250000000,0.7550000000,7229,0.0001445800
0.1250000000,0.7650000000,8472,0.0001694400
0.1250000000,0.7750000000,11362,0.0002272400
0.1250000000,0.7850000000,21531,0.0004306200
0.1250000000,0.7950000000,4814,0.0000962800
0.1250000000,0.8050000000,0,0.0000000000
0.1250000000,0.8150000000,0,0.0000000000
0.1250000000,0.8250000000,0,0.0000000000
0.1250000000,0.8350000000,0,0.0000000000
0.1250000000,0.8450000000,0,0.0000000000
0.1250000000,0.8550000000,0,0.0000000000
0.1250000000,0.8650000000,0,0.0000000000
0.1250000000,0.8750000000,0,0.0000000000
0.1250000000,0.8850000000,0,0.0000000000
0.1250000000,0.8950000000,0,0.0000000000
0.1250000000,0.9050000000,0,0.0000000000
0.1250000000,0.9150000000,0,0.0000000000
0.1250000000,0.9250000000,0,0.0000000000
0.1250000000,0.9350000000,0,0.0000000000
0.1250000000,0.9450000000,0,0.0000000000
0.1250000000,0.9550000000,0,0.0000000000
0.1250000000,0.9650000000,0,0.0000000000
0.1250000000,0.9750000000,0,0.0000000000
0.1250000000,0.9850000000,0,0.0000000000
0.1250000000,0.9950000000,0,0.0000000000
0.1350000000,0.0050000000,0,0.0000000000
0.1350000000,0.0150000000,0,0.0000000000
0.1350000000,0.0250000000,0,0.0000000000
0.1350000000,0.0350000000,0,0.0000000000
0.1350000000,0.0450000000,0,0.0000000000
0.1350000000,0.0550000000,0,0.0000000000
0.1350000000,0.0650000000,0,0.0000000000
0.1350000000,0.0750000000,0,0.0000000000
0.1350000000,0.0850000000,0,0.0000000000
0.1350000000,0.0950000000,0,0.0000000000
0.1350000000,0.1050000000,0,0.0000000000
0.1350000000,0.1150000000,0,0.0000000000
0.1350000000,0.1250000000,0,0.0000000000
0.1350000000,0.1350000000,0,0.0000000000
0.1350000000,0.1450000000,0,0.0000000000
0.1350000000,0.1550000000,0,0.0000000000
0.1350000000,0.1650000000,0,0.0000000000
0.1350000000,0.1750000000,0,0.0000000000
0.1350000000,0.1850000000,0,0.0000000000
0.1350000000,0.1950000000,0,0.0000000000
0.1350000000,0.2050000000,0,0.0000000000
0.1350000000,0.2150000000,0,0.0000000000
0.1350000000,0.2250000000,0,0.0000000000
0.1350000000,0.2350000000,0,0.0000000000
0.1350000000,0.2450000000,29,0.0000005800
0.1350000000,0.2550000000,191,0.0000038200
0.1350000000,0.2650000000,394,0.0000078800
0.1350000000,0.2750000000,696,0.0000139200
0.1350000000,0.2850000000,1216,0.0000243200
0.1350000000,0.2950000000,1746,0.0000349200
0.1350000000,0.3050000000,2170,0.0000434000
0.1350000000,0.3150000000,2607,0.0000521400
0.1350000000,0.3250000000,3051,0.0000610200
0.1350000000,0.3350000000,3382,0.0000676400
0.1350000000,0.3450000000,3700,0.0000740000
0.1350000000,0.3550000000,3926,0.0000785200
0.1350000000,0.3650000000,4118,0.0000823600
0.1350000000,0.3750000000,4397,0.0000879400
0.1350000000,0.3850000000,4574,0.0000914800
0.1350000000,0.3950000000,4735,0.0000947000
0.1350000000,0.4050000000,4798,0.0000959600
0.1350000000,0.4150000000,5028,0.0001005600
0.1350000000,0.4250000000,5193,0.0001038600
0.1350000000,0.4350000000,4988,0.0000997600
0.1350000000,0.4450000000,5188,0.0001037600
0.1350000000,0.4550000000,5443,0.0001088600
0.1350000000,0.4650000000,5531,0.0001106200
0.1350000000,0.4750000000,5562,0.0001112400
0.1350000000,0.4850000000,5816,0.0001163200
0.1350000000,0.4950000000,6042,0.0001208400
0.1350000000,0.5050000000,6142,0.0001228400
0.1350000000,0.5150000000,6432,0.0001286400
0.1350000000,0.5250000000,6775,0.0001355000
0.1350000000,0.5350000000,6969,0.0001393800
0.1350000000,0.5450000000,7360,0.0001472000
0.1350000000,0.5550000000,7976,0.0001595200
0.1350000000,0.5650000000,8345,0.0001669000
0.1350000000,0.5750000000,9289,0.0001857800
0.1350000000,0.5850000000,10771,0.0002154200
0.1350000000,0.5950000000,14607,0.0002921400
0.1350000000,0.6050000000,18350,0.0003670000
0.1350000000,0.6150000000,3381,0.0000676200
0.1350000000,0.6250000000,3410,0.0000682000
0.1350000000,0.6350000000,3547,0.0000709400
0.1350000000,0.6450000000,3705,0.0000741000
0.1350000000,0.6550000000,3685,0.0000737000
0.1350000000,0.6650000000,3913,0.0000782600
0.1350000000,0.6750000000,3974,0.0000794800
0.1350000000,0.6850000000,4100,0.0000820000
0.1350000000,0.6950000000,4365,0.0000873000
0.1350000000,0.7050000000,4593,0.0000918600
0.1350000000,0.7150000000,4812,0.0000962400
0.1350000000,0.7250000000,5186,0.0001037200
0.1350000000,0.7350000000,5595,0.0001119000
0.1350000000,0.7450000000,6036,0.0001207200
0.1350000000,0.7550000000,6656,0.0001331200
0.1350000000,0.7650000000,7807,0.0001561400
0.1350000000,0.7750000000,9349,0.0001869800
0.1350000000,0.7850000000,13163,0.0002632600
0.1350000000,0.7950000000,20806,0.0004161200
0.1350000000,0.8050000000,0,0.0000000000
0.1350000000,0.8150000000,0,0.0000000000
0.1350000000,0.8250000000,0,0.0000000000
0.1350000000,0.8350000000,0,0.0000000000
0.1350000000,0.8450000000,0,0.0000000000
0.1350000000,0.8550000000,0,0.0000000000
0.1350000000,0.8650000000,0,0.0000000000
0.1350000000,0.8750000000,0,0.0000000000
0.1350000000,0.8850000000,0,0.0000000000
0.1350000000,0.8950000000,0,0.0000000000
0.1350000000,0.9050000000,0,0.0000000000
0.1350000000,0.9150000000,0,0.0000000000
0.1350000000,0.9250000000,0,0.0000000000
0.1350000000,0.9350000000,0,0.0000000000
0.1350000000,0.9450000000,0,0.0000000000
0.1350000000,0.9550000000,0,0.0000000000
0.1350000000,0.9650000000,0,0.0000000000
0.1350000000,0.9750000000,0,0.0000000000
0.1350000000,0.9850000000,0,0.0000000000
0.1350000000,0.9950000000,0,0.0000000000
0.1450000000,0.0050000000,0,0.0000000000
0.1450000000,0.0150000000,0,0.0000000000
0.1450000000,0.0250000000,0,0.0000000000
0.1450000000,0.0350000000,0,0.0000000000
0.1450000000,0.0450000000,0,0.0000000000
0.1450000000,0.0550000000,0,0.0000000000
0.1450000000,0.0650000000,0,0.0000000000
0.1450000000,0.0750000000,0,0.0000000000
0.1450000000,0.0850000000,0,0.0000000000
0.1450000000,0.0950000000,0,0.0000000000
0.1450000000,0.1050000000,0,0.0000000000
0.1450000000,0.1150000000,0,0.0000000000
0.1450000000,0.1250000000,0,0.0000000000
0.1450000000,0.1350000000,0,0.0000000000
0.1450000000,0.1450000000,0,0.0000000000
0.1450000000,0.1550000000,0,0.0000000000
0.1450000000,0.1650000000,0,0.0000000000
0.1450000000,0.1750000000,0,0.0000000000
0.1450000000,0.1850000000,0,0.0000000000
0.1450000000,0.1950000000,0,0.0000000000
0.1450000000,0.2050000000,0,0.0000000000
0.1450000000,0.2150000000,0,0.0000000000
0.1450000000,0.2250000000,0,0.0000000000
0.1450000000,0.2350000000,0,0.0000000000
0.1450000000,0.2450000000,50,0.0000010000
0.1450000000,0.2550000000,207,0.0000041400
0.1450000000,0.2650000000,407,0.0000081400
0.1450000000,0.2750000000,760,0.0000152000
0.1450000000,0.2850000000,1188,0.0000237600
0.1450000000,0.2950000000,1629,0.0000325800
0.1450000000,0.3050000000,2069,0.0000413800
0.1450000000,0.3150000000,2616,0.0000523200
0.1450000000,0.3250000000,3043,0.0000608600
0.1450000000,0.3350000000,3388,0.0000677600
0.1450000000,0.3450000000,3644,0.0000728800
0.1450000000,0.3550000000,3942,0.0000788400
0.1450000000,0.3650000000,4180,0.0000836000
0.1450000000,0.3750000000,4309,0.0000861800
0.1450000000,0.3850000000,4562,0.0000912400
0.1450000000,0.3950000000,4726,0.0000945200
0.1450000000,0.4050000000,4836,0.0000967200
0.1450000000,0.4150000000,4869,0.0000973800
0.1450000000,0.4250000000,5128,0.0001025600
0.1450000000,0.4350000000,5089,0.0001017800
0.1450000000,0.4450000000,5258,0.0001051600
0.1450000000,0.4550000000,5376,0.0001075200
0.1450000000,0.4650000000,5493,0.0001098600
0.1450000000,0.4750000000,5639,0.0001127800
0.1450000000,0.4850000000,5884,0.0001176800
0.1450000000,0.4950000000,5998,0.0001199600
0.1450000000,0.5050000000,6229,0.0001245800
0.1450000000,0.5150000000,6524,0.0001304800
0.1450000000,0.5250000000,6839,0.0001367800
0.1450000000,0.5350000000,7291,0.0001458200
0.1450000000,0.5450000000,7522,0.0001504400
0.1450000000,0.5550000000,8239,0.0001647800
0.1450000000,0.5650000000,8838,0.0001767600
0.1450000000,0.5750000000,10212,0.0002042400
0.1450000000,0.5850000000,13245,0.0002649000
0.1450000000,0.5950000000,20102,0.0004020400
0.1450000000,0.6050000000,3796,0.0000759200
0.1450000000,0.6150000000,3187,0.0000637400
0.1450000000,0.6250000000,3349,0.0000669800
0.1450000000,0.6350000000,3534,0.0000706800
0.1450000000,0.6450000000,3625,0.0000725000
0.1450000000,0.6550000000,3742,0.0000748400
0.1450000000,0.6650000000,3799,0.0000759800
0.1450000000,0.6750000000,4020,0.0000804000
0.1450000000,0.6850000000,4068,0.0000813600
0.1450000000,0.6950000000,4274,0.0000854800
0.1450000000,0.7050000000,4532,0.0000906400
0.1450000000,0.7150000000,4745,0.0000949000
0.1450000000,0.7250000000,4915,0.0000983000
0.1450000000,0.7350000000,5279,0.0001055800
0.1450000000,0.7450000000,5746,0.0001149200
0.1450000000,0.7550000000,6325,0.0001265000
0.1450000000,0.7650000000,7262,0.0001452400
0.1450000000,0.7750000000,8240,0.0001648000
0.1450000000,0.7850000000,10416,0.0002083200
0.1450000000,0.7950000000,18708,0.0003741600
0.1450000000,0.8050000000,11220,0.0002244000
0.1450000000,0.8150000000,0,0.0000000000
0.1450000000,0.8250000000,0,0.0000000000
0.1450000000,0.8350000000,0,0.0000000000
0.1450000000,0.8450000000,0,0.0000000000
0.1450000000,0.8550000000,0,0.0000000000
0.1450000000,0.8650000000,0,0.0000000000
0.1450000000,0.8750000000,0,0.0000000000
0.1450000000,0.8850000000,0,0.0000000000
0.1450000000,0.8950000000,0,0.0000000000
0.1450000000,0.9050000000,0,0.0000000000
0.1450000000,0.9150000000,0,0.0000000000
0.1450000000,0.9250000000,0,0.0000000000
0.1450000000,0.9350000000,0,0.0000000000
0.1450000000,0.9450000000,0,0.0000000000
0.1450000000,0.9550000000,0,0.0000000000
0.1450000000,0.9650000000,0,0.0000000000
0.1450000000,0.9750000000,0,0.0000000000
0.1450000000,0.9850000000,0,0.0000000000
0.1450000000,0.9950000000,0,0.0000000000
0.1550000000,0.0050000000,0,0.0000000000
0.1550000000,0.0150000000,0,0.0000000000
0.1550000000,0.0250000000,0,0.0000000000
0.1550000000,0.0350000000,0,0.0000000000
0.1550000000,0.0450000000,0,0.0000000000
0.1550000000,0.0550000000,0,0.0000000000
0.1550000000,0.0650000000,0,0.0000000000
0.1550000000,0.0750000000,0,0.0000000000
0.1550000000,0.0850000000,0,0.0000000000
0.1550000000,0.0950000000,0,0.0000000000
0.1550000000,0.1050000000,0,0.0000000000
0.1550000000,0.1150000000,0,0.0000000000
0.1550000000,0.1250000000,0,0.0000000000
0.1550000000,0.1350000000,0,0.0000000000
0.1550000000,0.1450000000,0,0.0000000000
0.1550000000,0.1550000000,0,0.0000000000
0.1550000000,0.1650000000,0,0.0000000000
0.1550000000,0.1750000000,0,0.0000000000
0.1550000000,0.1850000000,0,0.0000000000
0.1550000000,0.1950000000,0,0.0000000000
0.1550000000,0.2050000000,0,0.0000000000
0.1550000000,0.2150000000,0,0.0000000000
0.1550000000,0.2250000000,0,0.0000000000
0.1550000000,0.2350000000,0,0.0000000000
0.1550000000,0.2450000000,73,0.0000014600
0.1550000000,0.2550000000,234,0.0000046800
0.1550000000,0.2650000000,418,0.0000083600
0.1550000000,0.2750000000,723,0.0000144600
0.1550000000,0.2850000000,1159,0.0000231800
0.1550000000,0.2950000000,1715,0.0000343000
0.1550000000,0.3050000000,2103,0.0000420600
0.1550000000,0.3150000000,2529,0.0000505800
0.1550000000,0.3250000000,2929,0.0000585800
0.1550000000,0.3350000000,3311,0.0000662200
0.1550000000,0.3450000000,3733,0.0000746600
0.1550000000,0.3550000000,3903,0.0000780600
0.1550000000,0.3650000000,4061,0.0000812200
0.1550000000,0.3750000000,4294,0.0000858800
0.1550000000,0.3850000000,4432,0.0000886400
0.1550000000,0.3950000000,4655,0.0000931000
0.1550000000,0.4050000000,4904,0.0000980800
0.1550000000,0.4150000000,4813,0.0000962600
0.1550000000,0.4250000000,5124,0.0001024800
0.1550000000,0.4350000000,5221,0.0001044200
0.1550000000,0.4450000000,5238,0.0001047600
0.1550000000,0.4550000000,5410,0.0001082000
0.1550000000,0.4650000000,5557,0.0001111400
0.1550000000,0.4750000000,5735,0.0001147000
0.1550000000,0.4850000000,5816,0.0001163200
0.1550000000,0.4950000000,6213,0.0001242600
0.1550000000,0.5050000000,6408,0.0001281600
0.1550000000,0.5150000000,6603,0.0001320600
0.1550000000,0.5250000000,6846,0.0001369200
0.1550000000,0.5350000000,7421,0.0001484200
0.1550000000,0.5450000000,7771,0.0001554200
0.1550000000,0.5550000000,8692,0.0001738400
0.1550000000,0.5650000000,9867,0.0001973400
0.1550000000,0.5750000000,12247,0.0002449400
0.1550000000,0.5850000000,19779,0.0003955800
0.1550000000,0.5950000000,5920,0.0001184000
0.1550000000,0.6050000000,3247,0.0000649400
0.1550000000,0.6150000000,3303,0.0000660600
0.1550000000,0.6250000000,3293,0.0000658600
0.1550000000,0.6350000000,3459,0.0000691800
0.1550000000,0.6450000000,3488,0.0000697600
0.1550000000,0.6550000000,3698,0.0000739600
0.1550000000,0.6650000000,3781,0.0000756200
0.1550000000,0.6750000000,3856,0.0000771200
0.1550000000,0.6850000000,4033,0.0000806600
0.1550000000,0.6950000000,4150,0.0000830000
0.1550000000,0.7050000000,4441,0.0000888200
0.1550000000,0.7150000000,4531,0.0000906200
0.1550000000,0.7250000000,4819,0.0000963800
0.1550000000,0.7350000000,5215,0.0001043000
0.1550000000,0.7450000000,5473,0.0001094600
0.1550000000,0.7550000000,5899,0.0001179800
0.1550000000,0.7650000000,6567,0.0001313400
0.1550000000,0.7750000000,7496,0.0001499200
0.1550000000,0.7850000000,8967,0.0001793400
0.1550000000,0.7950000000,12204,0.0002440800
0.1550000000,0.8050000000,22835,0.0004567000
0.1550000000,0.8150000000,1168,0.0000233600
0.1550000000,0.8250000000,0,0.0000000000
0.1550000000,0.8350000000,0,0.0000000000
0.1550000000,0.8450000000,0,0.0000000000
0.1550000000,0.8550000000,0,0.0000000000
0.1550000000,0.8650000000,0,0.0000000000
0.1550000000,0.8750000000,0,0.0000000000
0.1550000000,0.8850000000,0,0.0000000000
0.1550000000,0.8950000000,0,0.0000000000
0.1550000000,0.9050000000,0,0.0000000000
0.1550000000,0.9150000000,0,0.0000000000
0.1550000000,0.9250000000,0,0.0000000000
0.1550000000,0.9350000000,0,0.0000000000
0.1550000000,0.9450000000,0,0.0000000000
0.1550000000,0.9550000000,0,0.0000000000
0.1550000000,0.9650000000,0,0.0000000000
0.1550000000,0.9750000000,0,0.0000000000
0.1550000000,0.9850000000,0,0.0000000000
0.1550000000,0.9950000000,0,0.0000000000
0.1650000000,0.0050000000,0,0.0000000000
0.1650000000,0.0150000000,0,0.0000000000
0.1650000000,0.0250000000,0,0.0000000000
0.1650000000,0.0350000000,0,0.0000000000
0.1650000000,0.0450000000,0,0.0000000000
0.1650000000,0.0550000000,0,0.0000000000
0.1650000000,0.0650000000,0,0.0000000000
0.1650000000,0.0750000000,0,0.0000000000
0.1650000000,0.0850000000,0,0.0000000000
0.1650000000,0.0950000000,0,0.0000000000
0.1650000000,0.1050000000,0,0.0000000000
0.1650000000,0.1150000000,0,0.0000000000
0.1650000000,0.1250000000,0,0.0000000000
0.1650000000,0.1350000000,0,0.0000000000
0.1650000000,0.1450000000,0,0.0000000000
0.1650000000,0.1550000000,0,0.0000000000
0.1650000000,0.1650000000,0,0.0000000000
0.1650000000,0.1750000000,0,0.0000000000
0.1650000000,0.1850000000,0,0.0000000000
0.1650000000,0.1950000000,0,0.0000000000
0.1650000000,0.2050000000,0,0.0000000000
0.1650000000,0.2150000000,0,0.0000000000
0.1650000000,0.2250000000,0,0.0000000000
0.1650000000,0.2350000000,0,0.0000000000
0.1650000000,0.2450000000,101,0.0000020200
0.1650000000,0.2550000000,261,0.0000052200
0.1650000000,0.2650000000,448,0.0000089600
0.1650000000,0.2750000000,747,0.0000149400
0.1650000000,0.2850000000,1197,0.0000239400
0.1650000000,0.2950000000,1603,0.0000320600
0.1650000000,0.3050000000,2092,0.0000418400
0.1650000000,0.3150000000,2466,0.0000493200
0.1650000000,0.3250000000,2899,0.0000579800
0.1650000000,0.3350000000,3333,0.0000666600
0.1650000000,0.3450000000,3570,0.0000714000
0.1650000000,0.3550000000,3905,0.0000781000
0.1650000000,0.3650000000,4041,0.0000808200
0.1650000000,0.3750000000,4258,0.0000851600
0.1650000000,0.3850000000,4456,0.0000891200
0.1650000000,0.3950000000,4589,0.0000917800
0.1650000000,0.4050000000,4786,0.0000957200
0.1650000000,0.4150000000,4763,0.0000952600
0.1650000000,0.4250000000,5046,0.0001009200
0.1650000000,0.4350000000,5142,0.0001028400
0.1650000000,0.4450000000,5345,0.0001069000
0.1650000000,0.4550000000,5391,0.0001078200
0.1650000000,0.4650000000,5564,0.0001112800
0.1650000000,0.4750000000,5610,0.0001122000
0.1650000000,0.4850000000,5909,0.0001181800
0.1650000000,0.4950000000,6150,0.0001230000
0.1650000000,0.5050000000,6507,0.0001301400
0.1650000000,0.5150000000,6681,0.0001336200
0.1650000000,0.5250000000,7105,0.0001421000
0.1650000000,0.5350000000,7700,0.0001540000
0.1650000000,0.5450000000,8171,0.0001634200
0.1650000000,0.5550000000,9389,0.0001877800
0.1650000000,0.5650000000,11258,0.0002251600
0.1650000000,0.5750000000,18376,0.0003675200
0.1650000000,0.5850000000,8640,0.0001728000
0.1650000000,0.5950000000,3134,0.0000626800
0.1650000000,0.6050000000,3144,0.0000628800
0.1650000000,0.6150000000,3266,0.0000653200
0.1650000000,0.6250000000,3315,0.0000663000
0.1650000000,0.6350000000,3412,0.0000682400
0.1650000000,0.6450000000,3427,0.0000685400
0.1650000000,0.6550000000,3518,0.0000703600
0.1650000000,0.6650000000,3612,0.0000722400
0.1650000000,0.6750000000,3792,0.0000758400
0.1650000000,0.6850000000,4036,0.0000807200
0.1650000000,0.6950000000,4024,0.0000804800
0.1650000000,0.7050000000,4211,0.0000842200
0.1650000000,0.7150000000,4366,0.0000873200
0.1650000000,0.7250000000,4558,0.0000911600
0.1650000000,0.7350000000,4944,0.0000988800
0.1650000000,0.7450000000,5276,0.0001055200
0.1650000000,0.7550000000,5598,0.0001119600
0.1650000000,0.7650000000,6193,0.0001238600
0.1650000000,0.7750000000,6831,0.0001366200
0.1650000000,0.7850000000,8101,0.0001620200
0.1650000000,0.7950000000,9765,0.0001953000
0.1650000000,0.8050000000,15122,0.0003024400
0.1650000000,0.8150000000,16786,0.0003357200
0.1650000000,0.8250000000,0,0.0000000000
0.1650000000,0.8350000000,0,0.0000000000
0.1650000000,0.8450000000,0,0.0000000000
0.1650000000,0.8550000000,0,0.0000000000
0.1650000000,0.8650000000,0,0.0000000000
0.1650000000,0.8750000000,0,0.0000000000
0.1650000000,0.8850000000,0,0.0000000000
0.1650000000,0.8950000000,0,0.0000000000
0.1650000000,0.9050000000,0,0.0000000000
0.1650000000,0.9150000000,0,0.0000000000
0.1650000000,0.9250000000,0,0.0000000000
0.1650000000,0.9350000000,0,0.0000000000
0.1650000000,0.9450000000,0,0.0000000000
0.1650000000,0.9550000000,0,0.0000000000
0.1650000000,0.9650000000,0,0.0000000000
0.1650000000,0.9750000000,0,0.0000000000
0.1650000000,0.9850000000,0,0.0000000000
0.1650000000,0.9950000000,0,0.0000000000
0.1750000000,0.0050000000,0,0.0000000000
0.1750000000,0.0150000000,0,0.0000000000
0.1750000000,0.0250000000,0,0.0000000000
0.1750000000,0.0350000000,0,0.0000000000
0.1750000000,0.0450000000,0,0.0000000000
0.1750000000,0.0550000000,0,0.0000000000
0.1750000000,0.0650000000,0,0.0000000000
0.1750000000,0.0750000000,0,0.0000000000
0.1750000000,0.0850000000,0,0.0000000000
0.1750000000,0.0950000000,0,0.0000000000
0.1750000000,0.1050000000,0,0.0000000000
0.1750000000,0.1150000000,0,0.0000000000
0.1750000000,0.1250000000,0,0.0000000000
0.1750000000,0.1350000000,0,0.0000000000
0.1750000000,0.1450000000,0,0.0000000000
0.1750000000,0.1550000000,0,0.0000000000
0.1750000000,0.1650000000,0,0.0000000000
0.1750000000,0.1750000000,0,0.0000000000
0.1750000000,0.1850000000,0,0.0000000000
0.1750000000,0.1950000000,0,0.0000000000
0.1750000000,0.2050000000,0,0.0000000000
0.1750000000,0.2150000000,0,0.0000000000
0.1750000000,0.2250000000,0,0.0000000000
0.1750000000,0.2350000000,4,0.0000000800
0.1750000000,0.2450000000,109,0.0000021800
0.1750000000,0.2550000000,230,0.0000046000
0.1750000000,0.2650000000,441,0.0000088200
0.1750000000,0.2750000000,724,0.0000144800
0.1750000000,0.2850000000,1159,0.0000231800
0.1750000000,0.2950000000,1636,0.0000327200
0.1750000000,0.3050000000,2117,0.0000423400
0.1750000000,0.3150000000,2441,0.0000488200
0.1750000000,0.3250000000,2964,0.0000592800
0.1750000000,0.3350000000,3311,0.0000662200
0.1750000000,0.3450000000,3631,0.0000726200
0.1750000000,0.3550000000,3656,0.0000731200
0.1750000000,0.3650000000,3965,0.0000793000
0.1750000000,0.3750000000,4355,0.0000871000
0.1750000000,0.3850000000,4409,0.0000881800
0.1750000000,0.3950000000,4632,0.0000926400
0.1750000000,0.4050000000,4772,0.0000954400
0.1750000000,0.4150000000,4807,0.0000961400
0.1750000000,0.4250000000,5017,0.0001003400
0.1750000000,0.4350000000,5208,0.0001041600
0.1750000000,0.4450000000,5234,0.0001046800
0.1750000000,0.4550000000,5341,0.0001068200
0.1750000000,0.4650000000,5627,0.0001125400
0.1750000000,0.4750000000,5886,0.0001177200
0.1750000000,0.4850000000,6043,0.0001208600
0.1750000000,0.4950000000,6176,0.0001235200
0.1750000000,0.5050000000,6349,0.0001269800
0.1750000000,0.5150000000,6858,0.0001371600
0.1750000000,0.5250000000,7557,0.0001511400
0.1750000000,0.5350000000,8058,0.0001611600
0.1750000000,0.5450000000,8882,0.0001776400
0.1750000000,0.5550000000,10756,0.0002151200
0.1750000000,0.5650000000,16717,0.0003343400
0.1750000000,0.5750000000,11631,0.0002326200
0.1750000000,0.5850000000,3091,0.0000618200
0.1750000000,0.5950000000,3115,0.0000623000
0.1750000000,0.6050000000,3201,0.0000640200
0.1750000000,0.6150000000,3195,0.0000639000
0.1750000000,0.6250000000,3295,0.0000659000
0.1750000000,0.6350000000,3265,0.0000653000
0.1750000000,0.6450000000,3497,0.0000699400
0.1750000000,0.6550000000,3518,0.0000703600
0.1750000000,0.6650000000,3630,0.0000726000
0.1750000000,0.6750000000,3740,0.0000748000
0.1750000000,0.6850000000,3828,0.0000765600
0.1750000000,0.6950000000,4021,0.0000804200
0.1750000000,0.7050000000,4178,0.0000835600
0.1750000000,0.7150000000,4438,0.0000887600
0.1750000000,0.7250000000,4570,0.0000914000
0.1750000000,0.7350000000,4674,0.0000934800
0.1750000000,0.7450000000,5019,0.0001003800
0.1750000000,0.7550000000,5461,0.0001092200
0.1750000000,0.7650000000,5938,0.0001187600
0.1750000000,0.7750000000,6593,0.0001318600
0.1750000000,0.7850000000,7326,0.0001465200
0.1750000000,0.7950000000,8758,0.0001751600
0.1750000000,0.8050000000,11496,0.0002299200
0.1750000000,0.8150000000,22409,0.0004481800
0.1750000000,0.8250000000,4614,0.0000922800
0.1750000000,0.8350000000,0,0.0000000000
0.1750000000,0.8450000000,0,0.0000000000
0.1750000000,0.8550000000,0,0.0000000000
0.1750000000,0.8650000000,0,0.0000000000
0.1750000000,0.8750000000,0,0.0000000000
0.1750000000,0.8850000000,0,0.0000000000
0.1750000000,0.8950000000,0,0.0000000000
0.1750000000,0.9050000000,0,0.0000000000
0.1750000000,0.9150000000,0,0.0000000000
0.1750000000,0.9250000000,0,0.0000000000
0.1750000000,0.9350000000,0,0.0000000000
0.1750000000,0.9450000000,0,0.0000000000
0.1750000000,0.9550000000,0,0.0000000000
0.1750000000,0.9650000000,0,0.0000000000
0.1750000000,0.9750000000,0,0.0000000000
0.1750000000,0.9850000000,0,0.0000000000
0.1750000000,0.9950000000,0,0.0000000000
0.1850000000,0.0050000000,0,0.0000000000
0.1850000000,0.0150000000,0,0.0000000000
0.1850000000,0.0250000000,0,0.0000000000
0.1850000000,0.0350000000,0,0.0000000000
0.1850000000,0.0450000000,0,0.0000000000
0.1850000000,0.0550000000,0,0.0000000000
0.1850000000,0.0650000000,0,0.0000000000
0.1850000000,0.0750000000,0,0.0000000000
0.1850000000,0.0850000000,0,0.0000000000
0.1850000000,0.0950000000,0,0.0000000000
0.1850000000,0.1050000000,0,0.0000000000
0.1850000000,0.1150000000,0,0.0000000000
0.1850000000,0.1250000000,0,0.0000000000
0.1850000000,0.1350000000,0,0.0000000000
0.1850000000,0.1450000000,0,0.0000000000
0.1850000000,0.1550000000,0,0.0000000000
0.1850000000,0.1650000000,0,0.0000000000
0.1850000000,0.1750000000,0,0.0000000000
0.1850000000,0.1850000000,0,0.0000000000
0.1850000000,0.1950000000,0,0.0000000000
0.1850000000,0.2050000000,0,0.0000000000
0.1850000000,0.2150000000,0,0.0000000000
0.1850000000,0.2250000000,0,0.0000000000
0.1850000000,0.2350000000,18,0.0000003600
0.1850000000,0.2450000000,110,0.0000022000
0.1850000000,0.2550000000,268,0.0000053600
0.1850000000,0.2650000000,438,0.0000087600
0.1850000000,0.2750000000,663,0.0000132600
0.1850000000,0.2850000000,1173,0.0000234600
0.1850000000,0.2950000000,1600,0.0000320000
0.1850000000,0.3050000000,2007,0.0000401400
0.1850000000,0.3150000000,2574,0.0000514800
0.1850000000,0.3250000000,2992,0.0000598400
0.1850000000,0.3350000000,3275,0.0000655000
0.1850000000,0.3450000000,3555,0.0000711000
0.1850000000,0.3550000000,3679,0.0000735800
0.1850000000,0.3650000000,4058,0.0000811600
0.1850000000,0.3750000000,4188,0.0000837600
0.1850000000,0.3850000000,4361,0.0000872200
0.1850000000,0.3950000000,4480,0.0000896000
0.1850000000,0.4050000000,4621,0.0000924200
0.1850000000,0.4150000000,4939,0.0000987800
0.1850000000,0.4250000000,4957,0.0000991400
0.1850000000,0.4350000000,5143,0.0001028600
0.1850000000,0.4450000000,5379,0.0001075800
0.1850000000,0.4550000000,5428,0.0001085600
0.1850000000,0.4650000000,5570,0.0001114000
0.1850000000,0.4750000000,5911,0.0001182200
0.1850000000,0.4850000000,6011,0.0001202200
0.1850000000,0.4950000000,6272,0.0001254400
0.1850000000,0.5050000000,6647,0.0001329400
0.1850000000,0.5150000000,7291,0.0001458200
0.1850000000,0.5250000000,7712,0.0001542400
0.1850000000,0.5350000000,8748,0.0001749600
0.1850000000,0.5450000000,10032,0.0002006400
0.1850000000,0.5550000000,14376,0.0002875200
0.1850000000,0.5650000000,14690,0.0002938000
0.1850000000,0.5750000000,2911,0.0000582200
0.1850000000,0.5850000000,3020,0.0000604000
0.1850000000,0.5950000000,3153,0.0000630600
0.1850000000,0.6050000000,3167,0.0000633400
0.1850000000,0.6150000000,3174,0.0000634800
0.1850000000,0.6250000000,3237,0.0000647400
0.1850000000,0.6350000000,3344,0.0000668800
0.1850000000,0.6450000000,3436,0.0000687200
0.1850000000,0.6550000000,3579,0.0000715800
0.1850000000,0.6650000000,3664,0.0000732800
0.1850000000,0.6750000000,3738,0.0000747600
0.1850000000,0.6850000000,3868,0.0000773600
0.1850000000,0.6950000000,3949,0.0000789800
0.1850000000,0.7050000000,4066,0.0000813200
0.1850000000,0.7150000000,4221,0.0000844200
0.1850000000,0.7250000000,4446,0.0000889200
0.1850000000,0.7350000000,4657,0.0000931400
0.1850000000,0.7450000000,4792,0.0000958400
0.1850000000,0.7550000000,5167,0.0001033400
0.1850000000,0.7650000000,5476,0.0001095200
0.1850000000,0.7750000000,6069,0.0001213800
0.1850000000,0.7850000000,6848,0.0001369600
0.1850000000,0.7950000000,7715,0.0001543000
0.1850000000,0.8050000000,9593,0.0001918600
0.1850000000,0.8150000000,13570,0.0002714000
0.1850000000,0.8250000000,20184,0.0004036800
0.1850000000,0.8350000000,0,0.0000000000
0.1850000000,0.8450000000,0,0.0000000000
0.1850000000,0.8550000000,0,0.0000000000
0.1850000000,0.8650000000,0,0.0000000000
0.1850000000,0.8750000000,0,0.0000000000
0.1850000000,0.8850000000,0,0.0000000000
0.1850000000,0.8950000000,0,0.0000000000
0.1850000000,0.9050000000,0,0.0000000000
0.1850000000,0.9150000000,0,0.0000000000
0.1850000000,0.9250000000,0,0.0000000000
0.1850000000,0.9350000000,0,0.0000000000
0.1850000000,0.9450000000,0,0.0000000000
0.1850000000,0.9550000000,0,0.0000000000
0.1850000000,0.9650000000,0,0.0000000000
0.1850000000,0.9750000000,0,0.0000000000
0.1850000000,0.9850000000,0,0.0000000000
0.1850000000,0.9950000000,0,0.0000000000
0.1950000000,0.0050000000,0,0.0000000000
0.1950000000,0.0150000000,0,0.0000000000
0.1950000000,0.0250000000,0,0.0000000000
0.1950000000,0.0350000000,0,0.0000000000
0.1950000000,0.0450000000,0,0.0000000000
0.1950000000,0.0550000000,0,0.0000000000
0.1950000000,0.0650000000,0,0.0000000000
0.1950000000,0.0750000000,0,0.0000000000
0.1950000000,0.0850000000,0,0.0000000000
0.1950000000,0.0950000000,0,0.0000000000
0.1950000000,0.1050000000,0,0.0000000000
0.1950000000,0.1150000000,0,0.0000000000
0.1950000000,0.1250000000,0,0.0000000000
0.1950000000,0.1350000000,0,0.0000000000
0.1950000000,0.1450000000,0,0.0000000000
0.1950000000,0.1550000000,0,0.0000000000
0.1950000000,0.1650000000,0,0.0000000000
0.1950000000,0.1750000000,0,0.0000000000
0.1950000000,0.1850000000,0,0.0000000000
0.1950000000,0.1950000000,0,0.0000000000
0.1950000000,0.2050000000,0,0.0000000000
0.1950000000,0.2150000000,0,0.0000000000
0.1950000000,0.2250000000,0,0.0000000000
0.1950000000,0.2350000000,38,0.0000007600
0.1950000000,0.2450000000,158,0.0000031600
0.1950000000,0.2550000000,312,0.0000062400
0.1950000000,0.2650000000,442,0.0000088400
0.1950000000,0.2750000000,662,0.0000132400
0.1950000000,0.2850000000,1120,0.0000224000
0.1950000000,0.2950000000,1605,0.0000321000
0.1950000000,0.3050000000,1999,0.0000399800
0.1950000000,0.3150000000,2525,0.0000505000
0.1950000000,0.3250000000,2806,0.0000561200
0.1950000000,0.3350000000,3198,0.0000639600
0.1950000000,0.3450000000,3371,0.0000674200
0.1950000000,0.3550000000,3628,0.0000725600
0.1950000000,0.3650000000,3885,0.0000777000
0.1950000000,0.3750000000,4053,0.0000810600
0.1950000000,0.3850000000,4382,0.0000876400
0.1950000000,0.3950000000,4585,0.0000917000
0.1950000000,0.4050000000,4646,0.0000929200
0.1950000000,0.4150000000,4882,0.0000976400
0.1950000000,0.4250000000,5073,0.0001014600
0.1950000000,0.4350000000,5093,0.0001018600
0.1950000000,0.4450000000,5285,0.0001057000
0.1950000000,0.4550000000,5470,0.0001094000
0.1950000000,0.4650000000,5692,0.0001138400
0.1950000000,0.4750000000,5879,0.0001175800
0.1950000000,0.4850000000,6220,0.0001244000
0.1950000000,0.4950000000,6447,0.0001289400
0.1950000000,0.5050000000,6832,0.0001366400
0.1950000000,0.5150000000,7518,0.0001503600
0.1950000000,0.5250000000,8149,0.0001629800
0.1950000000,0.5350000000,9403,0.0001880600
0.1950000000,0.5450000000,12828,0.0002565600
0.1950000000,0.5550000000,17216,0.0003443200
0.1950000000,0.5650000000,2896,0.0000579200
0.1950000000,0.5750000000,2979,0.0000595800
0.1950000000,0.5850000000,3010,0.0000602000
0.1950000000,0.5950000000,3080,0.0000616000
0.1950000000,0.6050000000,3106,0.0000621200
0.1950000000,0.6150000000,3121,0.0000624200
0.1950000000,0.6250000000,3177,0.0000635400
0.1950000000,0.6350000000,3261,0.0000652200
0.1950000000,0.6450000000,3360,0.0000672000
0.1950000000,0.6550000000,3392,0.0000678400
0.1950000000,0.6650000000,3539,0.0000707800
0.1950000000,0.6750000000,3654,0.0000730800
0.1950000000,0.6850000000,3705,0.0000741000
0.1950000000,0.6950000000,3863,0.0000772600
0.1950000000,0.7050000000,3969,0.0000793800
0.1950000000,0.7150000000,4207,0.0000841400
0.1950000000,0.7250000000,4284,0.0000856800
0.1950000000,0.7350000000,4670,0.0000934000
0.1950000000,0.7450000000,4676,0.0000935200
0.1950000000,0.7550000000,5125,0.0001025000
0.1950000000,0.7650000000,5279,0.0001055800
0.1950000000,0.7750000000,5804,0.0001160800
0.1950000000,0.7850000000,6390,0.0001278000
0.1950000000,0.7950000000,7208,0.0001441600
0.1950000000,0.8050000000,8452,0.0001690400
0.1950000000,0.8150000000,10997,0.0002199400
0.1950000000,0.8250000000,20005,0.0004001000
0.1950000000,0.8350000000,8897,0.0001779400
0.1950000000,0.8450000000,0,0.0000000000
0.1950000000,0.8550000000,0,0.0000000000
0.1950000000,0.8650000000,0,0.0000000000
0.1950000000,0.8750000000,0,0.0000000000
0.1950000000,0.8850000000,0,0.0000000000
0.1950000000,0.8950000000,0,0.0000000000
0.1950000000,0.9050000000,0,0.0000000000
0.1950000000,0.9150000000,0,0.0000000000
0.1950000000,0.9250000000,0,0.0000000000
0.1950000000,0.9350000000,0,0.0000000000
0.1950000000,0.9450000000,0,0.0000000000
0.1950000000,0.9550000000,0,0.0000000000
0.1950000000,0.9650000000,0,0.0000000000
0.1950000000,0.9750000000,0,0.0000000000
0.1950000000,0.9850000000,0,0.0000000000
0.1950000000,0.9950000000,0,0.0000000000
0.2050000000,0.0050000000,0,0.0000000000
0.2050000000,0.0150000000,0,0.0000000000
0.2050000000,0.0250000000,0,0.0000000000
0.2050000000,0.0350000000,0,0.0000000000
0.2050000000,0.0450000000,0,0.0000000000
0.2050000000,0.0550000000,0,0.0000000000
0.2050000000,0.0650000000,0,0.0000000000
0.2050000000,0.0750000000,0,0.0000000000
0.2050000000,0.0850000000,0,0.0000000000
0.2050000000,0.0950000000,0,0.0000000000
0.2050000000,0.1050000000,0,0.0000000000
0.2050000000,0.1150000000,0,0.0000000000
0.2050000000,0.1250000000,0,0.0000000000
0.2050000000,0.1350000000,0,0.0000000000
0.2050000000,0.1450000000,0,0.0000000000
0.2050000000,0.1550000000,0,0.0000000000
0.2050000000,0.1650000000,0,0.0000000000
0.2050000000,0.1750000000,0,0.0000000000
0.2050000000,0.1850000000,0,0.0000000000
0.2050000000,0.1950000000,0,0.0000000000
0.2050000000,0.2050000000,0,0.0000000000
0.2050000000,0.2150000000,0,0.0000000000
0.2050000000,0.2250000000,0,0.0000000000
0.2050000000,0.2350000000,32,0.0000006400
0.2050000000,0.2450000000,143,0.0000028600
0.2050000000,0.2550000000,274,0.0000054800
0.2050000000,0.2650000000,425,0.0000085000
0.2050000000,0.2750000000,698,0.0000139600
0.2050000000,0.2850000000,1082,0.0000216400
0.2050000000,0.2950000000,1617,0.0000323400
0.2050000000,0.3050000000,2086,0.0000417200
0.2050000000,0.3150000000,2449,0.0000489800
0.2050000000,0.3250000000,2822,0.0000564400
0.2050000000,0.3350000000,3129,0.0000625800
0.2050000000,0.3450000000,3504,0.0000700800
0.2050000000,0.3550000000,3641,0.0000728200
0.2050000000,0.3650000000,3896,0.0000779200
0.2050000000,0.3750000000,4110,0.0000822000
0.2050000000,0.3850000000,4293,0.0000858600
0.2050000000,0.3950000000,4538,0.0000907600
0.2050000000,0.4050000000,4767,0.0000953400
0.2050000000,0.4150000000,4845,0.0000969000
0.2050000000,0.4250000000,4940,0.0000988000
0.2050000000,0.4350000000,5122,0.0001024400
0.2050000000,0.4450000000,5336,0.0001067200
0.2050000000,0.4550000000,5571,0.0001114200
0.2050000000,0.4650000000,5802,0.0001160400
0.2050000000,0.4750000000,5877,0.0001175400
0.2050000000,0.4850000000,6119,0.0001223800
0.2050000000,0.4950000000,6752,0.0001350400
0.2050000000,0.5050000000,7039,0.0001407800
0.2050000000,0.5150000000,8005,0.0001601000
0.2050000000,0.5250000000,9005,0.0001801000
0.2050000000,0.5350000000,11616,0.0002323200
0.2050000000,0.5450000000,17671,0.0003534200
0.2050000000,0.5550000000,3623,0.0000724600
0.2050000000,0.5650000000,2926,0.0000585200
0.2050000000,0.5750000000,2940,0.0000588000
0.2050000000,0.5850000000,3015,0.0000603000
0.2050000000,0.5950000000,3004,0.0000600800
0.2050000000,0.6050000000,3090,0.0000618000
0.2050000000,0.6150000000,3073,0.0000614600
0.2050000000,0.6250000000,3149,0.0000629800
0.2050000000,0.6350000000,3207,0.0000641400
0.2050000000,0.6450000000,3236,0.0000647200
0.2050000000,0.6550000000,3411,0.0000682200
0.2050000000,0.6650000000,3471,0.0000694200
0.2050000000,0.6750000000,3655,0.0000731000
0.2050000000,0.6850000000,3680,0.0000736000
0.2050000000,0.6950000000,3858,0.0000771600
0.2050000000,0.7050000000,3939,0.0000787800
0.2050000000,0.7150000000,3928,0.0000785600
0.2050000000,0.7250000000,4231,0.0000846200
0.2050000000,0.7350000000,4404,0.0000880800
0.2050000000,0.7450000000,4631,0.0000926200
0.2050000000,0.7550000000,4783,0.0000956600
0.2050000000,0.7650000000,5202,0.0001040400
0.2050000000,0.7750000000,5603,0.0001120600
0.2050000000,0.7850000000,6085,0.0001217000
0.2050000000,0.7950000000,6769,0.0001353800
0.2050000000,0.8050000000,7615,0.0001523000
0.2050000000,0.8150000000,9254,0.0001850800
0.2050000000,0.8250000000,12612,0.0002522400
0.2050000000,0.8350000000,22490,0.0004498000
0.2050000000,0.8450000000,0,0.0000000000
0.2050000000,0.8550000000,0,0.0000000000
0.2050000000,0.8650000000,0,0.0000000000
0.2050000000,0.8750000000,0,0.0000000000
0.2050000000,0.8850000000,0,0.0000000000
0.2050000000,0.8950000000,0,0.0000000000
0.2050000000,0.9050000000,0,0.0000000000
0.2050000000,0.9150000000,0,0.0000000000
0.2050000000,0.9250000000,0,0.0000000000
0.2050000000,0.9350000000,0,0.0000000000
0.2050000000,0.9450000000,0,0.0000000000
0.2050000000,0.9550000000,0,0.0000000000
0.2050000000,0.9650000000,0,0.0000000000
0.2050000000,0.9750000000,0,0.0000000000
0.2050000000,0.9850000000,0,0.0000000000
0.2050000000,0.9950000000,0,0.0000000000
0.2150000000,0.0050000000,0,0.0000000000
0.2150000000,0.0150000000,0,0.0000000000
0.2150000000,0.0250000000,0,0.0000000000
0.2150000000,0.0350000000,0,0.0000000000
0.2150000000,0.0450000000,0,0.0000000000
0.2150000000,0.0550000000,0,0.0000000000
0.2150000000,0.0650000000,0,0.0000000000
0.2150000000,0.0750000000,0,0.0000000000
0.2150000000,0.0850000000,0,0.0000000000
0.2150000000,0.0950000000,0,0.0000000000
0.2150000000,0.1050000000,0,0.0000000000
0.2150000000,0.1150000000,0,0.0000000000
0.2150000000,0.1250000000,0,0.0000000000
0.2150000000,0.1350000000,0,0.0000000000
0.2150000000,0.1450000000,0,0.0000000000
0.2150000000,0.1550000000,0,0.0000000000
0.2150000000,0.1650000000,0,0.0000000000
0.2150000000,0.1750000000,0,0.0000000000
0.2150000000,0.1850000000,0,0.0000000000
0.2150000000,0.1950000000,0,0.0000000000
0.2150000000,0.2050000000,0,0.0000000000
0.2150000000,0.2150000000,0,0.0000000000
0.2150000000,0.2250000000,0,0.0000000000
0.2150000000,0.2350000000,47,0.0000009400
0.2150000000,0.2450000000,155,0.0000031000
0.2150000000,0.2550000000,278,0.0000055600
0.2150000000,0.2650000000,411,0.0000082200
0.2150000000,0.2750000000,671,0.0000134200
0.2150000000,0.2850000000,1160,0.0000232000
0.2150000000,0.2950000000,1540,0.0000308000
0.2150000000,0.3050000000,1932,0.0000386400
0.2150000000,0.3150000000,2481,0.0000496200
0.2150000000,0.3250000000,2775,0.0000555000
0.2150000000,0.3350000000,3056,0.0000611200
0.2150000000,0.3450000000,3348,0.0000669600
0.2150000000,0.3550000000,3715,0.0000743000
0.2150000000,0.3650000000,3817,0.0000763400
0.2150000000,0.3750000000,4068,0.0000813600
0.2150000000,0.3850000000,4327,0.0000865400
0.2150000000,0.3950000000,4331,0.0000866200
0.2150000000,0.4050000000,4687,0.0000937400
0.2150000000,0.4150000000,4850,0.0000970000
0.2150000000,0.4250000000,4828,0.0000965600
0.2150000000,0.4350000000,5073,0.0001014600
0.2150000000,0.4450000000,5325,0.0001065000
0.2150000000,0.4550000000,5508,0.0001101600
0.2150000000,0.4650000000,5751,0.0001150200
0.2150000000,0.4750000000,6082,0.0001216400
0.2150000000,0.4850000000,6478,0.0001295600
0.2150000000,0.4950000000,6902,0.0001380400
0.2150000000,0.5050000000,7736,0.0001547200
0.2150000000,0.5150000000,8670,0.0001734000
0.2150000000,0.5250000000,10802,0.0002160400
0.2150000000,0.5350000000,16952,0.0003390400
0.2150000000,0.5450000000,4935,0.0000987000
0.2150000000,0.5550000000,2947,0.0000589400
0.2150000000,0.5650000000,2952,0.0000590400
0.2150000000,0.5750000000,2932,0.0000586400
0.2150000000,0.5850000000,3065,0.0000613000
0.2150000000,0.5950000000,3020,0.0000604000
0.2150000000,0.6050000000,3044,0.0000608800
0.2150000000,0.6150000000,3125,0.0000625000
0.2150000000,0.6250000000,3173,0.0000634600
0.2150000000,0.6350000000,3165,0.0000633000
0.2150000000,0.6450000000,3247,0.0000649400
0.2150000000,0.6550000000,3477,0.0000695400
0.2150000000,0.6650000000,3391,0.0000678200
0.2150000000,0.6750000000,3530,0.0000706000
0.2150000000,0.6850000000,3604,0.0000720800
0.2150000000,0.6950000000,3773,0.0000754600
0.2150000000,0.7050000000,3824,0.0000764800
0.2150000000,0.7150000000,4070,0.0000814000
0.2150000000,0.7250000000,4305,0.0000861000
0.2150000000,0.7350000000,4322,0.0000864400
0.2150000000,0.7450000000,4468,0.0000893600
0.2150000000,0.7550000000,4758,0.0000951600
0.2150000000,0.7650000000,4993,0.0000998600
0.2150000000,0.7750000000,5510,0.0001102000
0.2150000000,0.7850000000,5857,0.0001171400
0.2150000000,0.7950000000,6298,0.0001259600
0.2150000000,0.8050000000,7110,0.0001422000
0.2150000000,0.8150000000,8130,0.0001626000
0.2150000000,0.8250000000,10278,0.0002055600
0.2150000000,0.8350000000,17390,0.0003478000
0.2150000000,0.8450000000,12778,0.0002555600
0.2150000000,0.8550000000,0,0.0000000000
0.2150000000,0.8650000000,0,0.0000000000
0.2150000000,0.8750000000,0,0.0000000000
0.2150000000,0.8850000000,0,0.0000000000
0.2150000000,0.8950000000,0,0.0000000000
0.2150000000,0.9050000000,0,0.0000000000
0.2150000000,0.9150000000,0,0.0000000000
0.2150000000,0.9250000000,0,0.0000000000
0.2150000000,0.9350000000,0,0.0000000000
0.2150000000,0.9450000000,0,0.0000000000
0.2150000000,0.9550000000,0,0.0000000000
0.2150000000,0.9650000000,0,0.0000000000
0.2150000000,0.9750000000,0,0.0000000000
0.2150000000,0.9850000000,0,0.0000000000
0.2150000000,0.9950000000,0,0.0000000000
0.2250000000,0.0050000000,0,0.0000000000
0.2250000000,0.0150000000,0,0.0000000000
0.2250000000,0.0250000000,0,0.0000000000
0.2250000000,0.0350000000,0,0.0000000000
0.2250000000,0.0450000000,0,0.0000000000
0.2250000000,0.0550000000,0,0.0000000000
0.2250000000,0.0650000000,0,0.0000000000
0.2250000000,0.0750000000,0,0.0000000000
0.2250000000,0.0850000000,0,0.0000000000
0.2250000000,0.0950000000,0,0.0000000000
0.2250000000,0.1050000000,0,0.0000000000
0.2250000000,0.1150000000,0,0.0000000000
0.2250000000,0.1250000000,0,0.0000000000
0.2250000000,0.1350000000,0,0.0000000000
0.2250000000,0.1450000000,0,0.0000000000
0.2250000000,0.1550000000,0,0.0000000000
0.2250000000,0.1650000000,0,0.0000000000
0.2250000000,0.1750000000,0,0.0000000000
0.2250000000,0.1850000000,0,0.0000000000
0.2250000000,0.1950000000,0,0.0000000000
0.2250000000,0.2050000000,0,0.0000000000
0.2250000000,0.2150000000,0,0.0000000000
0.2250000000,0.2250000000,1,0.0000000200
0.2250000000,0.2350000000,56,0.0000011200
0.2250000000,0.2450000000,178,0.0000035600
0.2250000000,0.2550000000,277,0.0000055400
0.2250000000,0.2650000000,436,0.0000087200
0.2250000000,0.2750000000,684,0.0000136800
0.2250000000,0.2850000000,1088,0.0000217600
0.2250000000,0.2950000000,1551,0.0000310200
0.2250000000,0.3050000000,1980,0.0000396000
0.2250000000,0.3150000000,2368,0.0000473600
0.2250000000,0.3250000000,2699,0.0000539800
0.2250000000,0.3350000000,3083,0.0000616600
0.2250000000,0.3450000000,3273,0.0000654600
0.2250000000,0.3550000000,3572,0.0000714400
0.2250000000,0.3650000000,3752,0.0000750400
0.2250000000,0.3750000000,4076,0.0000815200
0.2250000000,0.3850000000,4141,0.0000828200
0.2250000000,0.3950000000,4496,0.0000899200
0.2250000000,0.4050000000,4658,0.0000931600
0.2250000000,0.4150000000,4744,0.0000948800
0.2250000000,0.4250000000,5024,0.0001004800
0.2250000000,0.4350000000,5116,0.0001023200
0.2250000000,0.4450000000,5387,0.0001077400
0.2250000000,0.4550000000,5540,0.0001108000
0.2250000000,0.4650000000,5904,0.0001180800
0.2250000000,0.4750000000,6130,0.0001226000
0.2250000000,0.4850000000,6749,0.0001349800
0.2250000000,0.4950000000,7265,0.0001453000
0.2250000000,0.5050000000,8219,0.0001643800
0.2250000000,0.5150000000,10131,0.0002026200
0.2250000000,0.5250000000,16383,0.0003276600
0.2250000000,0.5350000000,6474,0.0001294800
0.2250000000,0.5450000000,2716,0.0000543200
0.2250000000,0.5550000000,2801,0.0000560200
0.2250000000,0.5650000000,2829,0.0000565800
0.2250000000,0.5750000000,2874,0.0000574800
0.2250000000,0.5850000000,3020,0.0000604000
0.2250000000,0.5950000000,2950,0.0000590000
0.2250000000,0.6050000000,3015,0.0000603000
0.2250000000,0.6150000000,3109,0.0000621800
0.2250000000,0.6250000000,3280,0.0000656000
0.2250000000,0.6350000000,3187,0.0000637400
0.2250000000,0.6450000000,3334,0.0000666800
0.2250000000,0.6550000000,3386,0.0000677200
0.2250000000,0.6650000000,3421,0.0000684200
0.2250000000,0.6750000000,3389,0.0000677800
0.2250000000,0.6850000000,3584,0.0000716800
0.2250000000,0.6950000000,3686,0.0000737200
0.2250000000,0.7050000000,3709,0.0000741800
0.2250000000,0.7150000000,3987,0.0000797400
0.2250000000,0.7250000000,4030,0.0000806000
0.2250000000,0.7350000000,4347,0.0000869400
0.2250000000,0.7450000000,4353,0.0000870600
0.2250000000,0.7550000000,4555,0.0000911000
0.2250000000,0.7650000000,4903,0.0000980600
0.2250000000,0.7750000000,4955,0.0000991000
0.2250000000,0.7850000000,5694,0.0001138800
0.2250000000,0.7950000000,6049,0.0001209800
0.2250000000,0.8050000000,6595,0.0001319000
0.2250000000,0.8150000000,7613,0.0001522600
0.2250000000,0.8250000000,8960,0.0001792000
0.2250000000,0.8350000000,12262,0.0002452400
0.2250000000,0.8450000000,23598,0.0004719600
0.2250000000,0.8550000000,726,0.0000145200
0.2250000000,0.8650000000,0,0.0000000000
0.2250000000,0.8750000000,0,0.0000000000
0.2250000000,0.8850000000,0,0.0000000000
0.2250000000,0.8950000000,0,0.0000000000
0.2250000000,0.9050000000,0,0.0000000000
0.2250000000,0.9150000000,0,0.0000000000
0.2250000000,0.9250000000,0,0.0000000000
0.2250000000,0.9350000000,0,0.0000000000
0.2250000000,0.9450000000,0,0.0000000000
0.2250000000,0.9550000000,0,0.0000000000
0.2250000000,0.9650000000,0,0.0000000000
0.2250000000,0.9750000000,0,0.0000000000
0.2250000000,0.9850000000,0,0.0000000000
0.2250000000,0.9950000000,0,0.0000000000
0.2350000000,0.0050000000,0,0.0000000000
0.2350000000,0.0150000000,0,0.0000000000
0.2350000000,0.0250000000,0,0.0000000000
0.2350000000,0.0350000000,0,0.0000000000
0.2350000000,0.0450000000,0,0.0000000000
0.2350000000,0.0550000000,0,0.0000000000
0.2350000000,0.0650000000,0,0.0000000000
0.2350000000,0.0750000000,0,0.0000000000
0.2350000000,0.0850000000,0,0.0000000000
0.2350000000,0.0950000000,0,0.0000000000
0.2350000000,0.1050000000,0,0.0000000000
0.2350000000,0.1150000000,0,0.0000000000
0.2350000000,0.1250000000,0,0.0000000000
0.2350000000,0.1350000000,0,0.0000000000
0.2350000000,0.1450000000,0,0.0000000000
0.2350000000,0.1550000000,0,0.0000000000
0.2350000000,0.1650000000,0,0.0000000000
0.2350000000,0.1750000000,0,0.0000000000
0.2350000000,0.1850000000,0,0.0000000000
0.2350000000,0.1950000000,0,0.0000000000
0.2350000000,0.2050000000,0,0.0000000000
0.2350000000,0.2150000000,0,0.0000000000
0.2350000000,0.2250000000,5,0.0000001000
0.2350000000,0.2350000000,69,0.0000013800
0.2350000000,0.2450000000,139,0.0000027800
0.2350000000,0.2550000000,251,0.0000050200
0.2350000000,0.2650000000,383,0.0000076600
0.2350000000,0.2750000000,647,0.0000129400
0.2350000000,0.2850000000,1075,0.0000215000
0.2350000000,0.2950000000,1551,0.0000310200
0.2350000000,0.3050000000,1968,0.0000393600
0.2350000000,0.3150000000,2393,0.0000478600
0.2350000000,0.3250000000,2745,0.0000549000
0.2350000000,0.3350000000,3049,0.0000609800
0.2350000000,0.3450000000,3209,0.0000641800
0.2350000000,0.3550000000,3417,0.0000683400
0.2350000000,0.3650000000,3621,0.0000724200
0.2350000000,0.3750000000,4065,0.0000813000
0.2350000000,0.3850000000,4224,0.0000844800
0.2350000000,0.3950000000,4398,0.0000879600
0.2350000000,0.4050000000,4614,0.0000922800
0.2350000000,0.4150000000,4773,0.0000954600
0.2350000000,0.4250000000,4996,0.0000999200
0.2350000000,0.4350000000,5128,0.0001025600
0.2350000000,0.4450000000,5473,0.0001094600
0.2350000000,0.4550000000,5644,0.0001128800
0.2350000000,0.4650000000,6085,0.0001217000
0.2350000000,0.4750000000,6491,0.0001298200
0.2350000000,0.4850000000,6902,0.0001380400
0.2350000000,0.4950000000,7993,0.0001598600
0.2350000000,0.5050000000,9466,0.0001893200
0.2350000000,0.5150000000,15324,0.0003064800
0.2350000000,0.5250000000,8192,0.0001638400
0.2350000000,0.5350000000,2850,0.0000570000
0.2350000000,0.5450000000,2772,0.0000554400
0.2350000000,0.5550000000,2839,0.0000567800
0.2350000000,0.5650000000,2833,0.0000566600
0.2350000000,0.5750000000,2782,0.0000556400
0.2350000000,0.5850000000,2958,0.0000591600
0.2350000000,0.5950000000,2996,0.0000599200
0.2350000000,0.6050000000,3014,0.0000602800
0.2350000000,0.6150000000,3011,0.0000602200
0.2350000000,0.6250000000,3144,0.0000628800
0.2350000000,0.6350000000,3178,0.0000635600
0.2350000000,0.6450000000,3224,0.0000644800
0.2350000000,0.6550000000,3290,0.0000658000
0.2350000000,0.6650000000,3416,0.0000683200
0.2350000000,0.6750000000,3440,0.0000688000
0.2350000000,0.6850000000,3485,0.0000697000
0.2350000000,0.6950000000,3665,0.0000733000
0.2350000000,0.7050000000,3799,0.0000759800
0.2350000000,0.7150000000,3855,0.0000771000
0.2350000000,0.7250000000,3887,0.0000777400
0.2350000000,0.7350000000,3955,0.0000791000
0.2350000000,0.7450000000,4273,0.0000854600
0.2350000000,0.7550000000,4531,0.0000906200
0.2350000000,0.7650000000,4760,0.0000952000
0.2350000000,0.7750000000,4992,0.0000998400
0.2350000000,0.7850000000,5335,0.0001067000
0.2350000000,0.7950000000,5776,0.0001155200
0.2350000000,0.8050000000,6274,0.0001254800
0.2350000000,0.8150000000,7050,0.0001410000
0.2350000000,0.8250000000,8162,0.0001632400
0.2350000000,0.8350000000,10108,0.0002021600
0.2350000000,0.8450000000,16088,0.0003217600
0.2350000000,0.8550000000,15819,0.0003163800
0.2350000000,0.8650000000,0,0.0000000000
0.2350000000,0.8750000000,0,0.0000000000
0.2350000000,0.8850000000,0,0.0000000000
0.2350000000,0.8950000000,0,0.0000000000
0.2350000000,0.9050000000,0,0.0000000000
0.2350000000,0.9150000000,0,0.0000000000
0.2350000000,0.9250000000,0,0.0000000000
0.2350000000,0.9350000000,0,0.0000000000
0.2350000000,0.9450000000,0,0.0000000000
0.2350000000,0.9550000000,0,0.0000000000
0.2350000000,0.9650000000,0,0.0000000000
0.2350000000,0.9750000000,0,0.0000000000
0.2350000000,0.9850000000,0,0.0000000000
0.2350000000,0.9950000000,0,0.0000000000
0.2450000000,0.0050000000,0,0.0000000000
0.2450000000,0.0150000000,0,0.0000000000
0.2450000000,0.0250000000,0,0.0000000000
0.2450000000,0.0350000000,0,0.0000000000
0.2450000000,0.0450000000,0,0.0000000000
0.2450000000,0.0550000000,0,0.0000000000
0.2450000000,0.0650000000,0,0.0000000000
0.2450000000,0.0750000000,0,0.0000000000
0.2450000000,0.0850000000,0,0.0000000000
0.2450000000,0.0950000000,0,0.0000000000
0.2450000000,0.1050000000,0,0.0000000000
0.2450000000,0.1150000000,0,0.0000000000
0.2450000000,0.1250000000,0,0.0000000000
0.2450000000,0.1350000000,0,0.0000000000
0.2450000000,0.1450000000,0,0.0000000000
0.2450000000,0.1550000000,0,0.0000000000
0.2450000000,0.1650000000,0,0.0000000000
0.2450000000,0.1750000000,0,0.0000000000
0.2450000000,0.1850000000,0,0.0000000000
0.2450000000,0.1950000000,0,0.0000000000
0.2450000000,0.2050000000,0,0.0000000000
0.2450000000,0.2150000000,0,0.0000000000
0.2450000000,0.2250000000,9,0.0000001800
0.2450000000,0.2350000000,58,0.0000011600
0.2450000000,0.2450000000,132,0.0000026400
0.2450000000,0.2550000000,230,0.0000046000
0.2450000000,0.2650000000,404,0.0000080800
0.2450000000,0.2750000000,608,0.0000121600
0.2450000000,0.2850000000,1109,0.0000221800
0.2450000000,0.2950000000,1543,0.0000308600
0.2450000000,0.3050000000,1900,0.0000380000
0.2450000000,0.3150000000,2318,0.0000463600
0.2450000000,0.3250000000,2601,0.0000520200
0.2450000000,0.3350000000,2916,0.0000583200
0.2450000000,0.3450000000,3282,0.0000656400
0.2450000000,0.3550000000,3406,0.0000681200
0.2450000000,0.3650000000,3650,0.0000730000
0.2450000000,0.3750000000,3909,0.0000781800
0.2450000000,0.3850000000,4088,0.0000817600
0.2450000000,0.3950000000,4402,0.0000880400
0.2450000000,0.4050000000,4536,0.0000907200
0.2450000000,0.4150000000,4927,0.0000985400
0.2450000000,0.4250000000,5045,0.0001009000
0.2450000000,0.4350000000,5249,0.0001049800
0.2450000000,0.4450000000,5587,0.0001117400
0.2450000000,0.4550000000,5816,0.0001163200
0.2450000000,0.4650000000,6202,0.0001240400
0.2450000000,0.4750000000,6779,0.0001355800
0.2450000000,0.4850000000,7537,0.0001507400
0.2450000000,0.4950000000,8957,0.0001791400
0.2450000000,0.5050000000,14019,0.0002803800
0.2450000000,0.5150000000,9539,0.0001907800
0.2450000000,0.5250000000,2755,0.0000551000
0.2450000000,0.5350000000,2807,0.0000561400
0.2450000000,0.5450000000,2711,0.0000542200
0.2450000000,0.5550000000,2857,0.0000571400
0.2450000000,0.5650000000,2795,0.0000559000
0.2450000000,0.5750000000,2937,0.0000587400
0.2450000000,0.5850000000,2898,0.0000579600
0.2450000000,0.5950000000,2969,0.0000593800
0.2450000000,0.6050000000,3089,0.0000617800
0.2450000000,0.6150000000,3026,0.0000605200
0.2450000000,0.6250000000,3153,0.0000630600
0.2450000000,0.6350000000,3188,0.0000637600
0.2450000000,0.6450000000,3137,0.0000627400
0.2450000000,0.6550000000,3115,0.0000623000
0.2450000000,0.6650000000,3216,0.0000643200
0.2450000000,0.6750000000,3304,0.0000660800
0.2450000000,0.6850000000,3427,0.0000685400
0.2450000000,0.6950000000,3593,0.0000718600
0.2450000000,0.7050000000,3718,0.0000743600
0.2450000000,0.7150000000,3896,0.0000779200
0.2450000000,0.7250000000,3950,0.0000790000
0.2450000000,0.7350000000,3976,0.0000795200
0.2450000000,0.7450000000,4104,0.0000820800
0.2450000000,0.7550000000,4382,0.0000876400
0.2450000000,0.7650000000,4612,0.0000922400
0.2450000000,0.7750000000,4813,0.0000962600
0.2450000000,0.7850000000,5090,0.0001018000
0.2450000000,0.7950000000,5418,0.0001083600
0.2450000000,0.8050000000,6000,0.0001200000
0.2450000000,0.8150000000,6592,0.0001318400
0.2450000000,0.8250000000,7567,0.0001513400
0.2450000000,0.8350000000,8985,0.0001797000
0.2450000000,0.8450000000,11991,0.0002398200
0.2450000000,0.8550000000,23453,0.0004690600
0.2450000000,0.8650000000,1796,0.0000359200
0.2450000000,0.8750000000,0,0.0000000000
0.2450000000,0.8850000000,0,0.0000000000
0.2450000000,0.8950000000,0,0.0000000000
0.2450000000,0.9050000000,0,0.0000000000
0.2450000000,0.9150000000,0,0.0000000000
0.2450000000,0.9250000000,0,0.0000000000
0.2450000000,0.9350000000,0,0.0000000000
0.2450000000,0.9450000000,0,0.0000000000
0.2450000000,0.9550000000,0,0.0000000000
0.2450000000,0.9650000000,0,0.0000000000
0.2450000000,0.9750000000,0,0.0000000000
0.2450000000,0.9850000000,0,0.0000000000
0.2450000000,0.9950000000,0,0.0000000000
0.2550000000,0.0050000000,0,0.0000000000
0.2550000000,0.0150000000,0,0.0000000000
0.2550000000,0.0250000000,0,0.0000000000
0.2550000000,0.0350000000,0,0.0000000000
0.2550000000,0.0450000000,0,0.0000000000
0.2550000000,0.0550000000,0,0.0000000000
0.2550000000,0.0650000000,0,0.0000000000
0.2550000000,0.0750000000,0,0.0000000000
0.2550000000,0.0850000000,0,0.0000000000
0.2550000000,0.0950000000,0,0.0000000000
0.2550000000,0.1050000000,0,0.0000000000
0.2550000000,0.1150000000,0,0.0000000000
0.2550000000,0.1250000000,0,0.0000000000
0.2550000000,0.1350000000,0,0.0000000000
0.2550000000,0.1450000000,0,0.0000000000
0.2550000000,0.1550000000,0,0.0000000000
0.2550000000,0.1650000000,0,0.0000000000
0.2550000000,0.1750000000,0,0.0000000000
0.2550000000,0.1850000000,0,0.0000000000
0.2550000000,0.1950000000,0,0.0000000000
0.2550000000,0.2050000000,0,0.0000000000
0.2550000000,0.2150000000,0,0.0000000000
0.2550000000,0.2250000000,6,0.0000001200
0.2550000000,0.2350000000,40,0.0000008000
0.2550000000,0.2450000000,127,0.0000025400
0.2550000000,0.2550000000,230,0.0000046000
0.2550000000,0.2650000000,352,0.0000070400
0.2550000000,0.2750000000,586,0.0000117200
0.2550000000,0.2850000000,1014,0.0000202800
0.2550000000,0.2950000000,1492,0.0000298400
0.2550000000,0.3050000000,1915,0.0000383000
0.2550000000,0.3150000000,2244,0.0000448800
0.2550000000,0.3250000000,2567,0.0000513400
0.2550000000,0.3350000000,2866,0.0000573200
0.2550000000,0.3450000000,3146,0.0000629200
0.2550000000,0.3550000000,3457,0.0000691400
0.2550000000,0.3650000000,3670,0.0000734000
0.2550000000,0.3750000000,4001,0.0000800200
0.2550000000,0.3850000000,4016,0.0000803200
0.2550000000,0.3950000000,4259,0.0000851800
0.2550000000,0.4050000000,4529,0.0000905800
0.2550000000,0.4150000000,4856,0.0000971200
0.2550000000,0.4250000000,5100,0.0001020000
0.2550000000,0.4350000000,5255,0.0001051000
0.2550000000,0.4450000000,5635,0.0001127000
0.2550000000,0.4550000000,5931,0.0001186200
0.2550000000,0.4650000000,6400,0.0001280000
0.2550000000,0.4750000000,7283,0.0001456600
0.2550000000,0.4850000000,8555,0.0001711000
0.2550000000,0.4950000000,12523,0.0002504600
0.2550000000,0.5050000000,11075,0.0002215000
0.2550000000,0.5150000000,2650,0.0000530000
0.2550000000,0.5250000000,2651,0.0000530200
0.2550000000,0.5350000000,2746,0.0000549200
0.2550000000,0.5450000000,2695,0.0000539000
0.2550000000,0.5550000000,2741,0.0000548200
0.2550000000,0.5650000000,2834,0.0000566800
0.2550000000,0.5750000000,2867,0.0000573400
0.2550000000,0.5850000000,2879,0.0000575800
0.2550000000,0.5950000000,2796,0.0000559200
0.2550000000,0.6050000000,2973,0.0000594600
0.2550000000,0.6150000000,3037,0.0000607400
0.2550000000,0.6250000000,3051,0.0000610200
0.2550000000,0.6350000000,3100,0.0000620000
0.2550000000,0.6450000000,3157,0.0000631400
0.2550000000,0.6550000000,3232,0.0000646400
0.2550000000,0.6650000000,3326,0.0000665200
0.2550000000,0.6750000000,3490,0.0000698000
0.2550000000,0.6850000000,3506,0.0000701200
0.2550000000,0.6950000000,3525,0.0000705000
0.2550000000,0.7050000000,3659,0.0000731800
0.2550000000,0.7150000000,3842,0.0000768400
0.2550000000,0.7250000000,3810,0.0000762000
0.2550000000,0.7350000000,3973,0.0000794600
0.2550000000,0.7450000000,4156,0.0000831200
0.2550000000,0.7550000000,4332,0.0000866400
0.2550000000,0.7650000000,4507,0.0000901400
0.2550000000,0.7750000000,4764,0.0000952800
0.2550000000,0.7850000000,4972,0.0000994400
0.2550000000,0.7950000000,5319,0.0001063800
0.2550000000,0.8050000000,5812,0.0001162400
0.2550000000,0.8150000000,6433,0.0001286600
0.2550000000,0.8250000000,7119,0.0001423800
0.2550000000,0.8350000000,8160,0.0001632000
0.2550000000,0.8450000000,9979,0.0001995800
0.2550000000,0.8550000000,15442,0.0003088400
0.2550000000,0.8650000000,16823,0.0003364600
0.2550000000,0.8750000000,0,0.0000000000
0.2550000000,0.8850000000,0,0.0000000000
0.2550000000,0.8950000000,0,0.0000000000
0.2550000000,0.9050000000,0,0.0000000000
0.2550000000,0.9150000000,0,0.0000000000
0.2550000000,0.9250000000,0,0.0000000000
0.2550000000,0.9350000000,0,0.0000000000
0.2550000000,0.9450000000,0,0.0000000000
0.2550000000,0.9550000000,0,0.0000000000
0.2550000000,0.9650000000,0,0.0000000000
0.2550000000,0.9750000000,0,0.0000000000
0.2550000000,0.9850000000,0,0.0000000000
0.2550000000,0.9950000000,0,0.0000000000
0.2650000000,0.0050000000,0,0.0000000000
0.2650000000,0.0150000000,0,0.0000000000
0.2650000000,0.0250000000,0,0.0000000000
0.2650000000,0.0350000000,0,0.0000000000
0.2650000000,0.0450000000,0,0.0000000000
0.2650000000,0.0550000000,0,0.0000000000
0.2650000000,0.0650000000,0,0.0000000000
0.2650000000,0.0750000000,0,0.0000000000
0.2650000000,0.0850000000,0,0.0000000000
0.2650000000,0.0950000000,0,0.0000000000
0.2650000000,0.1050000000,0,0.0000000000
0.2650000000,0.1150000000,0,0.0000000000
0.2650000000,0.1250000000,0,0.0000000000
0.2650000000,0.1350000000,0,0.0000000000
0.2650000000,0.1450000000,0,0.0000000000
0.2650000000,0.1550000000,0,0.0000000000
0.2650000000,0.1650000000,0,0.0000000000
0.2650000000,0.1750000000,0,0.0000000000
0.2650000000,0.1850000000,0,0.0000000000
0.2650000000,0.1950000000,0,0.0000000000
0.2650000000,0.2050000000,0,0.0000000000
0.2650000000,0.2150000000,0,0.0000000000
0.2650000000,0.2250000000,1,0.0000000200
0.2650000000,0.2350000000,26,0.0000005200
0.2650000000,0.2450000000,90,0.0000018000
0.2650000000,0.2550000000,183,0.0000036600
0.2650000000,0.2650000000,294,0.0000058800
0.2650000000,0.2750000000,543,0.0000108600
0.2650000000,0.2850000000,926,0.0000185200
0.2650000000,0.2950000000,1322,0.0000264400
0.2650000000,0.3050000000,1846,0.0000369200
0.2650000000,0.3150000000,2219,0.0000443800
0.2650000000,0.3250000000,2483,0.0000496600
0.2650000000,0.3350000000,2862,0.0000572400
0.2650000000,0.3450000000,3067,0.0000613400
0.2650000000,0.3550000000,3557,0.0000711400
0.2650000000,0.3650000000,3521,0.0000704200
0.2650000000,0.3750000000,3852,0.0000770400
0.2650000000,0.3850000000,4135,0.0000827000
0.2650000000,0.3950000000,4343,0.0000868600
0.2650000000,0.4050000000,4507,0.0000901400
0.2650000000,0.4150000000,4908,0.0000981600
0.2650000000,0.4250000000,5153,0.0001030600
0.2650000000,0.4350000000,5387,0.0001077400
0.2650000000,0.4450000000,5821,0.0001164200
0.2650000000,0.4550000000,6138,0.0001227600
0.2650000000,0.4650000000,6917,0.0001383400
0.2650000000,0.4750000000,7948,0.0001589600
0.2650000000,0.4850000000,11434,0.0002286800
0.2650000000,0.4950000000,12435,0.0002487000
0.2650000000,0.5050000000,2661,0.0000532200
0.2650000000,0.5150000000,2684,0.0000536800
0.2650000000,0.5250000000,2575,0.0000515000
0.2650000000,0.5350000000,2778,0.0000555600
0.2650000000,0.5450000000,2714,0.0000542800
0.2650000000,0.5550000000,2733,0.0000546600
0.2650000000,0.5650000000,2994,0.0000598800
0.2650000000,0.5750000000,2800,0.0000560000
0.2650000000,0.5850000000,2921,0.0000584200
0.2650000000,0.5950000000,3024,0.0000604800
0.2650000000,0.6050000000,2930,0.0000586000
0.2650000000,0.6150000000,2981,0.0000596200
0.2650000000,0.6250000000,3021,0.0000604200
0.2650000000,0.6350000000,3192,0.0000638400
0.2650000000,0.6450000000,3096,0.0000619200
0.2650000000,0.6550000000,3141,0.0000628200
0.2650000000,0.6650000000,3299,0.0000659800
0.2650000000,0.6750000000,3268,0.0000653600
0.2650000000,0.6850000000,3475,0.0000695000
0.2650000000,0.6950000000,3506,0.0000701200
0.2650000000,0.7050000000,3666,0.0000733200
0.2650000000,0.7150000000,3677,0.0000735400
0.2650000000,0.7250000000,3738,0.0000747600
0.2650000000,0.7350000000,3871,0.0000774200
0.2650000000,0.7450000000,4092,0.0000818400
0.2650000000,0.7550000000,4125,0.0000825000
0.2650000000,0.7650000000,4391,0.0000878200
0.2650000000,0.7750000000,4538,0.0000907600
0.2650000000,0.7850000000,4880,0.0000976000
0.2650000000,0.7950000000,5135,0.0001027000
0.2650000000,0.8050000000,5555,0.0001111000
0.2650000000,0.8150000000,5923,0.0001184600
0.2650000000,0.8250000000,6698,0.0001339600
0.2650000000,0.8350000000,7535,0.0001507000
0.2650000000,0.8450000000,8905,0.0001781000
0.2650000000,0.8550000000,11784,0.0002356800
0.2650000000,0.8650000000,23324,0.0004664800
0.2650000000,0.8750000000,2618,0.0000523600
0.2650000000,0.8850000000,0,0.0000000000
0.2650000000,0.8950000000,0,0.0000000000
0.2650000000,0.9050000000,0,0.0000000000
0.2650000000,0.9150000000,0,0.0000000000
0.2650000000,0.9250000000,0,0.0000000000
0.2650000000,0.9350000000,0,0.0000000000
0.2650000000,0.9450000000,0,0.0000000000
0.2650000000,0.9550000000,0,0.0000000000
0.2650000000,0.9650000000,0,0.0000000000
0.2650000000,0.9750000000,0,0.0000000000
0.2650000000,0.9850000000,0,0.0000000000
0.2650000000,0.9950000000,0,0.0000000000
0.2750000000,0.0050000000,0,0.0000000000
0.2750000000,0.0150000000,0,0.0000000000
0.2750000000,0.0250000000,0,0.0000000000
0.2750000000,0.0350000000,0,0.0000000000
0.2750000000,0.0450000000,0,0.0000000000
0.2750000000,0.0550000000,0,0.0000000000
0.2750000000,0.0650000000,0,0.0000000000
0.2750000000,0.0750000000,0,0.0000000000
0.2750000000,0.0850000000,0,0.0000000000
0.2750000000,0.0950000000,0,0.0000000000
0.2750000000,0.1050000000,0,0.0000000000
0.2750000000,0.1150000000,0,0.0000000000
0.2750000000,0.1250000000,0,0.0000000000
0.2750000000,0.1350000000,0,0.0000000000
0.2750000000,0.1450000000,0,0.0000000000
0.2750000000,0.1550000000,0,0.0000000000
0.2750000000,0.1650000000,0,0.0000000000
0.2750000000,0.1750000000,0,0.0000000000
0.2750000000,0.1850000000,0,0.0000000000
0.2750000000,0.1950000000,0,0.0000000000
0.2750000000,0.2050000000,0,0.0000000000
0.2750000000,0.2150000000,0,0.0000000000
0.2750000000,0.2250000000,0,0.0000000000
0.2750000000,0.2350000000,4,0.0000000800
0.2750000000,0.2450000000,55,0.0000011000
0.2750000000,0.2550000000,138,0.0000027600
0.2750000000,0.2650000000,246,0.0000049200
0.2750000000,0.2750000000,513,0.0000102600
0.2750000000,0.2850000000,970,0.0000194000
0.2750000000,0.2950000000,1431,0.0000286200
0.2750000000,0.3050000000,1898,0.0000379600
0.2750000000,0.3150000000,2079,0.0000415800
0.2750000000,0.3250000000,2532,0.0000506400
0.2750000000,0.3350000000,2694,0.0000538800
0.2750000000,0.3450000000,3011,0.0000602200
0.2750000000,0.3550000000,3389,0.0000677800
0.2750000000,0.3650000000,3630,0.0000726000
0.2750000000,0.3750000000,3867,0.0000773400
0.2750000000,0.3850000000,4075,0.0000815000
0.2750000000,0.3950000000,4446,0.0000889200
0.2750000000,0.4050000000,4568,0.0000913600
0.2750000000,0.4150000000,4839,0.0000967800
0.2750000000,0.4250000000,5163,0.0001032600
0.2750000000,0.4350000000,5434,0.0001086800
0.2750000000,0.4450000000,5962,0.0001192400
0.2750000000,0.4550000000,6632,0.0001326400
0.2750000000,0.4650000000,7690,0.0001538000
0.2750000000,0.4750000000,10205,0.0002041000
0.2750000000,0.4850000000,13061,0.0002612200
0.2750000000,0.4950000000,2689,0.0000537800
0.2750000000,0.5050000000,2642,0.0000528400
0.2750000000,0.5150000000,2615,0.0000523000
0.2750000000,0.5250000000,2711,0.0000542200
0.2750000000,0.5350000000,2721,0.0000544200
0.2750000000,0.5450000000,2824,0.0000564800
0.2750000000,0.5550000000,2799,0.0000559800
0.2750000000,0.5650000000,2797,0.0000559400
0.2750000000,0.5750000000,2867,0.0000573400
0.2750000000,0.5850000000,2880,0.0000576000
0.2750000000,0.5950000000,2835,0.0000567000
0.2750000000,0.6050000000,2977,0.0000595400
0.2750000000,0.6150000000,3038,0.0000607600
0.2750000000,0.6250000000,3048,0.0000609600
0.2750000000,0.6350000000,3180,0.0000636000
0.2750000000,0.6450000000,3071,0.0000614200
0.2750000000,0.6550000000,3140,0.0000628000
0.2750000000,0.6650000000,3132,0.0000626400
0.2750000000,0.6750000000,3298,0.0000659600
0.2750000000,0.6850000000,3472,0.0000694400
0.2750000000,0.6950000000,3438,0.0000687600
0.2750000000,0.7050000000,3631,0.0000726200
0.2750000000,0.7150000000,3571,0.0000714200
0.2750000000,0.7250000000,3750,0.0000750000
0.2750000000,0.7350000000,3853,0.0000770600
0.2750000000,0.7450000000,3936,0.0000787200
0.2750000000,0.7550000000,4034,0.0000806800
0.2750000000,0.7650000000,4315,0.0000863000
0.2750000000,0.7750000000,4495,0.0000899000
0.2750000000,0.7850000000,4840,0.0000968000
0.2750000000,0.7950000000,4975,0.0000995000
0.2750000000,0.8050000000,5268,0.0001053600
0.2750000000,0.8150000000,5857,0.0001171400
0.2750000000,0.8250000000,6178,0.0001235600
0.2750000000,0.8350000000,6970,0.0001394000
0.2750000000,0.8450000000,8142,0.0001628400
0.2750000000,0.8550000000,10217,0.0002043400
0.2750000000,0.8650000000,15018,0.0003003600
0.2750000000,0.8750000000,17658,0.0003531600
0.2750000000,0.8850000000,0,0.0000000000
0.2750000000,0.8950000000,0,0.0000000000
0.2750000000,0.9050000000,0,0.0000000000
0.2750000000,0.9150000000,0,0.0000000000
0.2750000000,0.9250000000,0,0.0000000000
0.2750000000,0.9350000000,0,0.0000000000
0.2750000000,0.9450000000,0,0.0000000000
0.2750000000,0.9550000000,0,0.0000000000
0.2750000000,0.9650000000,0,0.0000000000
0.2750000000,0.9750000000,0,0.0000000000
0.2750000000,0.9850000000,0,0.0000000000
0.2750000000,0.9950000000,0,0.0000000000
0.2850000000,0.0050000000,0,0.0000000000
0.2850000000,0.0150000000,0,0.0000000000
0.2850000000,0.0250000000,0,0.0000000000
0.2850000000,0.0350000000,0,0.0000000000
0.2850000000,0.0450000000,0,0.0000000000
0.2850000000,0.0550000000,0,0.0000000000
0.2850000000,0.0650000000,0,0.0000000000
0.2850000000,0.0750000000,0,0.0000000000
0.2850000000,0.0850000000,0,0.0000000000
0.2850000000,0.0950000000,0,0.0000000000
0.2850000000,0.1050000000,0,0.0000000000
0.2850000000,0.1150000000,0,0.0000000000
0.2850000000,0.1250000000,0,0.0000000000
0.2850000000,0.1350000000,0,0.0000000000
0.2850000000,0.1450000000,0,0.0000000000
0.2850000000,0.1550000000,0,0.0000000000
0.2850000000,0.1650000000,0,0.0000000000
0.2850000000,0.1750000000,0,0.0000000000
0.2850000000,0.1850000000,0,0.0000000000
0.2850000000,0.1950000000,0,0.0000000000
0.2850000000,0.2050000000,0,0.0000000000
0.2850000000,0.2150000000,0,0.0000000000
0.2850000000,0.2250000000,0,0.0000000000
0.2850000000,0.2350000000,0,0.0000000000
0.2850000000,0.2450000000,12,0.0000002400
0.2850000000,0.2550000000,72,0.0000014400
0.2850000000,0.2650000000,203,0.0000040600
0.2850000000,0.2750000000,462,0.0000092400
0.2850000000,0.2850000000,918,0.0000183600
0.2850000000,0.2950000000,1385,0.0000277000
0.2850000000,0.3050000000,1686,0.0000337200
0.2850000000,0.3150000000,2052,0.0000410400
0.2850000000,0.3250000000,2333,0.0000466600
0.2850000000,0.3350000000,2676,0.0000535200
0.2850000000,0.3450000000,2981,0.0000596200
0.2850000000,0.3550000000,3231,0.0000646200
0.2850000000,0.3650000000,3605,0.0000721000
0.2850000000,0.3750000000,3750,0.0000750000
0.2850000000,0.3850000000,4084,0.0000816800
0.2850000000,0.3950000000,4421,0.0000884200
0.2850000000,0.4050000000,4668,0.0000933600
0.2850000000,0.4150000000,4969,0.0000993800
0.2850000000,0.4250000000,5328,0.0001065600
0.2850000000,0.4350000000,5753,0.0001150600
0.2850000000,0.4450000000,6147,0.0001229400
0.2850000000,0.4550000000,7089,0.0001417800
0.2850000000,0.4650000000,9466,0.0001893200
0.2850000000,0.4750000000,13061,0.0002612200
0.2850000000,0.4850000000,2793,0.0000558600
0.2850000000,0.4950000000,2652,0.0000530400
0.2850000000,0.5050000000,2613,0.0000522600
0.2850000000,0.5150000000,2620,0.0000524000
0.2850000000,0.5250000000,2700,0.0000540000
0.2850000000,0.5350000000,2667,0.0000533400
0.2850000000,0.5450000000,2721,0.0000544200
0.2850000000,0.5550000000,2740,0.0000548000
0.2850000000,0.5650000000,2753,0.0000550600
0.2850000000,0.5750000000,2801,0.0000560200
0.2850000000,0.5850000000,2975,0.0000595000
0.2850000000,0.5950000000,2936,0.0000587200
0.2850000000,0.6050000000,2938,0.0000587600
0.2850000000,0.6150000000,2884,0.0000576800
0.2850000000,0.6250000000,3007,0.0000601400
0.2850000000,0.6350000000,3017,0.0000603400
0.2850000000,0.6450000000,3115,0.0000623000
0.2850000000,0.6550000000,3078,0.0000615600
0.2850000000,0.6650000000,3189,0.0000637800
0.2850000000,0.6750000000,3199,0.0000639800
0.2850000000,0.6850000000,3369,0.0000673800
0.2850000000,0.6950000000,3276,0.0000655200
0.2850000000,0.7050000000,3550,0.0000710000
0.2850000000,0.7150000000,3534,0.0000706800
0.2850000000,0.7250000000,3645,0.0000729000
0.2850000000,0.7350000000,3874,0.0000774800
0.2850000000,0.7450000000,3897,0.0000779400
0.2850000000,0.7550000000,4062,0.0000812400
0.2850000000,0.7650000000,4216,0.0000843200
0.2850000000,0.7750000000,4288,0.0000857600
0.2850000000,0.7850000000,4782,0.0000956400
0.2850000000,0.7950000000,4893,0.0000978600
0.2850000000,0.8050000000,5114,0.0001022800
0.2850000000,0.8150000000,5526,0.0001105200
0.2850000000,0.8250000000,5933,0.0001186600
0.2850000000,0.8350000000,6571,0.0001314200
0.2850000000,0.8450000000,7407,0.0001481400
0.2850000000,0.8550000000,8838,0.0001767600
0.2850000000,0.8650000000,11582,0.0002316400
0.2850000000,0.8750000000,23585,0.0004717000
0.2850000000,0.8850000000,2764,0.0000552800
0.2850000000,0.8950000000,0,0.0000000000
0.2850000000,0.9050000000,0,0.0000000000
0.2850000000,0.9150000000,0,0.0000000000
0.2850000000,0.9250000000,0,0.0000000000
0.2850000000,0.9350000000,0,0.0000000000
0.2850000000,0.9450000000,0,0.0000000000
0.2850000000,0.9550000000,0,0.0000000000
0.2850000000,0.9650000000,0,0.0000000000
0.2850000000,0.9750000000,0,0.0000000000
0.2850000000,0.9850000000,0,0.0000000000
0.2850000000,0.9950000000,0,0.0000000000
0.2950000000,0.0050000000,0,0.0000000000
0.2950000000,0.0150000000,0,0.0000000000
0.2950000000,0.0250000000,0,0.0000000000
0.2950000000,0.0350000000,0,0.0000000000
0.2950000000,0.0450000000,0,0.0000000000
0.2950000000,0.0550000000,0,0.0000000000
0.2950000000,0.0650000000,0,0.0000000000
0.2950000000,0.0750000000,0,0.0000000000
0.2950000000,0.0850000000,0,0.0000000000
0.2950000000,0.0950000000,0,0.0000000000
0.2950000000,0.1050000000,0,0.0000000000
0.2950000000,0.1150000000,0,0.0000000000
0.2950000000,0.1250000000,0,0.0000000000
0.2950000000,0.1350000000,0,0.0000000000
0.2950000000,0.1450000000,0,0.0000000000
0.2950000000,0.1550000000,0,0.0000000000
0.2950000000,0.1650000000,0,0.0000000000
0.2950000000,0.1750000000,0,0.0000000000
0.2950000000,0.1850000000,0,0.0000000000
0.2950000000,0.1950000000,0,0.0000000000
0.2950000000,0.2050000000,0,0.0000000000
0.2950000000,0.2150000000,0,0.0000000000
0.2950000000,0.2250000000,0,0.0000000000
0.2950000000,0.2350000000,0,0.0000000000
0.2950000000,0.2450000000,0,0.0000000000
0.2950000000,0.2550000000,31,0.0000006200
0.2950000000,0.2650000000,126,0.0000025200
0.2950000000,0.2750000000,430,0.0000086000
0.2950000000,0.2850000000,924,0.0000184800
0.2950000000,0.2950000000,1254,0.0000250800
0.2950000000,0.3050000000,1639,0.0000327800
0.2950000000,0.3150000000,2002,0.0000400400
0.2950000000,0.3250000000,2328,0.0000465600
0.2950000000,0.3350000000,2648,0.0000529600
0.2950000000,0.3450000000,2871,0.0000574200
0.2950000000,0.3550000000,3252,0.0000650400
0.2950000000,0.3650000000,3482,0.0000696400
0.2950000000,0.3750000000,3716,0.0000743200
0.2950000000,0.3850000000,4078,0.0000815600
0.2950000000,0.3950000000,4368,0.0000873600
0.2950000000,0.4050000000,4648,0.0000929600
0.2950000000,0.4150000000,5078,0.0001015600
0.2950000000,0.4250000000,5420,0.0001084000
0.2950000000,0.4350000000,6002,0.0001200400
0.2950000000,0.4450000000,6807,0.0001361400
0.2950000000,0.4550000000,8628,0.0001725600
0.2950000000,0.4650000000,12972,0.0002594400
0.2950000000,0.4750000000,3190,0.0000638000
0.2950000000,0.4850000000,2587,0.0000517400
0.2950000000,0.4950000000,2640,0.0000528000
0.2950000000,0.5050000000,2748,0.0000549600
0.2950000000,0.5150000000,2627,0.0000525400
0.2950000000,0.5250000000,2607,0.0000521400
0.2950000000,0.5350000000,2685,0.0000537000
0.2950000000,0.5450000000,2747,0.0000549400
0.2950000000,0.5550000000,2765,0.0000553000
0.2950000000,0.5650000000,2715,0.0000543000
0.2950000000,0.5750000000,2891,0.0000578200
0.2950000000,0.5850000000,2828,0.0000565600
0.2950000000,0.5950000000,2844,0.0000568800
0.2950000000,0.6050000000,2889,0.0000577800
0.2950000000,0.6150000000,2939,0.0000587800
0.2950000000,0.6250000000,2934,0.0000586800
0.2950000000,0.6350000000,2938,0.0000587600
0.2950000000,0.6450000000,3135,0.0000627000
0.2950000000,0.6550000000,3140,0.0000628000
0.2950000000,0.6650000000,3189,0.0000637800
0.2950000000,0.6750000000,3230,0.0000646000
0.2950000000,0.6850000000,3467,0.0000693400
0.2950000000,0.6950000000,3384,0.0000676800
0.2950000000,0.7050000000,3418,0.0000683600
0.2950000000,0.7150000000,3598,0.0000719600
0.2950000000,0.7250000000,3682,0.0000736400
0.2950000000,0.7350000000,3818,0.0000763600
0.2950000000,0.7450000000,3780,0.0000756000
0.2950000000,0.7550000000,3920,0.0000784000
0.2950000000,0.7650000000,4188,0.0000837600
0.2950000000,0.7750000000,4317,0.0000863400
0.2950000000,0.7850000000,4561,0.0000912200
0.2950000000,0.7950000000,4776,0.0000955200
0.2950000000,0.8050000000,5000,0.0001000000
0.2950000000,0.8150000000,5285,0.0001057000
0.2950000000,0.8250000000,5773,0.0001154600
0.2950000000,0.8350000000,6371,0.0001274200
0.2950000000,0.8450000000,7191,0.0001438200
0.2950000000,0.8550000000,8196,0.0001639200
0.2950000000,0.8650000000,10110,0.0002022000
0.2950000000,0.8750000000,15179,0.0003035800
0.2950000000,0.8850000000,17709,0.0003541800
0.2950000000,0.8950000000,0,0.0000000000
0.2950000000,0.9050000000,0,0.0000000000
0.2950000000,0.9150000000,0,0.0000000000
0.2950000000,0.9250000000,0,0.0000000000
0.2950000000,0.9350000000,0,0.0000000000
0.2950000000,0.9450000000,0,0.0000000000
0.2950000000,0.9550000000,0,0.0000000000
0.2950000000,0.9650000000,0,0.0000000000
0.2950000000,0.9750000000,0,0.0000000000
0.2950000000,0.9850000000,0,0.0000000000
0.2950000000,0.9950000000,0,0.0000000000
0.3050000000,0.0050000000,0,0.0000000000
0.3050000000,0.0150000000,0,0.0000000000
0.3050000000,0.0250000000,0,0.0000000000
0.3050000000,0.0350000000,0,0.0000000000
0.3050000000,0.0450000000,0,0.0000000000
0.3050000000,0.0550000000,0,0.0000000000
0.3050000000,0.0650000000,0,0.0000000000
0.3050000000,0.0750000000,0,0.0000000000
0.3050000000,0.0850000000,0,0.0000000000
0.3050000000,0.0950000000,0,0.0000000000
0.3050000000,0.1050000000,0,0.0000000000
0.3050000000,0.1150000000,0,0.0000000000
0.3050000000,0.1250000000,0,0.0000000000
0.3050000000,0.1350000000,0,0.0000000000
0.3050000000,0.1450000000,0,0.0000000000
0.3050000000,0.1550000000,0,0.0000000000
0.3050000000,0.1650000000,0,0.0000000000
0.3050000000,0.1750000000,0,0.0000000000
0.3050000000,0.1850000000,0,0.0000000000
0.3050000000,0.1950000000,0,0.0000000000
0.3050000000,0.2050000000,0,0.0000000000
0.3050000000,0.2150000000,0,0.0000000000
0.3050000000,0.2250000000,0,0.0000000000
0.3050000000,0.2350000000,0,0.0000000000
0.3050000000,0.2450000000,0,0.0000000000
0.3050000000,0.2550000000,1,0.0000000200
0.3050000000,0.2650000000,65,0.0000013000
0.3050000000,0.2750000000,407,0.0000081400
0.3050000000,0.2850000000,750,0.0000150000
0.3050000000,0.2950000000,1193,0.0000238600
0.3050000000,0.3050000000,1553,0.0000310600
0.3050000000,0.3150000000,1910,0.0000382000
0.3050000000,0.3250000000,2184,0.0000436800
0.3050000000,0.3350000000,2550,0.0000510000
0.3050000000,0.3450000000,2915,0.0000583000
0.3050000000,0.3550000000,3101,0.0000620200
0.3050000000,0.3650000000,3444,0.0000688800
0.3050000000,0.3750000000,3712,0.0000742400
0.3050000000,0.3850000000,3977,0.0000795400
0.3050000000,0.3950000000,4310,0.0000862000
0.3050000000,0.4050000000,4785,0.0000957000
0.3050000000,0.4150000000,5181,0.0001036200
0.3050000000,0.4250000000,5702,0.0001140400
0.3050000000,0.4350000000,6387,0.0001277400
0.3050000000,0.4450000000,8001,0.0001600200
0.3050000000,0.4550000000,12285,0.0002457000
0.3050000000,0.4650000000,3732,0.0000746400
0.3050000000,0.4750000000,2611,0.0000522200
0.3050000000,0.4850000000,2553,0.0000510600
0.3050000000,0.4950000000,2467,0.0000493400
0.3050000000,0.5050000000,2641,0.0000528200
0.3050000000,0.5150000000,2680,0.0000536000
0.3050000000,0.5250000000,2736,0.0000547200
0.3050000000,0.5350000000,2663,0.0000532600
0.3050000000,0.5450000000,2729,0.0000545800
0.3050000000,0.5550000000,2737,0.0000547400
0.3050000000,0.5650000000,2749,0.0000549800
0.3050000000,0.5750000000,2799,0.0000559800
0.3050000000,0.5850000000,2852,0.0000570400
0.3050000000,0.5950000000,2882,0.0000576400
0.3050000000,0.6050000000,2845,0.0000569000
0.3050000000,0.6150000000,2887,0.0000577400
0.3050000000,0.6250000000,2935,0.0000587000
0.3050000000,0.6350000000,3006,0.0000601200
0.3050000000,0.6450000000,3056,0.0000611200
0.3050000000,0.6550000000,3093,0.0000618600
0.3050000000,0.6650000000,3250,0.0000650000
0.3050000000,0.6750000000,3155,0.0000631000
0.3050000000,0.6850000000,3322,0.0000664400
0.3050000000,0.6950000000,3453,0.0000690600
0.3050000000,0.7050000000,3499,0.0000699800
0.3050000000,0.7150000000,3602,0.0000720400
0.3050000000,0.7250000000,3573,0.0000714600
0.3050000000,0.7350000000,3704,0.0000740800
0.3050000000,0.7450000000,3896,0.0000779200
0.3050000000,0.7550000000,3947,0.0000789400
0.3050000000,0.7650000000,4048,0.0000809600
0.3050000000,0.7750000000,4178,0.0000835600
0.3050000000,0.7850000000,4383,0.0000876600
0.3050000000,0.7950000000,4646,0.0000929200
0.3050000000,0.8050000000,4864,0.0000972800
0.3050000000,0.8150000000,5265,0.0001053000
0.3050000000,0.8250000000,5521,0.0001104200
0.3050000000,0.8350000000,6049,0.0001209800
0.3050000000,0.8450000000,6718,0.0001343600
0.3050000000,0.8550000000,7578,0.0001515600
0.3050000000,0.8650000000,9036,0.0001807200
0.3050000000,0.8750000000,11988,0.0002397600
0.3050000000,0.8850000000,24071,0.0004814200
0.3050000000,0.8950000000,2145,0.0000429000
0.3050000000,0.9050000000,0,0.0000000000
0.3050000000,0.9150000000,0,0.0000000000
0.3050000000,0.9250000000,0,0.0000000000
0.3050000000,0.9350000000,0,0.0000000000
0.3050000000,0.9450000000,0,0.0000000000
0.3050000000,0.9550000000,0,0.0000000000
0.3050000000,0.9650000000,0,0.0000000000
0.3050000000,0.9750000000,0,0.0000000000
0.3050000000,0.9850000000,0,0.0000000000
0.3050000000,0.9950000000,0,0.0000000000
0.3150000000,0.0050000000,0,0.0000000000
0.3150000000,0.0150000000,0,0.0000000000
0.3150000000,0.0250000000,0,0.0000000000
0.3150000000,0.0350000000,0,0.0000000000
0.3150000000,0.0450000000,0,0.0000000000
0.3150000000,0.0550000000,0,0.0000000000
0.3150000000,0.0650000000,0,0.0000000000
0.3150000000,0.0750000000,0,0.0000000000
0.3150000000,0.0850000000,0,0.0000000000
0.3150000000,0.0950000000,0,0.0000000000
0.3150000000,0.1050000000,0,0.0000000000
0.3150000000,0.1150000000,0,0.0000000000
0.3150000000,0.1250000000,0,0.0000000000
0.3150000000,0.1350000000,0,0.0000000000
0.3150000000,0.1450000000,0,0.0000000000
0.3150000000,0.1550000000,0,0.0000000000
0.3150000000,0.1650000000,0,0.0000000000
0.3150000000,0.1750000000,0,0.0000000000
0.3150000000,0.1850000000,0,0.0000000000
0.3150000000,0.1950000000,0,0.0000000000
0.3150000000,0.2050000000,0,0.0000000000
0.3150000000,0.2150000000,0,0.0000000000
0.3150000000,0.2250000000,0,0.0000000000
0.3150000000,0.2350000000,0,0.0000000000
0.3150000000,0.2450000000,0,0.0000000000
0.3150000000,0.2550000000,0,0.0000000000
0.3150000000,0.2650000000,20,0.0000004000
0.3150000000,0.2750000000,343,0.0000068600
0.3150000000,0.2850000000,737,0.0000147400
0.3150000000,0.2950000000,1080,0.0000216000
0.3150000000,0.3050000000,1458,0.0000291600
0.3150000000,0.3150000000,1824,0.0000364800
0.3150000000,0.3250000000,2234,0.0000446800
0.3150000000,0.3350000000,2411,0.0000482200
0.3150000000,0.3450000000,2810,0.0000562000
0.3150000000,0.3550000000,3090,0.0000618000
0.3150000000,0.3650000000,3283,0.0000656600
0.3150000000,0.3750000000,3683,0.0000736600
0.3150000000,0.3850000000,4040,0.0000808000
0.3150000000,0.3950000000,4312,0.0000862400
0.3150000000,0.4050000000,4805,0.0000961000
0.3150000000,0.4150000000,5423,0.0001084600
0.3150000000,0.4250000000,5965,0.0001193000
0.3150000000,0.4350000000,7550,0.0001510000
0.3150000000,0.4450000000,11467,0.0002293400
0.3150000000,0.4550000000,3932,0.0000786400
0.3150000000,0.4650000000,2676,0.0000535200
0.3150000000,0.4750000000,2574,0.0000514800
0.3150000000,0.4850000000,2546,0.0000509200
0.3150000000,0.4950000000,2602,0.0000520400
0.3150000000,0.5050000000,2650,0.0000530000
0.3150000000,0.5150000000,2591,0.0000518200
0.3150000000,0.5250000000,2683,0.0000536600
0.3150000000,0.5350000000,2675,0.0000535000
0.3150000000,0.5450000000,2718,0.0000543600
0.3150000000,0.5550000000,2741,0.0000548200
0.3150000000,0.5650000000,2735,0.0000547000
0.3150000000,0.5750000000,2739,0.0000547800
0.3150000000,0.5850000000,2806,0.0000561200
0.3150000000,0.5950000000,2825,0.0000565000
0.3150000000,0.6050000000,2808,0.0000561600
0.3150000000,0.6150000000,2871,0.0000574200
0.3150000000,0.6250000000,3014,0.0000602800
0.3150000000,0.6350000000,3043,0.0000608600
0.3150000000,0.6450000000,3042,0.0000608400
0.3150000000,0.6550000000,3132,0.0000626400
0.3150000000,0.6650000000,3120,0.0000624000
0.3150000000,0.6750000000,3191,0.0000638200
0.3150000000,0.6850000000,3259,0.0000651800
0.3150000000,0.6950000000,3384,0.0000676800
0.3150000000,0.7050000000,3434,0.0000686800
0.3150000000,0.7150000000,3510,0.0000702000
0.3150000000,0.7250000000,3598,0.0000719600
0.3150000000,0.7350000000,3752,0.0000750400
0.3150000000,0.7450000000,3846,0.0000769200
0.3150000000,0.7550000000,3921,0.0000784200
0.3150000000,0.7650000000,4068,0.0000813600
0.3150000000,0.7750000000,4238,0.0000847600
0.3150000000,0.7850000000,4352,0.0000870400
0.3150000000,0.7950000000,4489,0.0000897800
0.3150000000,0.8050000000,4763,0.0000952600
0.3150000000,0.8150000000,5044,0.0001008800
0.3150000000,0.8250000000,5243,0.0001048600
0.3150000000,0.8350000000,5797,0.0001159400
0.3150000000,0.8450000000,6463,0.0001292600
0.3150000000,0.8550000000,7091,0.0001418200
0.3150000000,0.8650000000,8198,0.0001639600
0.3150000000,0.8750000000,10345,0.0002069000
0.3150000000,0.8850000000,15806,0.0003161200
0.3150000000,0.8950000000,16787,0.0003357400
0.3150000000,0.9050000000,0,0.0000000000
0.3150000000,0.9150000000,0,0.0000000000
0.3150000000,0.9250000000,0,0.0000000000
0.3150000000,0.9350000000,0,0.0000000000
0.3150000000,0.9450000000,0,0.0000000000
0.3150000000,0.9550000000,0,0.0000000000
0.3150000000,0.9650000000,0,0.0000000000
0.3150000000,0.9750000000,0,0.0000000000
0.3150000000,0.9850000000,0,0.0000000000
0.3150000000,0.9950000000,0,0.0000000000
0.3250000000,0.0050000000,0,0.0000000000
0.3250000000,0.0150000000,0,0.0000000000
0.3250000000,0.0250000000,0,0.0000000000
0.3250000000,0.0350000000,0,0.0000000000
0.3250000000,0.0450000000,0,0.0000000000
0.3250000000,0.0550000000,0,0.0000000000
0.3250000000,0.0650000000,0,0.0000000000
0.3250000000,0.0750000000,0,0.0000000000
0.3250000000,0.0850000000,0,0.0000000000
0.3250000000,0.0950000000,0,0.0000000000
0.3250000000,0.1050000000,0,0.0000000000
0.3250000000,0.1150000000,0,0.0000000000
0.3250000000,0.1250000000,0,0.0000000000
0.3250000000,0.1350000000,0,0.0000000000
0.3250000000,0.1450000000,0,0.0000000000
0.3250000000,0.1550000000,0,0.0000000000
0.3250000000,0.1650000000,0,0.0000000000
0.3250000000,0.1750000000,0,0.0000000000
0.3250000000,0.1850000000,0,0.0000000000
0.3250000000,0.1950000000,0,0.0000000000
0.3250000000,0.2050000000,0,0.0000000000
0.3250000000,0.2150000000,0,0.0000000000
0.3250000000,0.2250000000,0,0.0000000000
0.3250000000,0.2350000000,0,0.0000000000
0.3250000000,0.2450000000,0,0.0000000000
0.3250000000,0.2550000000,0,0.0000000000
0.3250000000,0.2650000000,37,0.0000007400
0.3250000000,0.2750000000,269,0.0000053800
0.3250000000,0.2850000000,646,0.0000129200
0.3250000000,0.2950000000,1050,0.0000210000
0.3250000000,0.3050000000,1432,0.0000286400
0.3250000000,0.3150000000,1760,0.0000352000
0.3250000000,0.3250000000,2100,0.0000420000
0.3250000000,0.3350000000,2398,0.0000479600
0.3250000000,0.3450000000,2797,0.0000559400
0.3250000000,0.3550000000,3103,0.0000620600
0.3250000000,0.3650000000,3342,0.0000668400
0.3250000000,0.3750000000,3860,0.0000772000
0.3250000000,0.3850000000,4089,0.0000817800
0.3250000000,0.3950000000,4461,0.0000892200
0.3250000000,0.4050000000,4985,0.0000997000
0.3250000000,0.4150000000,5714,0.0001142800
0.3250000000,0.4250000000,6890,0.0001378000
0.3250000000,0.4350000000,10958,0.0002191600
0.3250000000,0.4450000000,4241,0.0000848200
0.3250000000,0.4550000000,2600,0.0000520000
0.3250000000,0.4650000000,2472,0.0000494400
0.3250000000,0.4750000000,2609,0.0000521800
0.3250000000,0.4850000000,2505,0.0000501000
0.3250000000,0.4950000000,2535,0.0000507000
0.3250000000,0.5050000000,2665,0.0000533000
0.3250000000,0.5150000000,2633,0.0000526600
0.3250000000,0.5250000000,2725,0.0000545000
0.3250000000,0.5350000000,2560,0.0000512000
0.3250000000,0.5450000000,2734,0.0000546800
0.3250000000,0.5550000000,2789,0.0000557800
0.3250000000,0.5650000000,2825,0.0000565000
0.3250000000,0.5750000000,2902,0.0000580400
0.3250000000,0.5850000000,2741,0.0000548200
0.3250000000,0.5950000000,2875,0.0000575000
0.3250000000,0.6050000000,2900,0.0000580000
0.3250000000,0.6150000000,2866,0.0000573200
0.3250000000,0.6250000000,3006,0.0000601200
0.3250000000,0.6350000000,2936,0.0000587200
0.3250000000,0.6450000000,3069,0.0000613800
0.3250000000,0.6550000000,3104,0.0000620800
0.3250000000,0.6650000000,3202,0.0000640400
0.3250000000,0.6750000000,3008,0.0000601600
0.3250000000,0.6850000000,3200,0.0000640000
0.3250000000,0.6950000000,3285,0.0000657000
0.3250000000,0.7050000000,3405,0.0000681000
0.3250000000,0.7150000000,3382,0.0000676400
0.3250000000,0.7250000000,3426,0.0000685200
0.3250000000,0.7350000000,3694,0.0000738800
0.3250000000,0.7450000000,3694,0.0000738800
0.3250000000,0.7550000000,3800,0.0000760000
0.3250000000,0.7650000000,3901,0.0000780200
0.3250000000,0.7750000000,4158,0.0000831600
0.3250000000,0.7850000000,4342,0.0000868400
0.3250000000,0.7950000000,4540,0.0000908000
0.3250000000,0.8050000000,4691,0.0000938200
0.3250000000,0.8150000000,4935,0.0000987000
0.3250000000,0.8250000000,5320,0.0001064000
0.3250000000,0.8350000000,5611,0.0001122200
0.3250000000,0.8450000000,6142,0.0001228400
0.3250000000,0.8550000000,6724,0.0001344800
0.3250000000,0.8650000000,7435,0.0001487000
0.3250000000,0.8750000000,9121,0.0001824200
0.3250000000,0.8850000000,12289,0.0002457800
0.3250000000,0.8950000000,24482,0.0004896400
0.3250000000,0.9050000000,994,0.0000198800
0.3250000000,0.9150000000,0,0.0000000000
0.3250000000,0.9250000000,0,0.0000000000
0.3250000000,0.9350000000,0,0.0000000000
0.3250000000,0.9450000000,0,0.0000000000
0.3250000000,0.9550000000,0,0.0000000000
0.3250000000,0.9650000000,0,0.0000000000
0.3250000000,0.9750000000,0,0.0000000000
0.3250000000,0.9850000000,0,0.0000000000
0.3250000000,0.9950000000,0,0.0000000000
0.3350000000,0.0050000000,0,0.0000000000
0.3350000000,0.0150000000,0,0.0000000000
0.3350000000,0.0250000000,0,0.0000000000
0.3350000000,0.0350000000,0,0.0000000000
0.3350000000,0.0450000000,0,0.0000000000
0.3350000000,0.0550000000,0,0.0000000000
0.3350000000,0.0650000000,0,0.0000000000
0.3350000000,0.0750000000,0,0.0000000000
0.3350000000,0.0850000000,0,0.0000000000
0.3350000000,0.0950000000,0,0.0000000000
0.3350000000,0.1050000000,0,0.0000000000
0.3350000000,0.1150000000,0,0.0000000000
0.3350000000,0.1250000000,0,0.0000000000
0.3350000000,0.1350000000,0,0.0000000000
0.3350000000,0.1450000000,0,0.0000000000
0.3350000000,0.1550000000,0,0.0000000000
0.3350000000,0.1650000000,0,0.0000000000
0.3350000000,0.1750000000,0,0.0000000000
0.3350000000,0.1850000000,0,0.0000000000
0.3350000000,0.1950000000,0,0.0000000000
0.3350000000,0.2050000000,0,0.0000000000
0.3350000000,0.2150000000,0,0.0000000000
0.3350000000,0.2250000000,0,0.0000000000
0.3350000000,0.2350000000,0,0.0000000000
0.3350000000,0.2450000000,0,0.0000000000
0.3350000000,0.2550000000,0,0.0000000000
0.3350000000,0.2650000000,35,0.0000007000
0.3350000000,0.2750000000,278,0.0000055600
0.3350000000,0.2850000000,565,0.0000113000
0.3350000000,0.2950000000,895,0.0000179000
0.3350000000,0.3050000000,1330,0.0000266000
0.3350000000,0.3150000000,1702,0.0000340400
0.3350000000,0.3250000000,2051,0.0000410200
0.3350000000,0.3350000000,2293,0.0000458600
0.3350000000,0.3450000000,2618,0.0000523600
0.3350000000,0.3550000000,3016,0.0000603200
0.3350000000,0.3650000000,3367,0.0000673400
0.3350000000,0.3750000000,3666,0.0000733200
0.3350000000,0.3850000000,4160,0.0000832000
0.3350000000,0.3950000000,4645,0.0000929000
0.3350000000,0.4050000000,5376,0.0001075200
0.3350000000,0.4150000000,6485,0.0001297000
0.3350000000,0.4250000000,9839,0.0001967800
0.3350000000,0.4350000000,4339,0.0000867800
0.3350000000,0.4450000000,2617,0.0000523400
0.3350000000,0.4550000000,2598,0.0000519600
0.3350000000,0.4650000000,2518,0.0000503600
0.3350000000,0.4750000000,2480,0.0000496000
0.3350000000,0.4850000000,2562,0.0000512400
0.3350000000,0.4950000000,2490,0.0000498000
0.3350000000,0.5050000000,2578,0.0000515600
0.3350000000,0.5150000000,2708,0.0000541600
0.3350000000,0.5250000000,2641,0.0000528200
0.3350000000,0.5350000000,2670,0.0000534000
0.3350000000,0.5450000000,2623,0.0000524600
0.3350000000,0.5550000000,2654,0.0000530800
0.3350000000,0.5650000000,2758,0.0000551600
0.3350000000,0.5750000000,2781,0.0000556200
0.3350000000,0.5850000000,2811,0.0000562200
0.3350000000,0.5950000000,2853,0.0000570600
0.3350000000,0.6050000000,2768,0.0000553600
0.3350000000,0.6150000000,2874,0.0000574800
0.3350000000,0.6250000000,2887,0.0000577400
0.3350000000,0.6350000000,3012,0.0000602400
0.3350000000,0.6450000000,2967,0.0000593400
0.3350000000,0.6550000000,3084,0.0000616800
0.3350000000,0.6650000000,3141,0.0000628200
0.3350000000,0.6750000000,3107,0.0000621400
0.3350000000,0.6850000000,3241,0.0000648200
0.3350000000,0.6950000000,3258,0.0000651600
0.3350000000,0.7050000000,3326,0.0000665200
0.3350000000,0.7150000000,3426,0.0000685200
0.3350000000,0.7250000000,3514,0.0000702800
0.3350000000,0.7350000000,3731,0.0000746200
0.3350000000,0.7450000000,3754,0.0000750800
0.3350000000,0.7550000000,3819,0.0000763800
0.3350000000,0.7650000000,3845,0.0000769000
0.3350000000,0.7750000000,3995,0.0000799000
0.3350000000,0.7850000000,4230,0.0000846000
0.3350000000,0.7950000000,4315,0.0000863000
0.3350000000,0.8050000000,4485,0.0000897000
0.3350000000,0.8150000000,4791,0.0000958200
0.3350000000,0.8250000000,5173,0.0001034600
0.3350000000,0.8350000000,5497,0.0001099400
0.3350000000,0.8450000000,5840,0.0001168000
0.3350000000,0.8550000000,6396,0.0001279200
0.3350000000,0.8650000000,7068,0.0001413600
0.3350000000,0.8750000000,8397,0.0001679400
0.3350000000,0.8850000000,10540,0.0002108000
0.3350000000,0.8950000000,16722,0.0003344400
0.3350000000,0.9050000000,14869,0.0002973800
0.3350000000,0.9150000000,0,0.0000000000
0.3350000000,0.9250000000,0,0.0000000000
0.3350000000,0.9350000000,0,0.0000000000
0.3350000000,0.9450000000,0,0.0000000000
0.3350000000,0.9550000000,0,0.0000000000
0.3350000000,0.9650000000,0,0.0000000000
0.3350000000,0.9750000000,0,0.0000000000
0.3350000000,0.9850000000,0,0.0000000000
0.3350000000,0.9950000000,0,0.0000000000
0.3450000000,0.0050000000,0,0.0000000000
0.3450000000,0.0150000000,0,0.0000000000
0.3450000000,0.0250000000,0,0.0000000000
0.3450000000,0.0350000000,0,0.0000000000
0.3450000000,0.0450000000,0,0.0000000000
0.3450000000,0.0550000000,0,0.0000000000
0.3450000000,0.0650000000,0,0.0000000000
0.3450000000,0.0750000000,0,0.0000000000
0.3450000000,0.0850000000,0,0.0000000000
0.3450000000,0.0950000000,0,0.0000000000
0.3450000000,0.1050000000,0,0.0000000000
0.3450000000,0.1150000000,0,0.0000000000
0.3450000000,0.1250000000,0,0.0000000000
0.3450000000,0.1350000000,0,0.0000000000
0.3450000000,0.1450000000,0,0.0000000000
0.3450000000,0.1550000000,0,0.0000000000
0.3450000000,0.1650000000,0,0.0000000000
0.3450000000,0.1750000000,0,0.0000000000
0.3450000000,0.1850000000,0,0.0000000000
0.3450000000,0.1950000000,0,0.0000000000
0.3450000000,0.2050000000,0,0.0000000000
0.3450000000,0.2150000000,0,0.0000000000
0.3450000000,0.2250000000,0,0.0000000000
0.3450000000,0.2350000000,0,0.0000000000
0.3450000000,0.2450000000,0,0.0000000000
0.3450000000,0.2550000000,0,0.0000000000
0.3450000000,0.2650000000,52,0.0000010400
0.3450000000,0.2750000000,305,0.0000061000
0.3450000000,0.2850000000,608,0.0000121600
0.3450000000,0.2950000000,841,0.0000168200
0.3450000000,0.3050000000,1211,0.0000242200
0.3450000000,0.3150000000,1587,0.0000317400
0.3450000000,0.3250000000,1885,0.0000377000
0.3450000000,0.3350000000,2285,0.0000457000
0.3450000000,0.3450000000,2629,0.0000525800
0.3450000000,0.3550000000,2966,0.0000593200
0.3450000000,0.3650000000,3321,0.0000664200
0.3450000000,0.3750000000,3694,0.0000738800
0.3450000000,0.3850000000,4062,0.0000812400
0.3450000000,0.3950000000,4863,0.0000972600
0.3450000000,0.4050000000,5852,0.0001170400
0.3450000000,0.4150000000,9116,0.0001823200
0.3450000000,0.4250000000,4366,0.0000873200
0.3450000000,0.4350000000,2539,0.0000507800
0.3450000000,0.4450000000,2539,0.0000507800
0.3450000000,0.4550000000,2564,0.0000512800
0.3450000000,0.4650000000,2564,0.0000512800
0.3450000000,0.4750000000,2526,0.0000505200
0.3450000000,0.4850000000,2535,0.0000507000
0.3450000000,0.4950000000,2552,0.0000510400
0.3450000000,0.5050000000,2645,0.0000529000
0.3450000000,0.5150000000,2684,0.0000536800
0.3450000000,0.5250000000,2687,0.0000537400
0.3450000000,0.5350000000,2701,0.0000540200
0.3450000000,0.5450000000,2640,0.0000528000
0.3450000000,0.5550000000,2637,0.0000527400
0.3450000000,0.5650000000,2741,0.0000548200
0.3450000000,0.5750000000,2809,0.0000561800
0.3450000000,0.5850000000,2861,0.0000572200
0.3450000000,0.5950000000,2757,0.0000551400
0.3450000000,0.6050000000,2895,0.0000579000
0.3450000000,0.6150000000,2886,0.0000577200
0.3450000000,0.6250000000,2972,0.0000594400
0.3450000000,0.6350000000,2921,0.0000584200
0.3450000000,0.6450000000,3026,0.0000605200
0.3450000000,0.6550000000,3060,0.0000612000
0.3450000000,0.6650000000,3152,0.0000630400
0.3450000000,0.6750000000,3033,0.0000606600
0.3450000000,0.6850000000,3128,0.0000625600
0.3450000000,0.6950000000,3395,0.0000679000
0.3450000000,0.7050000000,3355,0.0000671000
0.3450000000,0.7150000000,3269,0.0000653800
0.3450000000,0.7250000000,3584,0.0000716800
0.3450000000,0.7350000000,3536,0.0000707200
0.3450000000,0.7450000000,3627,0.0000725400
0.3450000000,0.7550000000,3800,0.0000760000
0.3450000000,0.7650000000,3799,0.0000759800
0.3450000000,0.7750000000,4024,0.0000804800
0.3450000000,0.7850000000,4059,0.0000811800
0.3450000000,0.7950000000,4274,0.0000854800
0.3450000000,0.8050000000,4499,0.0000899800
0.3450000000,0.8150000000,4780,0.0000956000
0.3450000000,0.8250000000,5006,0.0001001200
0.3450000000,0.8350000000,5257,0.0001051400
0.3450000000,0.8450000000,5726,0.0001145200
0.3450000000,0.8550000000,6212,0.0001242400
0.3450000000,0.8650000000,6810,0.0001362000
0.3450000000,0.8750000000,7674,0.0001534800
0.3450000000,0.8850000000,9412,0.0001882400
0.3450000000,0.8950000000,12640,0.0002528000
0.3450000000,0.9050000000,24263,0.0004852600
0.3450000000,0.9150000000,0,0.0000000000
0.3450000000,0.9250000000,0,0.0000000000
0.3450000000,0.9350000000,0,0.0000000000
0.3450000000,0.9450000000,0,0.0000000000
0.3450000000,0.9550000000,0,0.0000000000
0.3450000000,0.9650000000,0,0.0000000000
0.3450000000,0.9750000000,0,0.0000000000
0.3450000000,0.9850000000,0,0.0000000000
0.3450000000,0.9950000000,0,0.0000000000
0.3550000000,0.0050000000,0,0.0000000000
0.3550000000,0.0150000000,0,0.0000000000
0.3550000000,0.0250000000,0,0.0000000000
0.3550000000,0.0350000000,0,0.0000000000
0.3550000000,0.0450000000,0,0.0000000000
0.3550000000,0.0550000000,0,0.0000000000
0.3550000000,0.0650000000,0,0.0000000000
0.3550000000,0.0750000000,0,0.0000000000
0.3550000000,0.0850000000,0,0.0000000000
0.3550000000,0.0950000000,0,0.0000000000
0.3550000000,0.1050000000,0,0.0000000000
0.3550000000,0.1150000000,0,0.0000000000
0.3550000000,0.1250000000,0,0.0000000000
0.3550000000,0.1350000000,0,0.0000000000
0.3550000000,0.1450000000,0,0.0000000000
0.3550000000,0.1550000000,0,0.0000000000
0.3550000000,0.1650000000,0,0.0000000000
0.3550000000,0.1750000000,0,0.0000000000
0.3550000000,0.1850000000,0,0.0000000000
0.3550000000,0.1950000000,0,0.0000000000
0.3550000000,0.2050000000,0,0.0000000000
0.3550000000,0.2150000000,0,0.0000000000
0.3550000000,0.2250000000,0,0.0000000000
0.3550000000,0.2350000000,0,0.0000000000
0.3550000000,0.2450000000,0,0.0000000000
0.3550000000,0.2550000000,0,0.0000000000
0.3550000000,0.2650000000,61,0.0000012200
0.3550000000,0.2750000000,322,0.0000064400
0.3550000000,0.2850000000,603,0.0000120600
0.3550000000,0.2950000000,860,0.0000172000
0.3550000000,0.3050000000,1169,0.0000233800
0.3550000000,0.3150000000,1387,0.0000277400
0.3550000000,0.3250000000,1823,0.0000364600
0.3550000000,0.3350000000,2234,0.0000446800
0.3550000000,0.3450000000,2484,0.0000496800
0.3550000000,0.3550000000,2876,0.0000575200
0.3550000000,0.3650000000,3255,0.0000651000
0.3550000000,0.3750000000,3766,0.0000753200
0.3550000000,0.3850000000,4218,0.0000843600
0.3550000000,0.3950000000,5258,0.0001051600
0.3550000000,0.4050000000,8065,0.0001613000
0.3550000000,0.4150000000,4329,0.0000865800
0.3550000000,0.4250000000,2568,0.0000513600
0.3550000000,0.4350000000,2490,0.0000498000
0.3550000000,0.4450000000,2471,0.0000494200
0.3550000000,0.4550000000,2544,0.0000508800
0.3550000000,0.4650000000,2589,0.0000517800
0.3550000000,0.4750000000,2652,0.0000530400
0.3550000000,0.4850000000,2601,0.0000520200
0.3550000000,0.4950000000,2681,0.0000536200
0.3550000000,0.5050000000,2670,0.0000534000
0.3550000000,0.5150000000,2545,0.0000509000
0.3550000000,0.5250000000,2644,0.0000528800
0.3550000000,0.5350000000,2752,0.0000550400
0.3550000000,0.5450000000,2809,0.0000561800
0.3550000000,0.5550000000,2762,0.0000552400
0.3550000000,0.5650000000,2661,0.0000532200
0.3550000000,0.5750000000,2764,0.0000552800
0.3550000000,0.5850000000,2785,0.0000557000
0.3550000000,0.5950000000,2869,0.0000573800
0.3550000000,0.6050000000,2767,0.0000553400
0.3550000000,0.6150000000,2905,0.0000581000
0.3550000000,0.6250000000,2937,0.0000587400
0.3550000000,0.6350000000,2956,0.0000591200
0.3550000000,0.6450000000,2966,0.0000593200
0.3550000000,0.6550000000,3129,0.0000625800
0.3550000000,0.6650000000,3014,0.0000602800
0.3550000000,0.6750000000,3136,0.0000627200
0.3550000000,0.6850000000,3194,0.0000638800
0.3550000000,0.6950000000,3255,0.0000651000
0.3550000000,0.7050000000,3404,0.0000680800
0.3550000000,0.7150000000,3318,0.0000663600
0.3550000000,0.7250000000,3466,0.0000693200
0.3550000000,0.7350000000,3523,0.0000704600
0.3550000000,0.7450000000,3527,0.0000705400
0.3550000000,0.7550000000,3681,0.0000736200
0.3550000000,0.7650000000,3908,0.0000781600
0.3550000000,0.7750000000,4033,0.0000806600
0.3550000000,0.7850000000,4015,0.0000803000
0.3550000000,0.7950000000,4309,0.0000861800
0.3550000000,0.8050000000,4429,0.0000885800
0.3550000000,0.8150000000,4488,0.0000897600
0.3550000000,0.8250000000,4905,0.0000981000
0.3550000000,0.8350000000,5171,0.0001034200
0.3550000000,0.8450000000,5518,0.0001103600
0.3550000000,0.8550000000,5996,0.0001199200
0.3550000000,0.8650000000,6546,0.0001309200
0.3550000000,0.8750000000,7387,0.0001477400
0.3550000000,0.8850000000,8456,0.0001691200
0.3550000000,0.8950000000,10727,0.0002145400
0.3550000000,0.9050000000,18578,0.0003715600
0.3550000000,0.9150000000,11798,0.0002359600
0.3550000000,0.9250000000,0,0.0000000000
0.3550000000,0.9350000000,0,0.0000000000
0.3550000000,0.9450000000,0,0.0000000000
0.3550000000,0.9550000000,0,0.0000000000
0.3550000000,0.9650000000,0,0.0000000000
0.3550000000,0.9750000000,0,0.0000000000
0.3550000000,0.9850000000,0,0.0000000000
0.3550000000,0.9950000000,0,0.0000000000
0.3650000000,0.0050000000,0,0.0000000000
0.3650000000,0.0150000000,0,0.0000000000
0.3650000000,0.0250000000,0,0.0000000000
0.3650000000,0.0350000000,0,0.0000000000
0.3650000000,0.0450000000,0,0.0000000000
0.3650000000,0.0550000000,0,0.0000000000
0.3650000000,0.0650000000,0,0.0000000000
0.3650000000,0.0750000000,0,0.0000000000
0.3650000000,0.0850000000,0,0.0000000000
0.3650000000,0.0950000000,0,0.0000000000
0.3650000000,0.1050000000,0,0.0000000000
0.3650000000,0.1150000000,0,0.0000000000
0.3650000000,0.1250000000,0,0.0000000000
0.3650000000,0.1350000000,0,0.0000000000
0.3650000000,0.1450000000,0,0.0000000000
0.3650000000,0.1550000000,0,0.0000000000
0.3650000000,0.1650000000,0,0.0000000000
0.3650000000,0.1750000000,0,0.0000000000
0.3650000000,0.1850000000,0,0.0000000000
0.3650000000,0.1950000000,0,0.0000000000
0.3650000000,0.2050000000,0,0.0000000000
0.3650000000,0.2150000000,0,0.0000000000
0.3650000000,0.2250000000,0,0.0000000000
0.3650000000,0.2350000000,0,0.0000000000
0.3650000000,0.2450000000,0,0.0000000000
0.3650000000,0.2550000000,0,0.0000000000
0.3650000000,0.2650000000,86,0.0000017200
0.3650000000,0.2750000000,323,0.0000064600
0.3650000000,0.2850000000,642,0.0000128400
0.3650000000,0.2950000000,868,0.0000173600
0.3650000000,0.3050000000,1139,0.0000227800
0.3650000000,0.3150000000,1350,0.0000270000
0.3650000000,0.3250000000,1723,0.0000344600
0.3650000000,0.3350000000,2046,0.0000409200
0.3650000000,0.3450000000,2466,0.0000493200
0.3650000000,0.3550000000,2876,0.0000575200
0.3650000000,0.3650000000,3201,0.0000640200
0.3650000000,0.3750000000,3862,0.0000772400
0.3650000000,0.3850000000,4781,0.0000956200
0.3650000000,0.3950000000,7118,0.0001423600
0.3650000000,0.4050000000,4181,0.0000836200
0.3650000000,0.4150000000,2459,0.0000491800
0.3650000000,0.4250000000,2485,0.0000497000
0.3650000000,0.4350000000,2559,0.0000511800
0.3650000000,0.4450000000,2551,0.0000510200
0.3650000000,0.4550000000,2544,0.0000508800
0.3650000000,0.4650000000,2525,0.0000505000
0.3650000000,0.4750000000,2559,0.0000511800
0.3650000000,0.4850000000,2594,0.0000518800
0.3650000000,0.4950000000,2604,0.0000520800
0.3650000000,0.5050000000,2610,0.0000522000
0.3650000000,0.5150000000,2749,0.0000549800
0.3650000000,0.5250000000,2581,0.0000516200
0.3650000000,0.5350000000,2688,0.0000537600
0.3650000000,0.5450000000,2754,0.0000550800
0.3650000000,0.5550000000,2751,0.0000550200
0.3650000000,0.5650000000,2765,0.0000553000
0.3650000000,0.5750000000,2754,0.0000550800
0.3650000000,0.5850000000,2982,0.0000596400
0.3650000000,0.5950000000,2768,0.0000553600
0.3650000000,0.6050000000,2719,0.0000543800
0.3650000000,0.6150000000,2771,0.0000554200
0.3650000000,0.6250000000,2848,0.0000569600
0.3650000000,0.6350000000,2953,0.0000590600
0.3650000000,0.6450000000,2945,0.0000589000
0.3650000000,0.6550000000,3040,0.0000608000
0.3650000000,0.6650000000,3008,0.0000601600
0.3650000000,0.6750000000,3183,0.0000636600
0.3650000000,0.6850000000,3289,0.0000657800
0.3650000000,0.6950000000,3332,0.0000666400
0.3650000000,0.7050000000,3261,0.0000652200
0.3650000000,0.7150000000,3235,0.0000647000
0.3650000000,0.7250000000,3393,0.0000678600
0.3650000000,0.7350000000,3620,0.0000724000
0.3650000000,0.7450000000,3577,0.0000715400
0.3650000000,0.7550000000,3691,0.0000738200
0.3650000000,0.7650000000,3780,0.0000756000
0.3650000000,0.7750000000,3958,0.0000791600
0.3650000000,0.7850000000,4100,0.0000820000
0.3650000000,0.7950000000,4120,0.0000824000
0.3650000000,0.8050000000,4484,0.0000896800
0.3650000000,0.8150000000,4511,0.0000902200
0.3650000000,0.8250000000,4759,0.0000951800
0.3650000000,0.8350000000,4908,0.0000981600
0.3650000000,0.8450000000,5430,0.0001086000
0.3650000000,0.8550000000,5827,0.0001165400
0.3650000000,0.8650000000,6283,0.0001256600
0.3650000000,0.8750000000,6907,0.0001381400
0.3650000000,0.8850000000,7853,0.0001570600
0.3650000000,0.8950000000,9632,0.0001926400
0.3650000000,0.9050000000,13552,0.0002710400
0.3650000000,0.9150000000,22136,0.0004427200
0.3650000000,0.9250000000,0,0.0000000000
0.3650000000,0.9350000000,0,0.0000000000
0.3650000000,0.9450000000,0,0.0000000000
0.3650000000,0.9550000000,0,0.0000000000
0.3650000000,0.9650000000,0,0.0000000000
0.3650000000,0.9750000000,0,0.0000000000
0.3650000000,0.9850000000,0,0.0000000000
0.3650000000,0.9950000000,0,0.0000000000
0.3750000000,0.0050000000,0,0.0000000000
0.3750000000,0.0150000000,0,0.0000000000
0.3750000000,0.0250000000,0,0.0000000000
0.3750000000,0.0350000000,0,0.0000000000
0.3750000000,0.0450000000,0,0.0000000000
0.3750000000,0.0550000000,0,0.0000000000
0.3750000000,0.0650000000,0,0.0000000000
0.3750000000,0.0750000000,0,0.0000000000
0.3750000000,0.0850000000,0,0.0000000000
0.3750000000,0.0950000000,0,0.0000000000
0.3750000000,0.1050000000,0,0.0000000000
0.3750000000,0.1150000000,0,0.0000000000
0.3750000000,0.1250000000,0,0.0000000000
0.3750000000,0.1350000000,0,0.0000000000
0.3750000000,0.1450000000,0,0.0000000000
0.3750000000,0.1550000000,0,0.0000000000
0.3750000000,0.1650000000,0,0.0000000000
0.3750000000,0.1750000000,0,0.0000000000
0.3750000000,0.1850000000,0,0.0000000000
0.3750000000,0.1950000000,0,0.0000000000
0.3750000000,0.2050000000,0,0.0000000000
0.3750000000,0.2150000000,0,0.0000000000
0.3750000000,0.2250000000,0,0.0000000000
0.3750000000,0.2350000000,0,0.0000000000
0.3750000000,0.2450000000,0,0.0000000000
0.3750000000,0.2550000000,0,0.0000000000
0.3750000000,0.2650000000,102,0.0000020400
0.3750000000,0.2750000000,403,0.0000080600
0.3750000000,0.2850000000,651,0.0000130200
0.3750000000,0.2950000000,879,0.0000175800
0.3750000000,0.3050000000,1076,0.0000215200
0.3750000000,0.3150000000,1339,0.0000267800
0.3750000000,0.3250000000,1699,0.0000339800
0.3750000000,0.3350000000,2035,0.0000407000
0.3750000000,0.3450000000,2314,0.0000462800
0.3750000000,0.3550000000,2734,0.0000546800
0.3750000000,0.3650000000,3338,0.0000667600
0.3750000000,0.3750000000,4073,0.0000814600
0.3750000000,0.3850000000,5994,0.0001198800
0.3750000000,0.3950000000,3884,0.0000776800
0.3750000000,0.4050000000,2441,0.0000488200
0.3750000000,0.4150000000,2476,0.0000495200
0.3750000000,0.4250000000,2461,0.0000492200
0.3750000000,0.4350000000,2401,0.0000480200
0.3750000000,0.4450000000,2415,0.0000483000
0.3750000000,0.4550000000,2539,0.0000507800
0.3750000000,0.4650000000,2433,0.0000486600
0.3750000000,0.4750000000,2545,0.0000509000
0.3750000000,0.4850000000,2595,0.0000519000
0.3750000000,0.4950000000,2564,0.0000512800
0.3750000000,0.5050000000,2644,0.0000528800
0.3750000000,0.5150000000,2688,0.0000537600
0.3750000000,0.5250000000,2610,0.0000522000
0.3750000000,0.5350000000,2666,0.0000533200
0.3750000000,0.5450000000,2623,0.0000524600
0.3750000000,0.5550000000,2719,0.0000543800
0.3750000000,0.5650000000,2780,0.0000556000
0.3750000000,0.5750000000,2734,0.0000546800
0.3750000000,0.5850000000,2759,0.0000551800
0.3750000000,0.5950000000,2768,0.0000553600
0.3750000000,0.6050000000,2870,0.0000574000
0.3750000000,0.6150000000,2790,0.0000558000
0.3750000000,0.6250000000,2907,0.0000581400
0.3750000000,0.6350000000,2924,0.0000584800
0.3750000000,0.6450000000,2913,0.0000582600
0.3750000000,0.6550000000,2979,0.0000595800
0.3750000000,0.6650000000,3081,0.0000616200
0.3750000000,0.6750000000,3152,0.0000630400
0.3750000000,0.6850000000,3204,0.0000640800
0.3750000000,0.6950000000,3148,0.0000629600
0.3750000000,0.7050000000,3242,0.0000648400
0.3750000000,0.7150000000,3315,0.0000663000
0.3750000000,0.7250000000,3414,0.0000682800
0.3750000000,0.7350000000,3604,0.0000720800
0.3750000000,0.7450000000,3590,0.0000718000
0.3750000000,0.7550000000,3659,0.0000731800
0.3750000000,0.7650000000,3760,0.0000752000
0.3750000000,0.7750000000,3926,0.0000785200
0.3750000000,0.7850000000,3989,0.0000797800
0.3750000000,0.7950000000,4084,0.0000816800
0.3750000000,0.8050000000,4288,0.0000857600
0.3750000000,0.8150000000,4344,0.0000868800
0.3750000000,0.8250000000,4823,0.0000964600
0.3750000000,0.8350000000,4854,0.0000970800
0.3750000000,0.8450000000,5203,0.0001040600
0.3750000000,0.8550000000,5697,0.0001139400
0.3750000000,0.8650000000,6006,0.0001201200
0.3750000000,0.8750000000,6682,0.0001336400
0.3750000000,0.8850000000,7506,0.0001501200
0.3750000000,0.8950000000,8841,0.0001768200
0.3750000000,0.9050000000,11274,0.0002254800
0.3750000000,0.9150000000,22284,0.0004456800
0.3750000000,0.9250000000,6405,0.0001281000
0.3750000000,0.9350000000,0,0.0000000000
0.3750000000,0.9450000000,0,0.0000000000
0.3750000000,0.9550000000,0,0.0000000000
0.3750000000,0.9650000000,0,0.0000000000
0.3750000000,0.9750000000,0,0.0000000000
0.3750000000,0.9850000000,0,0.0000000000
0.3750000000,0.9950000000,0,0.0000000000
0.3850000000,0.0050000000,0,0.0000000000
0.3850000000,0.0150000000,0,0.0000000000
0.3850000000,0.0250000000,0,0.0000000000
0.3850000000,0.0350000000,0,0.0000000000
0.3850000000,0.0450000000,0,0.0000000000
0.3850000000,0.0550000000,0,0.0000000000
0.3850000000,0.0650000000,0,0.0000000000
0.3850000000,0.0750000000,0,0.0000000000
0.3850000000,0.0850000000,0,0.0000000000
0.3850000000,0.0950000000,0,0.0000000000
0.3850000000,0.1050000000,0,0.0000000000
0.3850000000,0.1150000000,0,0.0000000000
0.3850000000,0.1250000000,0,0.0000000000
0.3850000000,0.1350000000,0,0.0000000000
0.3850000000,0.1450000000,0,0.0000000000
0.3850000000,0.1550000000,0,0.0000000000
0.3850000000,0.1650000000,0,0.0000000000
0.3850000000,0.1750000000,0,0.0000000000
0.3850000000,0.1850000000,0,0.0000000000
0.3850000000,0.1950000000,0,0.0000000000
0.3850000000,0.2050000000,0,0.0000000000
0.3850000000,0.2150000000,0,0.0000000000
0.3850000000,0.2250000000,0,0.0000000000
0.3850000000,0.2350000000,0,0.0000000000
0.3850000000,0.2450000000,0,0.0000000000
0.3850000000,0.2550000000,0,0.0000000000
0.3850000000,0.2650000000,143,0.0000028600
0.3850000000,0.2750000000,366,0.0000073200
0.3850000000,0.2850000000,706,0.0000141200
0.3850000000,0.2950000000,944,0.0000188800
0.3850000000,0.3050000000,1174,0.0000234800
0.3850000000,0.3150000000,1340,0.0000268000
0.3850000000,0.3250000000,1590,0.0000318000
0.3850000000,0.3350000000,1846,0.0000369200
0.3850000000,0.3450000000,2254,0.0000450800
0.3850000000,0.3550000000,2705,0.0000541000
0.3850000000,0.3650000000,3384,0.0000676800
0.3850000000,0.3750000000,4946,0.0000989200
0.3850000000,0.3850000000,3455,0.0000691000
0.3850000000,0.3950000000,2401,0.0000480200
0.3850000000,0.4050000000,2421,0.0000484200
0.3850000000,0.4150000000,2462,0.0000492400
0.3850000000,0.4250000000,2461,0.0000492200
0.3850000000,0.4350000000,2423,0.0000484600
0.3850000000,0.4450000000,2470,0.0000494000
0.3850000000,0.4550000000,2492,0.0000498400
0.3850000000,0.4650000000,2551,0.0000510200
0.3850000000,0.4750000000,2646,0.0000529200
0.3850000000,0.4850000000,2662,0.0000532400
0.3850000000,0.4950000000,2632,0.0000526400
0.3850000000,0.5050000000,2629,0.0000525800
0.3850000000,0.5150000000,2589,0.0000517800
0.3850000000,0.5250000000,2684,0.0000536800
0.3850000000,0.5350000000,2722,0.0000544400
0.3850000000,0.5450000000,2706,0.0000541200
0.3850000000,0.5550000000,2692,0.0000538400
0.3850000000,0.5650000000,2792,0.0000558400
0.3850000000,0.5750000000,2805,0.0000561000
0.3850000000,0.5850000000,2742,0.0000548400
0.3850000000,0.5950000000,2852,0.0000570400
0.3850000000,0.6050000000,2893,0.0000578600
0.3850000000,0.6150000000,2801,0.0000560200
0.3850000000,0.6250000000,2856,0.0000571200
0.3850000000,0.6350000000,2873,0.0000574600
0.3850000000,0.6450000000,3032,0.0000606400
0.3850000000,0.6550000000,2929,0.0000585800
0.3850000000,0.6650000000,3048,0.0000609600
0.3850000000,0.6750000000,3112,0.0000622400
0.3850000000,0.6850000000,3114,0.0000622800
0.3850000000,0.6950000000,3161,0.0000632200
0.3850000000,0.7050000000,3201,0.0000640200
0.3850000000,0.7150000000,3408,0.0000681600
0.3850000000,0.7250000000,3435,0.0000687000
0.3850000000,0.7350000000,3499,0.0000699800
0.3850000000,0.7450000000,3562,0.0000712400
0.3850000000,0.7550000000,3750,0.0000750000
0.3850000000,0.7650000000,3721,0.0000744200
0.3850000000,0.7750000000,3912,0.0000782400
0.3850000000,0.7850000000,4004,0.0000800800
0.3850000000,0.7950000000,4050,0.0000810000
0.3850000000,0.8050000000,4258,0.0000851600
0.3850000000,0.8150000000,4325,0.0000865000
0.3850000000,0.8250000000,4670,0.0000934000
0.3850000000,0.8350000000,4856,0.0000971200
0.3850000000,0.8450000000,5060,0.0001012000
0.3850000000,0.8550000000,5354,0.0001070800
0.3850000000,0.8650000000,5822,0.0001164400
0.3850000000,0.8750000000,6281,0.0001256200
0.3850000000,0.8850000000,7149,0.0001429800
0.3850000000,0.8950000000,8116,0.0001623200
0.3850000000,0.9050000000,9974,0.0001994800
0.3850000000,0.9150000000,14739,0.0002947800
0.3850000000,0.9250000000,19221,0.0003844200
0.3850000000,0.9350000000,0,0.0000000000
0.3850000000,0.9450000000,0,0.0000000000
0.3850000000,0.9550000000,0,0.0000000000
0.3850000000,0.9650000000,0,0.0000000000
0.3850000000,0.9750000000,0,0.0000000000
0.3850000000,0.9850000000,0,0.0000000000
0.3850000000,0.9950000000,0,0.0000000000
0.3950000000,0.0050000000,0,0.0000000000
0.3950000000,0.0150000000,0,0.0000000000
0.3950000000,0.0250000000,0,0.0000000000
0.3950000000,0.0350000000,0,0.0000000000
0.3950000000,0.0450000000,0,0.0000000000
0.3950000000,0.0550000000,0,0.0000000000
0.3950000000,0.0650000000,0,0.0000000000
0.3950000000,0.0750000000,0,0.0000000000
0.3950000000,0.0850000000,0,0.0000000000
0.3950000000,0.0950000000,0,0.0000000000
0.3950000000,0.1050000000,0,0.0000000000
0.3950000000,0.1150000000,0,0.0000000000
0.3950000000,0.1250000000,0,0.0000000000
0.3950000000,0.1350000000,0,0.0000000000
0.3950000000,0.1450000000,0,0.0000000000
0.3950000000,0.1550000000,0,0.0000000000
0.3950000000,0.1650000000,0,0.0000000000
0.3950000000,0.1750000000,0,0.0000000000
0.3950000000,0.1850000000,0,0.0000000000
0.3950000000,0.1950000000,0,0.0000000000
0.3950000000,0.2050000000,0,0.0000000000
0.3950000000,0.2150000000,0,0.0000000000
0.3950000000,0.2250000000,0,0.0000000000
0.3950000000,0.2350000000,0,0.0000000000
0.3950000000,0.2450000000,0,0.0000000000
0.3950000000,0.2550000000,1,0.0000000200
0.3950000000,0.2650000000,160,0.0000032000
0.3950000000,0.2750000000,443,0.0000088600
0.3950000000,0.2850000000,747,0.0000149400
0.3950000000,0.2950000000,956,0.0000191200
0.3950000000,0.3050000000,1177,0.0000235400
0.3950000000,0.3150000000,1388,0.0000277600
0.3950000000,0.3250000000,1528,0.0000305600
0.3950000000,0.3350000000,1756,0.0000351200
0.3950000000,0.3450000000,2178,0.0000435600
0.3950000000,0.3550000000,2641,0.0000528200
0.3950000000,0.3650000000,3934,0.0000786800
0.3950000000,0.3750000000,3055,0.0000611000
0.3950000000,0.3850000000,2266,0.0000453200
0.3950000000,0.3950000000,2391,0.0000478200
0.3950000000,0.4050000000,2358,0.0000471600
0.3950000000,0.4150000000,2478,0.0000495600
0.3950000000,0.4250000000,2547,0.0000509400
0.3950000000,0.4350000000,2464,0.0000492800
0.3950000000,0.4450000000,2521,0.0000504200
0.3950000000,0.4550000000,2491,0.0000498200
0.3950000000,0.4650000000,2623,0.0000524600
0.3950000000,0.4750000000,2557,0.0000511400
0.3950000000,0.4850000000,2508,0.0000501600
0.3950000000,0.4950000000,2689,0.0000537800
0.3950000000,0.5050000000,2607,0.0000521400
0.3950000000,0.5150000000,2604,0.0000520800
0.3950000000,0.5250000000,2616,0.0000523200
0.3950000000,0.5350000000,2592,0.0000518400
0.3950000000,0.5450000000,2714,0.0000542800
0.3950000000,0.5550000000,2736,0.0000547200
0.3950000000,0.5650000000,2752,0.0000550400
0.3950000000,0.5750000000,2866,0.0000573200
0.3950000000,0.5850000000,2786,0.0000557200
0.3950000000,0.5950000000,2797,0.0000559400
0.3950000000,0.6050000000,2870,0.0000574000
0.3950000000,0.6150000000,2827,0.0000565400
0.3950000000,0.6250000000,2849,0.0000569800
0.3950000000,0.6350000000,2973,0.0000594600
0.3950000000,0.6450000000,2965,0.0000593000
0.3950000000,0.6550000000,2976,0.0000595200
0.3950000000,0.6650000000,3050,0.0000610000
0.3950000000,0.6750000000,3168,0.0000633600
0.3950000000,0.6850000000,3199,0.0000639800
0.3950000000,0.6950000000,3182,0.0000636400
0.3950000000,0.7050000000,3359,0.0000671800
0.3950000000,0.7150000000,3305,0.0000661000
0.3950000000,0.7250000000,3358,0.0000671600
0.3950000000,0.7350000000,3468,0.0000693600
0.3950000000,0.7450000000,3567,0.0000713400
0.3950000000,0.7550000000,3622,0.0000724400
0.3950000000,0.7650000000,3621,0.0000724200
0.3950000000,0.7750000000,3846,0.0000769200
0.3950000000,0.7850000000,3855,0.0000771000
0.3950000000,0.7950000000,4077,0.0000815400
0.3950000000,0.8050000000,4114,0.0000822800
0.3950000000,0.8150000000,4330,0.0000866000
0.3950000000,0.8250000000,4435,0.0000887000
0.3950000000,0.8350000000,4740,0.0000948000
0.3950000000,0.8450000000,5027,0.0001005400
0.3950000000,0.8550000000,5212,0.0001042400
0.3950000000,0.8650000000,5548,0.0001109600
0.3950000000,0.8750000000,6286,0.0001257200
0.3950000000,0.8850000000,6791,0.0001358200
0.3950000000,0.8950000000,7704,0.0001540800
0.3950000000,0.9050000000,9041,0.0001808200
0.3950000000,0.9150000000,12226,0.0002445200
0.3950000000,0.9250000000,24969,0.0004993800
0.3950000000,0.9350000000,1286,0.0000257200
0.3950000000,0.9450000000,0,0.0000000000
0.3950000000,0.9550000000,0,0.0000000000
0.3950000000,0.9650000000,0,0.0000000000
0.3950000000,0.9750000000,0,0.0000000000
0.3950000000,0.9850000000,0,0.0000000000
0.3950000000,0.9950000000,0,0.0000000000
0.4050000000,0.0050000000,0,0.0000000000
0.4050000000,0.0150000000,0,0.0000000000
0.4050000000,0.0250000000,0,0.0000000000
0.4050000000,0.0350000000,0,0.0000000000
0.4050000000,0.0450000000,0,0.0000000000
0.4050000000,0.0550000000,0,0.0000000000
0.4050000000,0.0650000000,0,0.0000000000
0.4050000000,0.0750000000,0,0.0000000000
0.4050000000,0.0850000000,0,0.0000000000
0.4050000000,0.0950000000,0,0.0000000000
0.4050000000,0.1050000000,0,0.0000000000
0.4050000000,0.1150000000,0,0.0000000000
0.4050000000,0.1250000000,0,0.0000000000
0.4050000000,0.1350000000,0,0.0000000000
0.4050000000,0.1450000000,0,0.0000000000
0.4050000000,0.1550000000,0,0.0000000000
0.4050000000,0.1650000000,0,0.0000000000
0.4050000000,0.1750000000,0,0.0000000000
0.4050000000,0.1850000000,0,0.0000000000
0.4050000000,0.1950000000,0,0.0000000000
0.4050000000,0.2050000000,0,0.0000000000
0.4050000000,0.2150000000,0,0.0000000000
0.4050000000,0.2250000000,0,0.0000000000
0.4050000000,0.2350000000,0,0.0000000000
0.4050000000,0.2450000000,0,0.0000000000
0.4050000000,0.2550000000,12,0.0000002400
0.4050000000,0.2650000000,233,0.0000046600
0.4050000000,0.2750000000,463,0.0000092600
0.4050000000,0.2850000000,761,0.0000152200
0.4050000000,0.2950000000,1029,0.0000205800
0.4050000000,0.3050000000,1272,0.0000254400
0.4050000000,0.3150000000,1399,0.0000279800
0.4050000000,0.3250000000,1586,0.0000317200
0.4050000000,0.3350000000,1776,0.0000355200
0.4050000000,0.3450000000,1925,0.0000385000
0.4050000000,0.3550000000,2629,0.0000525800
0.4050000000,0.3650000000,2605,0.0000521000
0.4050000000,0.3750000000,2325,0.0000465000
0.4050000000,0.3850000000,2321,0.0000464200
0.4050000000,0.3950000000,2448,0.0000489600
0.4050000000,0.4050000000,2496,0.0000499200
0.4050000000,0.4150000000,2524,0.0000504800
0.4050000000,0.4250000000,2477,0.0000495400
0.4050000000,0.4350000000,2549,0.0000509800
0.4050000000,0.4450000000,2536,0.0000507200
0.4050000000,0.4550000000,2564,0.0000512800
0.4050000000,0.4650000000,2579,0.0000515800
0.4050000000,0.4750000000,2524,0.0000504800
0.4050000000,0.4850000000,2529,0.0000505800
0.4050000000,0.4950000000,2583,0.0000516600
0.4050000000,0.5050000000,2726,0.0000545200
0.4050000000,0.5150000000,2675,0.0000535000
0.4050000000,0.5250000000,2521,0.0000504200
0.4050000000,0.5350000000,2697,0.0000539400
0.4050000000,0.5450000000,2702,0.0000540400
0.4050000000,0.5550000000,2748,0.0000549600
0.4050000000,0.5650000000,2616,0.0000523200
0.4050000000,0.5750000000,2836,0.0000567200
0.4050000000,0.5850000000,2848,0.0000569600
0.4050000000,0.5950000000,2806,0.0000561200
0.4050000000,0.6050000000,2722,0.0000544400
0.4050000000,0.6150000000,2832,0.0000566400
0.4050000000,0.6250000000,2988,0.0000597600
0.4050000000,0.6350000000,2942,0.0000588400
0.4050000000,0.6450000000,2915,0.0000583000
0.4050000000,0.6550000000,3086,0.0000617200
0.4050000000,0.6650000000,3049,0.0000609800
0.4050000000,0.6750000000,3128,0.0000625600
0.4050000000,0.6850000000,3207,0.0000641400
0.4050000000,0.6950000000,3183,0.0000636600
0.4050000000,0.7050000000,3149,0.0000629800
0.4050000000,0.7150000000,3238,0.0000647600
0.4050000000,0.7250000000,3349,0.0000669800
0.4050000000,0.7350000000,3338,0.0000667600
0.4050000000,0.7450000000,3433,0.0000686600
0.4050000000,0.7550000000,3645,0.0000729000
0.4050000000,0.7650000000,3691,0.0000738200
0.4050000000,0.7750000000,3765,0.0000753000
0.4050000000,0.7850000000,3873,0.0000774600
0.4050000000,0.7950000000,3972,0.0000794400
0.4050000000,0.8050000000,4109,0.0000821800
0.4050000000,0.8150000000,4256,0.0000851200
0.4050000000,0.8250000000,4517,0.0000903400
0.4050000000,0.8350000000,4648,0.0000929600
0.4050000000,0.8450000000,4942,0.0000988400
0.4050000000,0.8550000000,5082,0.0001016400
0.4050000000,0.8650000000,5457,0.0001091400
0.4050000000,0.8750000000,5877,0.0001175400
0.4050000000,0.8850000000,6480,0.0001296000
0.4050000000,0.8950000000,7318,0.0001463600
0.4050000000,0.9050000000,8514,0.0001702800
0.4050000000,0.9150000000,10540,0.0002108000
0.4050000000,0.9250000000,17195,0.0003439000
0.4050000000,0.9350000000,14845,0.0002969000
0.4050000000,0.9450000000,0,0.0000000000
0.4050000000,0.9550000000,0,0.0000000000
0.4050000000,0.9650000000,0,0.0000000000
0.4050000000,0.9750000000,0,0.0000000000
0.4050000000,0.9850000000,0,0.0000000000
0.4050000000,0.9950000000,0,0.0000000000
0.4150000000,0.0050000000,0,0.0000000000
0.4150000000,0.0150000000,0,0.0000000000
0.4150000000,0.0250000000,0,0.0000000000
0.4150000000,0.0350000000,0,0.0000000000
0.4150000000,0.0450000000,0,0.0000000000
0.4150000000,0.0550000000,0,0.0000000000
0.4150000000,0.0650000000,0,0.0000000000
0.4150000000,0.0750000000,0,0.0000000000
0.4150000000,0.0850000000,0,0.0000000000
0.4150000000,0.0950000000,0,0.0000000000
0.4150000000,0.1050000000,0,0.0000000000
0.4150000000,0.1150000000,0,0.0000000000
0.4150000000,0.1250000000,0,0.0000000000
0.4150000000,0.1350000000,0,0.0000000000
0.4150000000,0.1450000000,0,0.0000000000
0.4150000000,0.1550000000,0,0.0000000000
0.4150000000,0.1650000000,0,0.0000000000
0.4150000000,0.1750000000,0,0.0000000000
0.4150000000,0.1850000000,0,0.0000000000
0.4150000000,0.1950000000,0,0.0000000000
0.4150000000,0.2050000000,0,0.0000000000
0.4150000000,0.2150000000,0,0.0000000000
0.4150000000,0.2250000000,0,0.0000000000
0.4150000000,0.2350000000,0,0.0000000000
0.4150000000,0.2450000000,0,0.0000000000
0.4150000000,0.2550000000,19,0.0000003800
0.4150000000,0.2650000000,253,0.0000050600
0.4150000000,0.2750000000,537,0.0000107400
0.4150000000,0.2850000000,764,0.0000152800
0.4150000000,0.2950000000,1011,0.0000202200
0.4150000000,0.3050000000,1242,0.0000248400
0.4150000000,0.3150000000,1395,0.0000279000
0.4150000000,0.3250000000,1640,0.0000328000
0.4150000000,0.3350000000,1780,0.0000356000
0.4150000000,0.3450000000,1922,0.0000384400
0.4150000000,0.3550000000,2155,0.0000431000
0.4150000000,0.3650000000,2121,0.0000424200
0.4150000000,0.3750000000,2313,0.0000462600
0.4150000000,0.3850000000,2386,0.0000477200
0.4150000000,0.3950000000,2509,0.0000501800
0.4150000000,0.4050000000,2411,0.0000482200
0.4150000000,0.4150000000,2498,0.0000499600
0.4150000000,0.4250000000,2567,0.0000513400
0.4150000000,0.4350000000,2454,0.0000490800
0.4150000000,0.4450000000,2493,0.0000498600
0.4150000000,0.4550000000,2590,0.0000518000
0.4150000000,0.4650000000,2627,0.0000525400
0.4150000000,0.4750000000,2554,0.0000510800
0.4150000000,0.4850000000,2519,0.0000503800
0.4150000000,0.4950000000,2662,0.0000532400
0.4150000000,0.5050000000,2617,0.0000523400
0.4150000000,0.5150000000,2716,0.0000543200
0.4150000000,0.5250000000,2688,0.0000537600
0.4150000000,0.5350000000,2674,0.0000534800
0.4150000000,0.5450000000,2696,0.0000539200
0.4150000000,0.5550000000,2728,0.0000545600
0.4150000000,0.5650000000,2641,0.0000528200
0.4150000000,0.5750000000,2707,0.0000541400
0.4150000000,0.5850000000,2758,0.0000551600
0.4150000000,0.5950000000,2858,0.0000571600
0.4150000000,0.6050000000,2835,0.0000567000
0.4150000000,0.6150000000,2793,0.0000558600
0.4150000000,0.6250000000,2856,0.0000571200
0.4150000000,0.6350000000,2910,0.0000582000
0.4150000000,0.6450000000,2996,0.0000599200
0.4150000000,0.6550000000,2994,0.0000598800
0.4150000000,0.6650000000,2991,0.0000598200
0.4150000000,0.6750000000,3008,0.0000601600
0.4150000000,0.6850000000,3015,0.0000603000
0.4150000000,0.6950000000,3133,0.0000626600
0.4150000000,0.7050000000,3185,0.0000637000
0.4150000000,0.7150000000,3247,0.0000649400
0.4150000000,0.7250000000,3350,0.0000670000
0.4150000000,0.7350000000,3362,0.0000672400
0.4150000000,0.7450000000,3502,0.0000700400
0.4150000000,0.7550000000,3503,0.0000700600
0.4150000000,0.7650000000,3627,0.0000725400
0.4150000000,0.7750000000,3839,0.0000767800
0.4150000000,0.7850000000,3764,0.0000752800
0.4150000000,0.7950000000,3886,0.0000777200
0.4150000000,0.8050000000,4036,0.0000807200
0.4150000000,0.8150000000,4289,0.0000857800
0.4150000000,0.8250000000,4336,0.0000867200
0.4150000000,0.8350000000,4667,0.0000933400
0.4150000000,0.8450000000,4814,0.0000962800
0.4150000000,0.8550000000,5065,0.0001013000
0.4150000000,0.8650000000,5406,0.0001081200
0.4150000000,0.8750000000,5742,0.0001148400
0.4150000000,0.8850000000,6235,0.0001247000
0.4150000000,0.8950000000,6958,0.0001391600
0.4150000000,0.9050000000,8035,0.0001607000
0.4150000000,0.9150000000,9839,0.0001967800
0.4150000000,0.9250000000,13357,0.0002671400
0.4150000000,0.9350000000,22810,0.0004562000
0.4150000000,0.9450000000,0,0.0000000000
0.4150000000,0.9550000000,0,0.0000000000
0.4150000000,0.9650000000,0,0.0000000000
0.4150000000,0.9750000000,0,0.0000000000
0.4150000000,0.9850000000,0,0.0000000000
0.4150000000,0.9950000000,0,0.0000000000
0.4250000000,0.0050000000,0,0.0000000000
0.4250000000,0.0150000000,0,0.0000000000
0.4250000000,0.0250000000,0,0.0000000000
0.4250000000,0.0350000000,0,0.0000000000
0.4250000000,0.0450000000,0,0.0000000000
0.4250000000,0.0550000000,0,0.0000000000
0.4250000000,0.0650000000,0,0.0000000000
0.4250000000,0.0750000000,0,0.0000000000
0.4250000000,0.0850000000,0,0.0000000000
0.4250000000,0.0950000000,0,0.0000000000
0.4250000000,0.1050000000,0,0.0000000000
0.4250000000,0.1150000000,0,0.0000000000
0.4250000000,0.1250000000,0,0.0000000000
0.4250000000,0.1350000000,0,0.0000000000
0.4250000000,0.1450000000,0,0.0000000000
0.4250000000,0.1550000000,0,0.0000000000
0.4250000000,0.1650000000,0,0.0000000000
0.4250000000,0.1750000000,0,0.0000000000
0.4250000000,0.1850000000,0,0.0000000000
0.4250000000,0.1950000000,0,0.0000000000
0.4250000000,0.2050000000,0,0.0000000000
0.4250000000,0.2150000000,0,0.0000000000
0.4250000000,0.2250000000,0,0.0000000000
0.4250000000,0.2350000000,0,0.0000000000
0.4250000000,0.2450000000,0,0.0000000000
0.4250000000,0.2550000000,43,0.0000008600
0.4250000000,0.2650000000,303,0.0000060600
0.4250000000,0.2750000000,632,0.0000126400
0.4250000000,0.2850000000,847,0.0000169400
0.4250000000,0.2950000000,1051,0.0000210200
0.4250000000,0.3050000000,1272,0.0000254400
0.4250000000,0.3150000000,1602,0.0000320400
0.4250000000,0.3250000000,1619,0.0000323800
0.4250000000,0.3350000000,1779,0.0000355800
0.4250000000,0.3450000000,1968,0.0000393600
0.4250000000,0.3550000000,2047,0.0000409400
0.4250000000,0.3650000000,2222,0.0000444400
0.4250000000,0.3750000000,2192,0.0000438400
0.4250000000,0.3850000000,2482,0.0000496400
0.4250000000,0.3950000000,2436,0.0000487200
0.4250000000,0.4050000000,2551,0.0000510200
0.4250000000,0.4150000000,2465,0.0000493000
0.4250000000,0.4250000000,2512,0.0000502400
0.4250000000,0.4350000000,2599,0.0000519800
0.4250000000,0.4450000000,2523,0.0000504600
0.4250000000,0.4550000000,2544,0.0000508800
0.4250000000,0.4650000000,2533,0.0000506600
0.4250000000,0.4750000000,2637,0.0000527400
0.4250000000,0.4850000000,2687,0.0000537400
0.4250000000,0.4950000000,2690,0.0000538000
0.4250000000,0.5050000000,2601,0.0000520200
0.4250000000,0.5150000000,2707,0.0000541400
0.4250000000,0.5250000000,2740,0.0000548000
0.4250000000,0.5350000000,2702,0.0000540400
0.4250000000,0.5450000000,2721,0.0000544200
0.4250000000,0.5550000000,2631,0.0000526200
0.4250000000,0.5650000000,2773,0.0000554600
0.4250000000,0.5750000000,2827,0.0000565400
0.4250000000,0.5850000000,2896,0.0000579200
0.4250000000,0.5950000000,2816,0.0000563200
0.4250000000,0.6050000000,2844,0.0000568800
0.4250000000,0.6150000000,2850,0.0000570000
0.4250000000,0.6250000000,2828,0.0000565600
0.4250000000,0.6350000000,2903,0.0000580600
0.4250000000,0.6450000000,2853,0.0000570600
0.4250000000,0.6550000000,2972,0.0000594400
0.4250000000,0.6650000000,2938,0.0000587600
0.4250000000,0.6750000000,3080,0.0000616000
0.4250000000,0.6850000000,3177,0.0000635400
0.4250000000,0.6950000000,3169,0.0000633800
0.4250000000,0.7050000000,3300,0.0000660000
0.4250000000,0.7150000000,3298,0.0000659600
0.4250000000,0.7250000000,3312,0.0000662400
0.4250000000,0.7350000000,3391,0.0000678200
0.4250000000,0.7450000000,3393,0.0000678600
0.4250000000,0.7550000000,3540,0.0000708000
0.4250000000,0.7650000000,3640,0.0000728000
0.4250000000,0.7750000000,3649,0.0000729800
0.4250000000,0.7850000000,3781,0.0000756200
0.4250000000,0.7950000000,3949,0.0000789800
0.4250000000,0.8050000000,4083,0.0000816600
0.4250000000,0.8150000000,4175,0.0000835000
0.4250000000,0.8250000000,4415,0.0000883000
0.4250000000,0.8350000000,4452,0.0000890400
0.4250000000,0.8450000000,4762,0.0000952400
0.4250000000,0.8550000000,5116,0.0001023200
0.4250000000,0.8650000000,5311,0.0001062200
0.4250000000,0.8750000000,5626,0.0001125200
0.4250000000,0.8850000000,6051,0.0001210200
0.4250000000,0.8950000000,6888,0.0001377600
0.4250000000,0.9050000000,7594,0.0001518800
0.4250000000,0.9150000000,8986,0.0001797200
0.4250000000,0.9250000000,11495,0.0002299000
0.4250000000,0.9350000000,22958,0.0004591600
0.4250000000,0.9450000000,6074,0.0001214800
0.4250000000,0.9550000000,0,0.0000000000
0.4250000000,0.9650000000,0,0.0000000000
0.4250000000,0.9750000000,0,0.0000000000
0.4250000000,0.9850000000,0,0.0000000000
0.4250000000,0.9950000000,0,0.0000000000
0.4350000000,0.0050000000,0,0.0000000000
0.4350000000,0.0150000000,0,0.0000000000
0.4350000000,0.0250000000,0,0.0000000000
0.4350000000,0.0350000000,0,0.0000000000
0.4350000000,0.0450000000,0,0.0000000000
0.4350000000,0.0550000000,0,0.0000000000
0.4350000000,0.0650000000,0,0.0000000000
0.4350000000,0.0750000000,0,0.0000000000
0.4350000000,0.0850000000,0,0.0000000000
0.4350000000,0.0950000000,0,0.0000000000
0.4350000000,0.1050000000,0,0.0000000000
0.4350000000,0.1150000000,0,0.0000000000
0.4350000000,0.1250000000,0,0.0000000000
0.4350000000,0.1350000000,0,0.0000000000
0.4350000000,0.1450000000,0,0.0000000000
0.4350000000,0.1550000000,0,0.0000000000
0.4350000000,0.1650000000,0,0.0000000000
0.4350000000,0.1750000000,0,0.0000000000
0.4350000000,0.1850000000,0,0.0000000000
0.4350000000,0.1950000000,0,0.0000000000
0.4350000000,0.2050000000,0,0.0000000000
0.4350000000,0.2150000000,0,0.0000000000
0.4350000000,0.2250000000,0,0.0000000000
0.4350000000,0.2350000000,0,0.0000000000
0.4350000000,0.2450000000,0,0.0000000000
0.4350000000,0.2550000000,68,0.0000013600
0.4350000000,0.2650000000,377,0.0000075400
0.4350000000,0.2750000000,592,0.0000118400
0.4350000000,0.2850000000,857,0.0000171400
0.4350000000,0.2950000000,1131,0.0000226200
0.4350000000,0.3050000000,1347,0.0000269400
0.4350000000,0.3150000000,1546,0.0000309200
0.4350000000,0.3250000000,1679,0.0000335800
0.4350000000,0.3350000000,1824,0.0000364800
0.4350000000,0.3450000000,2068,0.0000413600
0.4350000000,0.3550000000,2092,0.0000418400
0.4350000000,0.3650000000,2265,0.0000453000
0.4350000000,0.3750000000,2355,0.0000471000
0.4350000000,0.3850000000,2366,0.0000473200
0.4350000000,0.3950000000,2484,0.0000496800
0.4350000000,0.4050000000,2510,0.0000502000
0.4350000000,0.4150000000,2568,0.0000513600
0.4350000000,0.4250000000,2549,0.0000509800
0.4350000000,0.4350000000,2592,0.0000518400
0.4350000000,0.4450000000,2547,0.0000509400
0.4350000000,0.4550000000,2565,0.0000513000
0.4350000000,0.4650000000,2524,0.0000504800
0.4350000000,0.4750000000,2637,0.0000527400
0.4350000000,0.4850000000,2616,0.0000523200
0.4350000000,0.4950000000,2657,0.0000531400
0.4350000000,0.5050000000,2659,0.0000531800
0.4350000000,0.5150000000,2554,0.0000510800
0.4350000000,0.5250000000,2649,0.0000529800
0.4350000000,0.5350000000,2687,0.0000537400
0.4350000000,0.5450000000,2671,0.0000534200
0.4350000000,0.5550000000,2744,0.0000548800
0.4350000000,0.5650000000,2728,0.0000545600
0.4350000000,0.5750000000,2726,0.0000545200
0.4350000000,0.5850000000,2764,0.0000552800
0.4350000000,0.5950000000,2795,0.0000559000
0.4350000000,0.6050000000,2859,0.0000571800
0.4350000000,0.6150000000,2866,0.0000573200
0.4350000000,0.6250000000,2877,0.0000575400
0.4350000000,0.6350000000,3030,0.0000606000
0.4350000000,0.6450000000,3113,0.0000622600
0.4350000000,0.6550000000,2960,0.0000592000
0.4350000000,0.6650000000,2894,0.0000578800
0.4350000000,0.6750000000,3072,0.0000614400
0.4350000000,0.6850000000,3111,0.0000622200
0.4350000000,0.6950000000,3184,0.0000636800
0.4350000000,0.7050000000,3158,0.0000631600
0.4350000000,0.7150000000,3249,0.0000649800
0.4350000000,0.7250000000,3202,0.0000640400
0.4350000000,0.7350000000,3362,0.0000672400
0.4350000000,0.7450000000,3470,0.0000694000
0.4350000000,0.7550000000,3559,0.0000711800
0.4350000000,0.7650000000,3535,0.0000707000
0.4350000000,0.7750000000,3753,0.0000750600
0.4350000000,0.7850000000,3750,0.0000750000
0.4350000000,0.7950000000,3884,0.0000776800
0.4350000000,0.8050000000,4041,0.0000808200
0.4350000000,0.8150000000,4153,0.0000830600
0.4350000000,0.8250000000,4336,0.0000867200
0.4350000000,0.8350000000,4607,0.0000921400
0.4350000000,0.8450000000,4603,0.0000920600
0.4350000000,0.8550000000,4896,0.0000979200
0.4350000000,0.8650000000,5182,0.0001036400
0.4350000000,0.8750000000,5503,0.0001100600
0.4350000000,0.8850000000,5879,0.0001175800
0.4350000000,0.8950000000,6443,0.0001288600
0.4350000000,0.9050000000,7167,0.0001433400
0.4350000000,0.9150000000,8255,0.0001651000
0.4350000000,0.9250000000,10389,0.0002077800
0.4350000000,0.9350000000,15305,0.0003061000
0.4350000000,0.9450000000,18539,0.0003707800
0.4350000000,0.9550000000,0,0.0000000000
0.4350000000,0.9650000000,0,0.0000000000
0.4350000000,0.9750000000,0,0.0000000000
0.4350000000,0.9850000000,0,0.0000000000
0.4350000000,0.9950000000,0,0.0000000000
0.4450000000,0.0050000000,0,0.0000000000
0.4450000000,0.0150000000,0,0.0000000000
0.4450000000,0.0250000000,0,0.0000000000
0.4450000000,0.0350000000,0,0.0000000000
0.4450000000,0.0450000000,0,0.0000000000
0.4450000000,0.0550000000,0,0.0000000000
0.4450000000,0.0650000000,0,0.0000000000
0.4450000000,0.0750000000,0,0.0000000000
0.4450000000,0.0850000000,0,0.0000000000
0.4450000000,0.0950000000,0,0.0000000000
0.4450000000,0.1050000000,0,0.0000000000
0.4450000000,0.1150000000,0,0.0000000000
0.4450000000,0.1250000000,0,0.0000000000
0.4450000000,0.1350000000,0,0.0000000000
0.4450000000,0.1450000000,0,0.0000000000
0.4450000000,0.1550000000,0,0.0000000000
0.4450000000,0.1650000000,0,0.0000000000
0.4450000000,0.1750000000,0,0.0000000000
0.4450000000,0.1850000000,0,0.0000000000
0.4450000000,0.1950000000,0,0.0000000000
0.4450000000,0.2050000000,0,0.0000000000
0.4450000000,0.2150000000,0,0.0000000000
0.4450000000,0.2250000000,0,0.0000000000
0.4450000000,0.2350000000,0,0.0000000000
0.4450000000,0.2450000000,0,0.0000000000
0.4450000000,0.2550000000,114,0.0000022800
0.4450000000,0.2650000000,418,0.0000083600
0.4450000000,0.2750000000,678,0.0000135600
0.4450000000,0.2850000000,885,0.0000177000
0.4450000000,0.2950000000,1133,0.0000226600
0.4450000000,0.3050000000,1385,0.0000277000
0.4450000000,0.3150000000,1617,0.0000323400
0.4450000000,0.3250000000,1763,0.0000352600
0.4450000000,0.3350000000,1881,0.0000376200
0.4450000000,0.3450000000,2097,0.0000419400
0.4450000000,0.3550000000,2072,0.0000414400
0.4450000000,0.3650000000,2320,0.0000464000
0.4450000000,0.3750000000,2331,0.0000466200
0.4450000000,0.3850000000,2367,0.0000473400
0.4450000000,0.3950000000,2465,0.0000493000
0.4450000000,0.4050000000,2515,0.0000503000
0.4450000000,0.4150000000,2484,0.0000496800
0.4450000000,0.4250000000,2517,0.0000503400
0.4450000000,0.4350000000,2596,0.0000519200
0.4450000000,0.4450000000,2646,0.0000529200
0.4450000000,0.4550000000,2589,0.0000517800
0.4450000000,0.4650000000,2544,0.0000508800
0.4450000000,0.4750000000,2450,0.0000490000
0.4450000000,0.4850000000,2579,0.0000515800
0.4450000000,0.4950000000,2613,0.0000522600
0.4450000000,0.5050000000,2718,0.0000543600
0.4450000000,0.5150000000,2615,0.0000523000
0.4450000000,0.5250000000,2625,0.0000525000
0.4450000000,0.5350000000,2738,0.0000547600
0.4450000000,0.5450000000,2692,0.0000538400
0.4450000000,0.5550000000,2738,0.0000547600
0.4450000000,0.5650000000,2696,0.0000539200
0.4450000000,0.5750000000,2656,0.0000531200
0.4450000000,0.5850000000,2745,0.0000549000
0.4450000000,0.5950000000,2861,0.0000572200
0.4450000000,0.6050000000,2842,0.0000568400
0.4450000000,0.6150000000,2785,0.0000557000
0.4450000000,0.6250000000,2869,0.0000573800
0.4450000000,0.6350000000,2887,0.0000577400
0.4450000000,0.6450000000,2959,0.0000591800
0.4450000000,0.6550000000,2960,0.0000592000
0.4450000000,0.6650000000,2960,0.0000592000
0.4450000000,0.6750000000,3067,0.0000613400
0.4450000000,0.6850000000,3116,0.0000623200
0.4450000000,0.6950000000,3148,0.0000629600
0.4450000000,0.7050000000,3326,0.0000665200
0.4450000000,0.7150000000,3291,0.0000658200
0.4450000000,0.7250000000,3249,0.0000649800
0.4450000000,0.7350000000,3415,0.0000683000
0.4450000000,0.7450000000,3427,0.0000685400
0.4450000000,0.7550000000,3467,0.0000693400
0.4450000000,0.7650000000,3612,0.0000722400
0.4450000000,0.7750000000,3658,0.0000731600
0.4450000000,0.7850000000,3835,0.0000767000
0.4450000000,0.7950000000,3870,0.0000774000
0.4450000000,0.8050000000,4051,0.0000810200
0.4450000000,0.8150000000,4126,0.0000825200
0.4450000000,0.8250000000,4216,0.0000843200
0.4450000000,0.8350000000,4357,0.0000871400
0.4450000000,0.8450000000,4527,0.0000905400
0.4450000000,0.8550000000,4913,0.0000982600
0.4450000000,0.8650000000,5076,0.0001015200
0.4450000000,0.8750000000,5421,0.0001084200
0.4450000000,0.8850000000,5855,0.0001171000
0.4450000000,0.8950000000,6308,0.0001261600
0.4450000000,0.9050000000,7021,0.0001404200
0.4450000000,0.9150000000,7948,0.0001589600
0.4450000000,0.9250000000,9385,0.0001877000
0.4450000000,0.9350000000,12619,0.0002523800
0.4450000000,0.9450000000,24969,0.0004993800
0.4450000000,0.9550000000,0,0.0000000000
0.4450000000,0.9650000000,0,0.0000000000
0.4450000000,0.9750000000,0,0.0000000000
0.4450000000,0.9850000000,0,0.0000000000
0.4450000000,0.9950000000,0,0.0000000000
0.4550000000,0.0050000000,0,0.0000000000
0.4550000000,0.0150000000,0,0.0000000000
0.4550000000,0.0250000000,0,0.0000000000
0.4550000000,0.0350000000,0,0.0000000000
0.4550000000,0.0450000000,0,0.0000000000
0.4550000000,0.0550000000,0,0.0000000000
0.4550000000,0.0650000000,0,0.0000000000
0.4550000000,0.0750000000,0,0.0000000000
0.4550000000,0.0850000000,0,0.0000000000
0.4550000000,0.0950000000,0,0.0000000000
0.4550000000,0.1050000000,0,0.0000000000
0.4550000000,0.1150000000,0,0.0000000000
0.4550000000,0.1250000000,0,0.0000000000
0.4550000000,0.1350000000,0,0.0000000000
0.4550000000,0.1450000000,0,0.0000000000
0.4550000000,0.1550000000,0,0.0000000000
0.4550000000,0.1650000000,0,0.0000000000
0.4550000000,0.1750000000,0,0.0000000000
0.4550000000,0.1850000000,0,0.0000000000
0.4550000000,0.1950000000,0,0.0000000000
0.4550000000,0.2050000000,0,0.0000000000
0.4550000000,0.2150000000,0,0.0000000000
0.4550000000,0.2250000000,0,0.0000000000
0.4550000000,0.2350000000,0,0.0000000000
0.4550000000,0.2450000000,0,0.0000000000
0.4550000000,0.2550000000,171,0.0000034200
0.4550000000,0.2650000000,475,0.0000095000
0.4550000000,0.2750000000,739,0.0000147800
0.4550000000,0.2850000000,1017,0.0000203400
0.4550000000,0.2950000000,1230,0.0000246000
0.4550000000,0.3050000000,1423,0.0000284600
0.4550000000,0.3150000000,1649,0.0000329800
0.4550000000,0.3250000000,1671,0.0000334200
0.4550000000,0.3350000000,1875,0.0000375000
0.4550000000,0.3450000000,2013,0.0000402600
0.4550000000,0.3550000000,2216,0.0000443200
0.4550000000,0.3650000000,2295,0.0000459000
0.4550000000,0.3750000000,2318,0.0000463600
0.4550000000,0.3850000000,2417,0.0000483400
0.4550000000,0.3950000000,2437,0.0000487400
0.4550000000,0.4050000000,2562,0.0000512400
0.4550000000,0.4150000000,2550,0.0000510000
0.4550000000,0.4250000000,2534,0.0000506800
0.4550000000,0.4350000000,2550,0.0000510000
0.4550000000,0.4450000000,2638,0.0000527600
0.4550000000,0.4550000000,2472,0.0000494400
0.4550000000,0.4650000000,2639,0.0000527800
0.4550000000,0.4750000000,2663,0.0000532600
0.4550000000,0.4850000000,2691,0.0000538200
0.4550000000,0.4950000000,2663,0.0000532600
0.4550000000,0.5050000000,2685,0.0000537000
0.4550000000,0.5150000000,2575,0.0000515000
0.4550000000,0.5250000000,2662,0.0000532400
0.4550000000,0.5350000000,2636,0.0000527200
0.4550000000,0.5450000000,2717,0.0000543400
0.4550000000,0.5550000000,2696,0.0000539200
0.4550000000,0.5650000000,2675,0.0000535000
0.4550000000,0.5750000000,2844,0.0000568800
0.4550000000,0.5850000000,2738,0.0000547600
0.4550000000,0.5950000000,2753,0.0000550600
0.4550000000,0.6050000000,2833,0.0000566600
0.4550000000,0.6150000000,2925,0.0000585000
0.4550000000,0.6250000000,2845,0.0000569000
0.4550000000,0.6350000000,2943,0.0000588600
0.4550000000,0.6450000000,2937,0.0000587400
0.4550000000,0.6550000000,2944,0.0000588800
0.4550000000,0.6650000000,3000,0.0000600000
0.4550000000,0.6750000000,2972,0.0000594400
0.4550000000,0.6850000000,3102,0.0000620400
0.4550000000,0.6950000000,3142,0.0000628400
0.4550000000,0.7050000000,3230,0.0000646000
0.4550000000,0.7150000000,3368,0.0000673600
0.4550000000,0.7250000000,3303,0.0000660600
0.4550000000,0.7350000000,3366,0.0000673200
0.4550000000,0.7450000000,3354,0.0000670800
0.4550000000,0.7550000000,3448,0.0000689600
0.4550000000,0.7650000000,3597,0.0000719400
0.4550000000,0.7750000000,3546,0.0000709200
0.4550000000,0.7850000000,3733,0.0000746600
0.4550000000,0.7950000000,3801,0.0000760200
0.4550000000,0.8050000000,3953,0.0000790600
0.4550000000,0.8150000000,4101,0.0000820200
0.4550000000,0.8250000000,4258,0.0000851600
0.4550000000,0.8350000000,4314,0.0000862800
0.4550000000,0.8450000000,4521,0.0000904200
0.4550000000,0.8550000000,4809,0.0000961800
0.4550000000,0.8650000000,4950,0.0000990000
0.4550000000,0.8750000000,5322,0.0001064400
0.4550000000,0.8850000000,5587,0.0001117400
0.4550000000,0.8950000000,6011,0.0001202200
0.4550000000,0.9050000000,6797,0.0001359400
0.4550000000,0.9150000000,7524,0.0001504800
0.4550000000,0.9250000000,8744,0.0001748800
0.4550000000,0.9350000000,11297,0.0002259400
0.4550000000,0.9450000000,20806,0.0004161200
0.4550000000,0.9550000000,9679,0.0001935800
0.4550000000,0.9650000000,0,0.0000000000
0.4550000000,0.9750000000,0,0.0000000000
0.4550000000,0.9850000000,0,0.0000000000
0.4550000000,0.9950000000,0,0.0000000000
0.4650000000,0.0050000000,0,0.0000000000
0.4650000000,0.0150000000,0,0.0000000000
0.4650000000,0.0250000000,0,0.0000000000
0.4650000000,0.0350000000,0,0.0000000000
0.4650000000,0.0450000000,0,0.0000000000
0.4650000000,0.0550000000,0,0.0000000000
0.4650000000,0.0650000000,0,0.0000000000
0.4650000000,0.0750000000,0,0.0000000000
0.4650000000,0.0850000000,0,0.0000000000
0.4650000000,0.0950000000,0,0.0000000000
0.4650000000,0.1050000000,0,0.0000000000
0.4650000000,0.1150000000,0,0.0000000000
0.4650000000,0.1250000000,0,0.0000000000
0.4650000000,0.1350000000,0,0.0000000000
0.4650000000,0.1450000000,0,0.0000000000
0.4650000000,0.1550000000,0,0.0000000000
0.4650000000,0.1650000000,0,0.0000000000
0.4650000000,0.1750000000,0,0.0000000000
0.4650000000,0.1850000000,0,0.0000000000
0.4650000000,0.1950000000,0,0.0000000000
0.4650000000,0.2050000000,0,0.0000000000
0.4650000000,0.2150000000,0,0.0000000000
0.4650000000,0.2250000000,0,0.0000000000
0.4650000000,0.2350000000,0,0.0000000000
0.4650000000,0.2450000000,14,0.0000002800
0.4650000000,0.2550000000,223,0.0000044600
0.4650000000,0.2650000000,504,0.0000100800
0.4650000000,0.2750000000,748,0.0000149600
0.4650000000,0.2850000000,1023,0.0000204600
0.4650000000,0.2950000000,1225,0.0000245000
0.4650000000,0.3050000000,1473,0.0000294600
0.4650000000,0.3150000000,1687,0.0000337400
0.4650000000,0.3250000000,1836,0.0000367200
0.4650000000,0.3350000000,1882,0.0000376400
0.4650000000,0.3450000000,2119,0.0000423800
0.4650000000,0.3550000000,2270,0.0000454000
0.4650000000,0.3650000000,2323,0.0000464600
0.4650000000,0.3750000000,2319,0.0000463800
0.4650000000,0.3850000000,2403,0.0000480600
0.4650000000,0.3950000000,2505,0.0000501000
0.4650000000,0.4050000000,2586,0.0000517200
0.4650000000,0.4150000000,2558,0.0000511600
0.4650000000,0.4250000000,2628,0.0000525600
0.4650000000,0.4350000000,2604,0.0000520800
0.4650000000,0.4450000000,2482,0.0000496400
0.4650000000,0.4550000000,2562,0.0000512400
0.4650000000,0.4650000000,2657,0.0000531400
0.4650000000,0.4750000000,2632,0.0000526400
0.4650000000,0.4850000000,2600,0.0000520000
0.4650000000,0.4950000000,2663,0.0000532600
0.4650000000,0.5050000000,2738,0.0000547600
0.4650000000,0.5150000000,2686,0.0000537200
0.4650000000,0.5250000000,2739,0.0000547800
0.4650000000,0.5350000000,2623,0.0000524600
0.4650000000,0.5450000000,2714,0.0000542800
0.4650000000,0.5550000000,2728,0.0000545600
0.4650000000,0.5650000000,2700,0.0000540000
0.4650000000,0.5750000000,2622,0.0000524400
0.4650000000,0.5850000000,2870,0.0000574000
0.4650000000,0.5950000000,2742,0.0000548400
0.4650000000,0.6050000000,2774,0.0000554800
0.4650000000,0.6150000000,2945,0.0000589000
0.4650000000,0.6250000000,2982,0.0000596400
0.4650000000,0.6350000000,2924,0.0000584800
0.4650000000,0.6450000000,2884,0.0000576800
0.4650000000,0.6550000000,2967,0.0000593400
0.4650000000,0.6650000000,3024,0.0000604800
0.4650000000,0.6750000000,2953,0.0000590600
0.4650000000,0.6850000000,3096,0.0000619200
0.4650000000,0.6950000000,3244,0.0000648800
0.4650000000,0.7050000000,3172,0.0000634400
0.4650000000,0.7150000000,3259,0.0000651800
0.4650000000,0.7250000000,3359,0.0000671800
0.4650000000,0.7350000000,3356,0.0000671200
0.4650000000,0.7450000000,3471,0.0000694200
0.4650000000,0.7550000000,3481,0.0000696200
0.4650000000,0.7650000000,3551,0.0000710200
0.4650000000,0.7750000000,3633,0.0000726600
0.4650000000,0.7850000000,3739,0.0000747800
0.4650000000,0.7950000000,3825,0.0000765000
0.4650000000,0.8050000000,3833,0.0000766600
0.4650000000,0.8150000000,4156,0.0000831200
0.4650000000,0.8250000000,4228,0.0000845600
0.4650000000,0.8350000000,4331,0.0000866200
0.4650000000,0.8450000000,4581,0.0000916200
0.4650000000,0.8550000000,4661,0.0000932200
0.4650000000,0.8650000000,4878,0.0000975600
0.4650000000,0.8750000000,5153,0.0001030600
0.4650000000,0.8850000000,5560,0.0001112000
0.4650000000,0.8950000000,5939,0.0001187800
0.4650000000,0.9050000000,6514,0.0001302800
0.4650000000,0.9150000000,7284,0.0001456800
0.4650000000,0.9250000000,8441,0.0001688200
0.4650000000,0.9350000000,10325,0.0002065000
0.4650000000,0.9450000000,15012,0.0003002400
0.4650000000,0.9550000000,19880,0.0003976000
0.4650000000,0.9650000000,0,0.0000000000
0.4650000000,0.9750000000,0,0.0000000000
0.4650000000,0.9850000000,0,0.0000000000
0.4650000000,0.9950000000,0,0.0000000000
0.4750000000,0.0050000000,0,0.0000000000
0.4750000000,0.0150000000,0,0.0000000000
0.4750000000,0.0250000000,0,0.0000000000
0.4750000000,0.0350000000,0,0.0000000000
0.4750000000,0.0450000000,0,0.0000000000
0.4750000000,0.0550000000,0,0.0000000000
0.4750000000,0.0650000000,0,0.0000000000
0.4750000000,0.0750000000,0,0.0000000000
0.4750000000,0.0850000000,0,0.0000000000
0.4750000000,0.0950000000,0,0.0000000000
0.4750000000,0.1050000000,0,0.0000000000
0.4750000000,0.1150000000,0,0.0000000000
0.4750000000,0.1250000000,0,0.0000000000
0.4750000000,0.1350000000,0,0.0000000000
0.4750000000,0.1450000000,0,0.0000000000
0.4750000000,0.1550000000,0,0.0000000000
0.4750000000,0.1650000000,0,0.0000000000
0.4750000000,0.1750000000,0,0.0000000000
0.4750000000,0.1850000000,0,0.0000000000
0.4750000000,0.1950000000,0,0.0000000000
0.4750000000,0.2050000000,0,0.0000000000
0.4750000000,0.2150000000,0,0.0000000000
0.4750000000,0.2250000000,0,0.0000000000
0.4750000000,0.2350000000,0,0.0000000000
0.4750000000,0.2450000000,27,0.0000005400
0.4750000000,0.2550000000,288,0.0000057600
0.4750000000,0.2650000000,602,0.0000120400
0.4750000000,0.2750000000,910,0.0000182000
0.4750000000,0.2850000000,1048,0.0000209600
0.4750000000,0.2950000000,1351,0.0000270200
0.4750000000,0.3050000000,1550,0.0000310000
0.4750000000,0.3150000000,1762,0.0000352400
0.4750000000,0.3250000000,1869,0.0000373800
0.4750000000,0.3350000000,1942,0.0000388400
0.4750000000,0.3450000000,2087,0.0000417400
0.4750000000,0.3550000000,2309,0.0000461800
0.4750000000,0.3650000000,2369,0.0000473800
0.4750000000,0.3750000000,2414,0.0000482800
0.4750000000,0.3850000000,2447,0.0000489400
0.4750000000,0.3950000000,2591,0.0000518200
0.4750000000,0.4050000000,2664,0.0000532800
0.4750000000,0.4150000000,2607,0.0000521400
0.4750000000,0.4250000000,2680,0.0000536000
0.4750000000,0.4350000000,2655,0.0000531000
0.4750000000,0.4450000000,2592,0.0000518400
0.4750000000,0.4550000000,2593,0.0000518600
0.4750000000,0.4650000000,2686,0.0000537200
0.4750000000,0.4750000000,2722,0.0000544400
0.4750000000,0.4850000000,2719,0.0000543800
0.4750000000,0.4950000000,2634,0.0000526800
0.4750000000,0.5050000000,2619,0.0000523800
0.4750000000,0.5150000000,2595,0.0000519000
0.4750000000,0.5250000000,2587,0.0000517400
0.4750000000,0.5350000000,2633,0.0000526600
0.4750000000,0.5450000000,2737,0.0000547400
0.4750000000,0.5550000000,2725,0.0000545000
0.4750000000,0.5650000000,2712,0.0000542400
0.4750000000,0.5750000000,2828,0.0000565600
0.4750000000,0.5850000000,2748,0.0000549600
0.4750000000,0.5950000000,2789,0.0000557800
0.4750000000,0.6050000000,2882,0.0000576400
0.4750000000,0.6150000000,2810,0.0000562000
0.4750000000,0.6250000000,2868,0.0000573600
0.4750000000,0.6350000000,2970,0.0000594000
0.4750000000,0.6450000000,2930,0.0000586000
0.4750000000,0.6550000000,3005,0.0000601000
0.4750000000,0.6650000000,2980,0.0000596000
0.4750000000,0.6750000000,2896,0.0000579200
0.4750000000,0.6850000000,2995,0.0000599000
0.4750000000,0.6950000000,3137,0.0000627400
0.4750000000,0.7050000000,3152,0.0000630400
0.4750000000,0.7150000000,3238,0.0000647600
0.4750000000,0.7250000000,3227,0.0000645400
0.4750000000,0.7350000000,3405,0.0000681000
0.4750000000,0.7450000000,3237,0.0000647400
0.4750000000,0.7550000000,3549,0.0000709800
0.4750000000,0.7650000000,3543,0.0000708600
0.4750000000,0.7750000000,3537,0.0000707400
0.4750000000,0.7850000000,3711,0.0000742200
0.4750000000,0.7950000000,3762,0.0000752400
0.4750000000,0.8050000000,3924,0.0000784800
0.4750000000,0.8150000000,4034,0.0000806800
0.4750000000,0.8250000000,4199,0.0000839800
0.4750000000,0.8350000000,4339,0.0000867800
0.4750000000,0.8450000000,4453,0.0000890600
0.4750000000,0.8550000000,4647,0.0000929400
0.4750000000,0.8650000000,4815,0.0000963000
0.4750000000,0.8750000000,5124,0.0001024800
0.4750000000,0.8850000000,5341,0.0001068200
0.4750000000,0.8950000000,5784,0.0001156800
0.4750000000,0.9050000000,6250,0.0001250000
0.4750000000,0.9150000000,7010,0.0001402000
0.4750000000,0.9250000000,7860,0.0001572000
0.4750000000,0.9350000000,9637,0.0001927400
0.4750000000,0.9450000000,12612,0.0002522400
0.4750000000,0.9550000000,25502,0.0005100400
0.4750000000,0.9650000000,0,0.0000000000
0.4750000000,0.9750000000,0,0.0000000000
0.4750000000,0.9850000000,0,0.0000000000
0.4750000000,0.9950000000,0,0.0000000000
0.4850000000,0.0050000000,0,0.0000000000
0.4850000000,0.0150000000,0,0.0000000000
0.4850000000,0.0250000000,0,0.0000000000
0.4850000000,0.0350000000,0,0.0000000000
0.4850000000,0.0450000000,0,0.0000000000
0.4850000000,0.0550000000,0,0.0000000000
0.4850000000,0.0650000000,0,0.0000000000
0.4850000000,0.0750000000,0,0.0000000000
0.4850000000,0.0850000000,0,0.0000000000
0.4850000000,0.0950000000,0,0.0000000000
0.4850000000,0.1050000000,0,0.0000000000
0.4850000000,0.1150000000,0,0.0000000000
0.4850000000,0.1250000000,0,0.0000000000
0.4850000000,0.1350000000,0,0.0000000000
0.4850000000,0.1450000000,0,0.0000000000
0.4850000000,0.1550000000,0,0.0000000000
0.4850000000,0.1650000000,0,0.0000000000
0.4850000000,0.1750000000,0,0.0000000000
0.4850000000,0.1850000000,0,0.0000000000
0.4850000000,0.1950000000,0,0.0000000000
0.4850000000,0.2050000000,0,0.0000000000
0.4850000000,0.2150000000,0,0.0000000000
0.4850000000,0.2250000000,0,0.0000000000
0.4850000000,0.2350000000,0,0.0000000000
0.4850000000,0.2450000000,65,0.0000013000
0.4850000000,0.2550000000,335,0.0000067000
0.4850000000,0.2650000000,655,0.0000131000
0.4850000000,0.2750000000,874,0.0000174800
0.4850000000,0.2850000000,1191,0.0000238200
0.4850000000,0.2950000000,1350,0.0000270000
0.4850000000,0.3050000000,1529,0.0000305800
0.4850000000,0.3150000000,1663,0.0000332600
0.4850000000,0.3250000000,1887,0.0000377400
0.4850000000,0.3350000000,2013,0.0000402600
0.4850000000,0.3450000000,2208,0.0000441600
0.4850000000,0.3550000000,2224,0.0000444800
0.4850000000,0.3650000000,2382,0.0000476400
0.4850000000,0.3750000000,2454,0.0000490800
0.4850000000,0.3850000000,2484,0.0000496800
0.4850000000,0.3950000000,2579,0.0000515800
0.4850000000,0.4050000000,2569,0.0000513800
0.4850000000,0.4150000000,2512,0.0000502400
0.4850000000,0.4250000000,2712,0.0000542400
0.4850000000,0.4350000000,2677,0.0000535400
0.4850000000,0.4450000000,2636,0.0000527200
0.4850000000,0.4550000000,2618,0.0000523600
0.4850000000,0.4650000000,2630,0.0000526000
0.4850000000,0.4750000000,2610,0.0000522000
0.4850000000,0.4850000000,2512,0.0000502400
0.4850000000,0.4950000000,2676,0.0000535200
0.4850000000,0.5050000000,2570,0.0000514000
0.4850000000,0.5150000000,2700,0.0000540000
0.4850000000,0.5250000000,2735,0.0000547000
0.4850000000,0.5350000000,2747,0.0000549400
0.4850000000,0.5450000000,2715,0.0000543000
0.4850000000,0.5550000000,2759,0.0000551800
0.4850000000,0.5650000000,2655,0.0000531000
0.4850000000,0.5750000000,2803,0.0000560600
0.4850000000,0.5850000000,2775,0.0000555000
0.4850000000,0.5950000000,2768,0.0000553600
0.4850000000,0.6050000000,2830,0.0000566000
0.4850000000,0.6150000000,2838,0.0000567600
0.4850000000,0.6250000000,2832,0.0000566400
0.4850000000,0.6350000000,2937,0.0000587400
0.4850000000,0.6450000000,2972,0.0000594400
0.4850000000,0.6550000000,2898,0.0000579600
0.4850000000,0.6650000000,3050,0.0000610000
0.4850000000,0.6750000000,3153,0.0000630600
0.4850000000,0.6850000000,3056,0.0000611200
0.4850000000,0.6950000000,3190,0.0000638000
0.4850000000,0.7050000000,3108,0.0000621600
0.4850000000,0.7150000000,3199,0.0000639800
0.4850000000,0.7250000000,3355,0.0000671000
0.4850000000,0.7350000000,3287,0.0000657400
0.4850000000,0.7450000000,3377,0.0000675400
0.4850000000,0.7550000000,3413,0.0000682600
0.4850000000,0.7650000000,3550,0.0000710000
0.4850000000,0.7750000000,3501,0.0000700200
0.4850000000,0.7850000000,3697,0.0000739400
0.4850000000,0.7950000000,3754,0.0000750800
0.4850000000,0.8050000000,3947,0.0000789400
0.4850000000,0.8150000000,3895,0.0000779000
0.4850000000,0.8250000000,4103,0.0000820600
0.4850000000,0.8350000000,4336,0.0000867200
0.4850000000,0.8450000000,4478,0.0000895600
0.4850000000,0.8550000000,4535,0.0000907000
0.4850000000,0.8650000000,4845,0.0000969000
0.4850000000,0.8750000000,4973,0.0000994600
0.4850000000,0.8850000000,5366,0.0001073200
0.4850000000,0.8950000000,5811,0.0001162200
0.4850000000,0.9050000000,6135,0.0001227000
0.4850000000,0.9150000000,6721,0.0001344200
0.4850000000,0.9250000000,7413,0.0001482600
0.4850000000,0.9350000000,8956,0.0001791200
0.4850000000,0.9450000000,11387,0.0002277400
0.4850000000,0.9550000000,21145,0.0004229000
0.4850000000,0.9650000000,9382,0.0001876400
0.4850000000,0.9750000000,0,0.0000000000
0.4850000000,0.9850000000,0,0.0000000000
0.4850000000,0.9950000000,0,0.0000000000
0.4950000000,0.0050000000,0,0.0000000000
0.4950000000,0.0150000000,0,0.0000000000
0.4950000000,0.0250000000,0,0.0000000000
0.4950000000,0.0350000000,0,0.0000000000
0.4950000000,0.0450000000,0,0.0000000000
0.4950000000,0.0550000000,0,0.0000000000
0.4950000000,0.0650000000,0,0.0000000000
0.4950000000,0.0750000000,0,0.0000000000
0.4950000000,0.0850000000,0,0.0000000000
0.4950000000,0.0950000000,0,0.0000000000
0.4950000000,0.1050000000,0,0.0000000000
0.4950000000,0.1150000000,0,0.0000000000
0.4950000000,0.1250000000,0,0.0000000000
0.4950000000,0.1350000000,0,0.0000000000
0.4950000000,0.1450000000,0,0.0000000000
0.4950000000,0.1550000000,0,0.0000000000
0.4950000000,0.1650000000,0,0.0000000000
0.4950000000,0.1750000000,0,0.0000000000
0.4950000000,0.1850000000,0,0.0000000000
0.4950000000,0.1950000000,0,0.0000000000
0.4950000000,0.2050000000,0,0.0000000000
0.4950000000,0.2150000000,0,0.0000000000
0.4950000000,0.2250000000,0,0.0000000000
0.4950000000,0.2350000000,0,0.0000000000
0.4950000000,0.2450000000,124,0.0000024800
0.4950000000,0.2550000000,463,0.0000092600
0.4950000000,0.2650000000,738,0.0000147600
0.4950000000,0.2750000000,1016,0.0000203200
0.4950000000,0.2850000000,1188,0.0000237600
0.4950000000,0.2950000000,1418,0.0000283600
0.4950000000,0.3050000000,1598,0.0000319600
0.4950000000,0.3150000000,1754,0.0000350800
0.4950000000,0.3250000000,1918,0.0000383600
0.4950000000,0.3350000000,2068,0.0000413600
0.4950000000,0.3450000000,2285,0.0000457000
0.4950000000,0.3550000000,2294,0.0000458800
0.4950000000,0.3650000000,2401,0.0000480200
0.4950000000,0.3750000000,2514,0.0000502800
0.4950000000,0.3850000000,2596,0.0000519200
0.4950000000,0.3950000000,2587,0.0000517400
0.4950000000,0.4050000000,2675,0.0000535000
0.4950000000,0.4150000000,2664,0.0000532800
0.4950000000,0.4250000000,2709,0.0000541800
0.4950000000,0.4350000000,2609,0.0000521800
0.4950000000,0.4450000000,2587,0.0000517400
0.4950000000,0.4550000000,2667,0.0000533400
0.4950000000,0.4650000000,2682,0.0000536400
0.4950000000,0.4750000000,2640,0.0000528000
0.4950000000,0.4850000000,2636,0.0000527200
0.4950000000,0.4950000000,2611,0.0000522200
0.4950000000,0.5050000000,2746,0.0000549200
0.4950000000,0.5150000000,2666,0.0000533200
0.4950000000,0.5250000000,2698,0.0000539600
0.4950000000,0.5350000000,2807,0.0000561400
0.4950000000,0.5450000000,2675,0.0000535000
0.4950000000,0.5550000000,2828,0.0000565600
0.4950000000,0.5650000000,2730,0.0000546000
0.4950000000,0.5750000000,2797,0.0000559400
0.4950000000,0.5850000000,2892,0.0000578400
0.4950000000,0.5950000000,2897,0.0000579400
0.4950000000,0.6050000000,2833,0.0000566600
0.4950000000,0.6150000000,2894,0.0000578800
0.4950000000,0.6250000000,2917,0.0000583400
0.4950000000,0.6350000000,2961,0.0000592200
0.4950000000,0.6450000000,2978,0.0000595600
0.4950000000,0.6550000000,3046,0.0000609200
0.4950000000,0.6650000000,3047,0.0000609400
0.4950000000,0.6750000000,3052,0.0000610400
0.4950000000,0.6850000000,3085,0.0000617000
0.4950000000,0.6950000000,3134,0.0000626800
0.4950000000,0.7050000000,3221,0.0000644200
0.4950000000,0.7150000000,3185,0.0000637000
0.4950000000,0.7250000000,3367,0.0000673400
0.4950000000,0.7350000000,3394,0.0000678800
0.4950000000,0.7450000000,3481,0.0000696200
0.4950000000,0.7550000000,3551,0.0000710200
0.4950000000,0.7650000000,3515,0.0000703000
0.4950000000,0.7750000000,3425,0.0000685000
0.4950000000,0.7850000000,3676,0.0000735200
0.4950000000,0.7950000000,3753,0.0000750600
0.4950000000,0.8050000000,3830,0.0000766000
0.4950000000,0.8150000000,3943,0.0000788600
0.4950000000,0.8250000000,4098,0.0000819600
0.4950000000,0.8350000000,4308,0.0000861600
0.4950000000,0.8450000000,4305,0.0000861000
0.4950000000,0.8550000000,4596,0.0000919200
0.4950000000,0.8650000000,4772,0.0000954400
0.4950000000,0.8750000000,5103,0.0001020600
0.4950000000,0.8850000000,5287,0.0001057400
0.4950000000,0.8950000000,5700,0.0001140000
0.4950000000,0.9050000000,6057,0.0001211400
0.4950000000,0.9150000000,6402,0.0001280400
0.4950000000,0.9250000000,7097,0.0001419400
0.4950000000,0.9350000000,8470,0.0001694000
0.4950000000,0.9450000000,10536,0.0002107200
0.4950000000,0.9550000000,15631,0.0003126200
0.4950000000,0.9650000000,19019,0.0003803800
0.4950000000,0.9750000000,0,0.0000000000
0.4950000000,0.9850000000,0,0.0000000000
0.4950000000,0.9950000000,0,0.0000000000
0.5050000000,0.0050000000,0,0.0000000000
0.5050000000,0.0150000000,0,0.0000000000
0.5050000000,0.0250000000,0,0.0000000000
0.5050000000,0.0350000000,0,0.0000000000
0.5050000000,0.0450000000,0,0.0000000000
0.5050000000,0.0550000000,0,0.0000000000
0.5050000000,0.0650000000,0,0.0000000000
0.5050000000,0.0750000000,0,0.0000000000
0.5050000000,0.0850000000,0,0.0000000000
0.5050000000,0.0950000000,0,0.0000000000
0.5050000000,0.1050000000,0,0.0000000000
0.5050000000,0.1150000000,0,0.0000000000
0.5050000000,0.1250000000,0,0.0000000000
0.5050000000,0.1350000000,0,0.0000000000
0.5050000000,0.1450000000,0,0.0000000000
0.5050000000,0.1550000000,0,0.0000000000
0.5050000000,0.1650000000,0,0.0000000000
0.5050000000,0.1750000000,0,0.0000000000
0.5050000000,0.1850000000,0,0.0000000000
0.5050000000,0.1950000000,0,0.0000000000
0.5050000000,0.2050000000,0,0.0000000000
0.5050000000,0.2150000000,0,0.0000000000
0.5050000000,0.2250000000,0,0.0000000000
0.5050000000,0.2350000000,1,0.0000000200
0.5050000000,0.2450000000,188,0.0000037600
0.5050000000,0.2550000000,524,0.0000104800
0.5050000000,0.2650000000,813,0.0000162600
0.5050000000,0.2750000000,1000,0.0000200000
0.5050000000,0.2850000000,1328,0.0000265600
0.5050000000,0.2950000000,1465,0.0000293000
0.5050000000,0.3050000000,1621,0.0000324200
0.5050000000,0.3150000000,1824,0.0000364800
0.5050000000,0.3250000000,1973,0.0000394600
0.5050000000,0.3350000000,2152,0.0000430400
0.5050000000,0.3450000000,2136,0.0000427200
0.5050000000,0.3550000000,2318,0.0000463600
0.5050000000,0.3650000000,2409,0.0000481800
0.5050000000,0.3750000000,2514,0.0000502800
0.5050000000,0.3850000000,2600,0.0000520000
0.5050000000,0.3950000000,2631,0.0000526200
0.5050000000,0.4050000000,2670,0.0000534000
0.5050000000,0.4150000000,2600,0.0000520000
0.5050000000,0.4250000000,2622,0.0000524400
0.5050000000,0.4350000000,2519,0.0000503800
0.5050000000,0.4450000000,2621,0.0000524200
0.5050000000,0.4550000000,2597,0.0000519400
0.5050000000,0.4650000000,2675,0.0000535000
0.5050000000,0.4750000000,2720,0.0000544000
0.5050000000,0.4850000000,2767,0.0000553400
0.5050000000,0.4950000000,2698,0.0000539600
0.5050000000,0.5050000000,2755,0.0000551000
0.5050000000,0.5150000000,2669,0.0000533800
0.5050000000,0.5250000000,2827,0.0000565400
0.5050000000,0.5350000000,2633,0.0000526600
0.5050000000,0.5450000000,2720,0.0000544000
0.5050000000,0.5550000000,2848,0.0000569600
0.5050000000,0.5650000000,2704,0.0000540800
0.5050000000,0.5750000000,2844,0.0000568800
0.5050000000,0.5850000000,2789,0.0000557800
0.5050000000,0.5950000000,2817,0.0000563400
0.5050000000,0.6050000000,2909,0.0000581800
0.5050000000,0.6150000000,2869,0.0000573800
0.5050000000,0.6250000000,2919,0.0000583800
0.5050000000,0.6350000000,3022,0.0000604400
0.5050000000,0.6450000000,2975,0.0000595000
0.5050000000,0.6550000000,2981,0.0000596200
0.5050000000,0.6650000000,3065,0.0000613000
0.5050000000,0.6750000000,3019,0.0000603800
0.5050000000,0.6850000000,2998,0.0000599600
0.5050000000,0.6950000000,3115,0.0000623000
0.5050000000,0.7050000000,3172,0.0000634400
0.5050000000,0.7150000000,3191,0.0000638200
0.5050000000,0.7250000000,3274,0.0000654800
0.5050000000,0.7350000000,3405,0.0000681000
0.5050000000,0.7450000000,3423,0.0000684600
0.5050000000,0.7550000000,3478,0.0000695600
0.5050000000,0.7650000000,3450,0.0000690000
0.5050000000,0.7750000000,3590,0.0000718000
0.5050000000,0.7850000000,3504,0.0000700800
0.5050000000,0.7950000000,3640,0.0000728000
0.5050000000,0.8050000000,3737,0.0000747400
0.5050000000,0.8150000000,3970,0.0000794000
0.5050000000,0.8250000000,4001,0.0000800200
0.5050000000,0.8350000000,4211,0.0000842200
0.5050000000,0.8450000000,4447,0.0000889400
0.5050000000,0.8550000000,4495,0.0000899000
0.5050000000,0.8650000000,4817,0.0000963400
0.5050000000,0.8750000000,4967,0.0000993400
0.5050000000,0.8850000000,5132,0.0001026400
0.5050000000,0.8950000000,5530,0.0001106000
0.5050000000,0.9050000000,5996,0.0001199200
0.5050000000,0.9150000000,6347,0.0001269400
0.5050000000,0.9250000000,6918,0.0001383600
0.5050000000,0.9350000000,8070,0.0001614000
0.5050000000,0.9450000000,9642,0.0001928400
0.5050000000,0.9550000000,13434,0.0002686800
0.5050000000,0.9650000000,24788,0.0004957600
0.5050000000,0.9750000000,0,0.0000000000
0.5050000000,0.9850000000,0,0.0000000000
0.5050000000,0.9950000000,0,0.0000000000
0.5150000000,0.0050000000,0,0.0000000000
0.5150000000,0.0150000000,0,0.0000000000
0.5150000000,0.0250000000,0,0.0000000000
0.5150000000,0.0350000000,0,0.0000000000
0.5150000000,0.0450000000,0,0.0000000000
0.5150000000,0.0550000000,0,0.0000000000
0.5150000000,0.0650000000,0,0.0000000000
0.5150000000,0.0750000000,0,0.0000000000
0.5150000000,0.0850000000,0,0.0000000000
0.5150000000,0.0950000000,0,0.0000000000
0.5150000000,0.1050000000,0,0.0000000000
0.5150000000,0.1150000000,0,0.0000000000
0.5150000000,0.1250000000,0,0.0000000000
0.5150000000,0.1350000000,0,0.0000000000
0.5150000000,0.1450000000,0,0.0000000000
0.5150000000,0.1550000000,0,0.0000000000
0.5150000000,0.1650000000,0,0.0000000000
0.5150000000,0.1750000000,0,0.0000000000
0.5150000000,0.1850000000,0,0.0000000000
0.5150000000,0.1950000000,0,0.0000000000
0.5150000000,0.2050000000,0,0.0000000000
0.5150000000,0.2150000000,0,0.0000000000
0.5150000000,0.2250000000,0,0.0000000000
0.5150000000,0.2350000000,16,0.0000003200
0.5150000000,0.2450000000,256,0.0000051200
0.5150000000,0.2550000000,555,0.0000111000
0.5150000000,0.2650000000,846,0.0000169200
0.5150000000,0.2750000000,1057,0.0000211400
0.5150000000,0.2850000000,1314,0.0000262800
0.5150000000,0.2950000000,1529,0.0000305800
0.5150000000,0.3050000000,1766,0.0000353200
0.5150000000,0.3150000000,1878,0.0000375600
0.5150000000,0.3250000000,2082,0.0000416400
0.5150000000,0.3350000000,2279,0.0000455800
0.5150000000,0.3450000000,2250,0.0000450000
0.5150000000,0.3550000000,2402,0.0000480400
0.5150000000,0.3650000000,2534,0.0000506800
0.5150000000,0.3750000000,2511,0.0000502200
0.5150000000,0.3850000000,2654,0.0000530800
0.5150000000,0.3950000000,2583,0.0000516600
0.5150000000,0.4050000000,2631,0.0000526200
0.5150000000,0.4150000000,2574,0.0000514800
0.5150000000,0.4250000000,2616,0.0000523200
0.5150000000,0.4350000000,2686,0.0000537200
0.5150000000,0.4450000000,2681,0.0000536200
0.5150000000,0.4550000000,2761,0.0000552200
0.5150000000,0.4650000000,2669,0.0000533800
0.5150000000,0.4750000000,2654,0.0000530800
0.5150000000,0.4850000000,2669,0.0000533800
0.5150000000,0.4950000000,2658,0.0000531600
0.5150000000,0.5050000000,2659,0.0000531800
0.5150000000,0.5150000000,2727,0.0000545400
0.5150000000,0.5250000000,2583,0.0000516600
0.5150000000,0.5350000000,2664,0.0000532800
0.5150000000,0.5450000000,2767,0.0000553400
0.5150000000,0.5550000000,2737,0.0000547400
0.5150000000,0.5650000000,2819,0.0000563800
0.5150000000,0.5750000000,2653,0.0000530600
0.5150000000,0.5850000000,2880,0.0000576000
0.5150000000,0.5950000000,2840,0.0000568000
0.5150000000,0.6050000000,2846,0.0000569200
0.5150000000,0.6150000000,2909,0.0000581800
0.5150000000,0.6250000000,2984,0.0000596800
0.5150000000,0.6350000000,2972,0.0000594400
0.5150000000,0.6450000000,2970,0.0000594000
0.5150000000,0.6550000000,3008,0.0000601600
0.5150000000,0.6650000000,3003,0.0000600600
0.5150000000,0.6750000000,2987,0.0000597400
0.5150000000,0.6850000000,3115,0.0000623000
0.5150000000,0.6950000000,3182,0.0000636400
0.5150000000,0.7050000000,3088,0.0000617600
0.5150000000,0.7150000000,3240,0.0000648000
0.5150000000,0.7250000000,3203,0.0000640600
0.5150000000,0.7350000000,3374,0.0000674800
0.5150000000,0.7450000000,3371,0.0000674200
0.5150000000,0.7550000000,3438,0.0000687600
0.5150000000,0.7650000000,3568,0.0000713600
0.5150000000,0.7750000000,3488,0.0000697600
0.5150000000,0.7850000000,3815,0.0000763000
0.5150000000,0.7950000000,3777,0.0000755400
0.5150000000,0.8050000000,3916,0.0000783200
0.5150000000,0.8150000000,3972,0.0000794400
0.5150000000,0.8250000000,4003,0.0000800600
0.5150000000,0.8350000000,4159,0.0000831800
0.5150000000,0.8450000000,4256,0.0000851200
0.5150000000,0.8550000000,4555,0.0000911000
0.5150000000,0.8650000000,4617,0.0000923400
0.5150000000,0.8750000000,4845,0.0000969000
0.5150000000,0.8850000000,5174,0.0001034800
0.5150000000,0.8950000000,5367,0.0001073400
0.5150000000,0.9050000000,5798,0.0001159600
0.5150000000,0.9150000000,6127,0.0001225400
0.5150000000,0.9250000000,6984,0.0001396800
0.5150000000,0.9350000000,7908,0.0001581600
0.5150000000,0.9450000000,9043,0.0001808600
0.5150000000,0.9550000000,11846,0.0002369200
0.5150000000,0.9650000000,24455,0.0004891000
0.5150000000,0.9750000000,4698,0.0000939600
0.5150000000,0.9850000000,0,0.0000000000
0.5150000000,0.9950000000,0,0.0000000000
0.5250000000,0.0050000000,0,0.0000000000
0.5250000000,0.0150000000,0,0.0000000000
0.5250000000,0.0250000000,0,0.0000000000
0.5250000000,0.0350000000,0,0.0000000000
0.5250000000,0.0450000000,0,0.0000000000
0.5250000000,0.0550000000,0,0.0000000000
0.5250000000,0.0650000000,0,0.0000000000
0.5250000000,0.0750000000,0,0.0000000000
0.5250000000,0.0850000000,0,0.0000000000
0.5250000000,0.0950000000,0,0.0000000000
0.5250000000,0.1050000000,0,0.0000000000
0.5250000000,0.1150000000,0,0.0000000000
0.5250000000,0.1250000000,0,0.0000000000
0.5250000000,0.1350000000,0,0.0000000000
0.5250000000,0.1450000000,0,0.0000000000
0.5250000000,0.1550000000,0,0.0000000000
0.5250000000,0.1650000000,0,0.0000000000
0.5250000000,0.1750000000,0,0.0000000000
0.5250000000,0.1850000000,0,0.0000000000
0.5250000000,0.1950000000,0,0.0000000000
0.5250000000,0.2050000000,0,0.0000000000
0.5250000000,0.2150000000,0,0.0000000000
0.5250000000,0.2250000000,0,0.0000000000
0.5250000000,0.2350000000,89,0.0000017800
0.5250000000,0.2450000000,351,0.0000070200
0.5250000000,0.2550000000,629,0.0000125800
0.5250000000,0.2650000000,923,0.0000184600
0.5250000000,0.2750000000,1082,0.0000216400
0.5250000000,0.2850000000,1426,0.0000285200
0.5250000000,0.2950000000,1627,0.0000325400
0.5250000000,0.3050000000,1672,0.0000334400
0.5250000000,0.3150000000,2010,0.0000402000
0.5250000000,0.3250000000,2041,0.0000408200
0.5250000000,0.3350000000,2294,0.0000458800
0.5250000000,0.3450000000,2272,0.0000454400
0.5250000000,0.3550000000,2423,0.0000484600
0.5250000000,0.3650000000,2474,0.0000494800
0.5250000000,0.3750000000,2605,0.0000521000
0.5250000000,0.3850000000,2698,0.0000539600
0.5250000000,0.3950000000,2623,0.0000524600
0.5250000000,0.4050000000,2619,0.0000523800
0.5250000000,0.4150000000,2709,0.0000541800
0.5250000000,0.4250000000,2678,0.0000535600
0.5250000000,0.4350000000,2663,0.0000532600
0.5250000000,0.4450000000,2638,0.0000527600
0.5250000000,0.4550000000,2731,0.0000546200
0.5250000000,0.4650000000,2624,0.0000524800
0.5250000000,0.4750000000,2712,0.0000542400
0.5250000000,0.4850000000,2731,0.0000546200
0.5250000000,0.4950000000,2605,0.0000521000
0.5250000000,0.5050000000,2705,0.0000541000
0.5250000000,0.5150000000,2691,0.0000538200
0.5250000000,0.5250000000,2705,0.0000541000
0.5250000000,0.5350000000,2836,0.0000567200
0.5250000000,0.5450000000,2721,0.0000544200
0.5250000000,0.5550000000,2797,0.0000559400
0.5250000000,0.5650000000,2688,0.0000537600
0.5250000000,0.5750000000,2770,0.0000554000
0.5250000000,0.5850000000,2871,0.0000574200
0.5250000000,0.5950000000,2780,0.0000556000
0.5250000000,0.6050000000,2842,0.0000568400
0.5250000000,0.6150000000,2818,0.0000563600
0.5250000000,0.6250000000,2925,0.0000585000
0.5250000000,0.6350000000,2963,0.0000592600
0.5250000000,0.6450000000,2997,0.0000599400
0.5250000000,0.6550000000,2967,0.0000593400
0.5250000000,0.6650000000,3079,0.0000615800
0.5250000000,0.6750000000,3165,0.0000633000
0.5250000000,0.6850000000,3106,0.0000621200
0.5250000000,0.6950000000,3256,0.0000651200
0.5250000000,0.7050000000,3299,0.0000659800
0.5250000000,0.7150000000,3306,0.0000661200
0.5250000000,0.7250000000,3303,0.0000660600
0.5250000000,0.7350000000,3371,0.0000674200
0.5250000000,0.7450000000,3287,0.0000657400
0.5250000000,0.7550000000,3444,0.0000688800
0.5250000000,0.7650000000,3486,0.0000697200
0.5250000000,0.7750000000,3615,0.0000723000
0.5250000000,0.7850000000,3681,0.0000736200
0.5250000000,0.7950000000,3761,0.0000752200
0.5250000000,0.8050000000,3873,0.0000774600
0.5250000000,0.8150000000,3950,0.0000790000
0.5250000000,0.8250000000,4077,0.0000815400
0.5250000000,0.8350000000,4116,0.0000823200
0.5250000000,0.8450000000,4298,0.0000859600
0.5250000000,0.8550000000,4468,0.0000893600
0.5250000000,0.8650000000,4687,0.0000937400
0.5250000000,0.8750000000,4800,0.0000960000
0.5250000000,0.8850000000,5156,0.0001031200
0.5250000000,0.8950000000,5558,0.0001111600
0.5250000000,0.9050000000,5903,0.0001180600
0.5250000000,0.9150000000,6103,0.0001220600
0.5250000000,0.9250000000,6794,0.0001358800
0.5250000000,0.9350000000,7715,0.0001543000
0.5250000000,0.9450000000,8799,0.0001759800
0.5250000000,0.9550000000,11017,0.0002203400
0.5250000000,0.9650000000,17353,0.0003470600
0.5250000000,0.9750000000,15755,0.0003151000
0.5250000000,0.9850000000,0,0.0000000000
0.5250000000,0.9950000000,0,0.0000000000
0.5350000000,0.0050000000,0,0.0000000000
0.5350000000,0.0150000000,0,0.0000000000
0.5350000000,0.0250000000,0,0.0000000000
0.5350000000,0.0350000000,0,0.0000000000
0.5350000000,0.0450000000,0,0.0000000000
0.5350000000,0.0550000000,0,0.0000000000
0.5350000000,0.0650000000,0,0.0000000000
0.5350000000,0.0750000000,0,0.0000000000
0.5350000000,0.0850000000,0,0.0000000000
0.5350000000,0.0950000000,0,0.0000000000
0.5350000000,0.1050000000,0,0.0000000000
0.5350000000,0.1150000000,0,0.0000000000
0.5350000000,0.1250000000,0,0.0000000000
0.5350000000,0.1350000000,0,0.0000000000
0.5350000000,0.1450000000,0,0.0000000000
0.5350000000,0.1550000000,0,0.0000000000
0.5350000000,0.1650000000,0,0.0000000000
0.5350000000,0.1750000000,0,0.0000000000
0.5350000000,0.1850000000,0,0.0000000000
0.5350000000,0.1950000000,0,0.0000000000
0.5350000000,0.2050000000,0,0.0000000000
0.5350000000,0.2150000000,0,0.0000000000
0.5350000000,0.2250000000,0,0.0000000000
0.5350000000,0.2350000000,150,0.0000030000
0.5350000000,0.2450000000,472,0.0000094400
0.5350000000,0.2550000000,779,0.0000155800
0.5350000000,0.2650000000,1026,0.0000205200
0.5350000000,0.2750000000,1226,0.0000245200
0.5350000000,0.2850000000,1459,0.0000291800
0.5350000000,0.2950000000,1678,0.0000335600
0.5350000000,0.3050000000,1770,0.0000354000
0.5350000000,0.3150000000,1994,0.0000398800
0.5350000000,0.3250000000,2108,0.0000421600
0.5350000000,0.3350000000,2292,0.0000458400
0.5350000000,0.3450000000,2415,0.0000483000
0.5350000000,0.3550000000,2521,0.0000504200
0.5350000000,0.3650000000,2603,0.0000520600
0.5350000000,0.3750000000,2573,0.0000514600
0.5350000000,0.3850000000,2669,0.0000533800
0.5350000000,0.3950000000,2734,0.0000546800
0.5350000000,0.4050000000,2597,0.0000519400
0.5350000000,0.4150000000,2604,0.0000520800
0.5350000000,0.4250000000,2729,0.0000545800
0.5350000000,0.4350000000,2705,0.0000541000
0.5350000000,0.4450000000,2714,0.0000542800
0.5350000000,0.4550000000,2645,0.0000529000
0.5350000000,0.4650000000,2747,0.0000549400
0.5350000000,0.4750000000,2628,0.0000525600
0.5350000000,0.4850000000,2724,0.0000544800
0.5350000000,0.4950000000,2699,0.0000539800
0.5350000000,0.5050000000,2686,0.0000537200
0.5350000000,0.5150000000,2690,0.0000538000
0.5350000000,0.5250000000,2759,0.0000551800
0.5350000000,0.5350000000,2836,0.0000567200
0.5350000000,0.5450000000,2760,0.0000552000
0.5350000000,0.5550000000,2735,0.0000547000
0.5350000000,0.5650000000,2814,0.0000562800
0.5350000000,0.5750000000,2776,0.0000555200
0.5350000000,0.5850000000,2886,0.0000577200
0.5350000000,0.5950000000,2798,0.0000559600
0.5350000000,0.6050000000,2894,0.0000578800
0.5350000000,0.6150000000,2867,0.0000573400
0.5350000000,0.6250000000,2905,0.0000581000
0.5350000000,0.6350000000,3059,0.0000611800
0.5350000000,0.6450000000,3018,0.0000603600
0.5350000000,0.6550000000,2986,0.0000597200
0.5350000000,0.6650000000,2963,0.0000592600
0.5350000000,0.6750000000,3003,0.0000600600
0.5350000000,0.6850000000,3046,0.0000609200
0.5350000000,0.6950000000,3177,0.0000635400
0.5350000000,0.7050000000,3229,0.0000645800
0.5350000000,0.7150000000,3176,0.0000635200
0.5350000000,0.7250000000,3310,0.0000662000
0.5350000000,0.7350000000,3337,0.0000667400
0.5350000000,0.7450000000,3332,0.0000666400
0.5350000000,0.7550000000,3491,0.0000698200
0.5350000000,0.7650000000,3520,0.0000704000
0.5350000000,0.7750000000,3663,0.0000732600
0.5350000000,0.7850000000,3621,0.0000724200
0.5350000000,0.7950000000,3618,0.0000723600
0.5350000000,0.8050000000,3862,0.0000772400
0.5350000000,0.8150000000,3856,0.0000771200
0.5350000000,0.8250000000,3998,0.0000799600
0.5350000000,0.8350000000,4070,0.0000814000
0.5350000000,0.8450000000,4293,0.0000858600
0.5350000000,0.8550000000,4392,0.0000878400
0.5350000000,0.8650000000,4522,0.0000904400
0.5350000000,0.8750000000,4774,0.0000954800
0.5350000000,0.8850000000,5030,0.0001006000
0.5350000000,0.8950000000,5263,0.0001052600
0.5350000000,0.9050000000,5458,0.0001091600
0.5350000000,0.9150000000,6035,0.0001207000
0.5350000000,0.9250000000,6595,0.0001319000
0.5350000000,0.9350000000,7496,0.0001499200
0.5350000000,0.9450000000,8342,0.0001668400
0.5350000000,0.9550000000,10203,0.0002040600
0.5350000000,0.9650000000,14723,0.0002944600
0.5350000000,0.9750000000,21727,0.0004345400
0.5350000000,0.9850000000,0,0.0000000000
0.5350000000,0.9950000000,0,0.0000000000
0.5450000000,0.0050000000,0,0.0000000000
0.5450000000,0.0150000000,0,0.0000000000
0.5450000000,0.0250000000,0,0.0000000000
0.5450000000,0.0350000000,0,0.0000000000
0.5450000000,0.0450000000,0,0.0000000000
0.5450000000,0.0550000000,0,0.0000000000
0.5450000000,0.0650000000,0,0.0000000000
0.5450000000,0.0750000000,0,0.0000000000
0.5450000000,0.0850000000,0,0.0000000000
0.5450000000,0.0950000000,0,0.0000000000
0.5450000000,0.1050000000,0,0.0000000000
0.5450000000,0.1150000000,0,0.0000000000
0.5450000000,0.1250000000,0,0.0000000000
0.5450000000,0.1350000000,0,0.0000000000
0.5450000000,0.1450000000,0,0.0000000000
0.5450000000,0.1550000000,0,0.0000000000
0.5450000000,0.1650000000,0,0.0000000000
0.5450000000,0.1750000000,0,0.0000000000
0.5450000000,0.1850000000,0,0.0000000000
0.5450000000,0.1950000000,0,0.0000000000
0.5450000000,0.2050000000,0,0.0000000000
0.5450000000,0.2150000000,0,0.0000000000
0.5450000000,0.2250000000,11,0.0000002200
0.5450000000,0.2350000000,229,0.0000045800
0.5450000000,0.2450000000,512,0.0000102400
0.5450000000,0.2550000000,846,0.0000169200
0.5450000000,0.2650000000,1101,0.0000220200
0.5450000000,0.2750000000,1314,0.0000262800
0.5450000000,0.2850000000,1534,0.0000306800
0.5450000000,0.2950000000,1722,0.0000344400
0.5450000000,0.3050000000,1984,0.0000396800
0.5450000000,0.3150000000,2111,0.0000422200
0.5450000000,0.3250000000,2185,0.0000437000
0.5450000000,0.3350000000,2374,0.0000474800
0.5450000000,0.3450000000,2425,0.0000485000
0.5450000000,0.3550000000,2472,0.0000494400
0.5450000000,0.3650000000,2589,0.0000517800
0.5450000000,0.3750000000,2647,0.0000529400
0.5450000000,0.3850000000,2680,0.0000536000
0.5450000000,0.3950000000,2667,0.0000533400
0.5450000000,0.4050000000,2643,0.0000528600
0.5450000000,0.4150000000,2669,0.0000533800
0.5450000000,0.4250000000,2638,0.0000527600
0.5450000000,0.4350000000,2670,0.0000534000
0.5450000000,0.4450000000,2671,0.0000534200
0.5450000000,0.4550000000,2654,0.0000530800
0.5450000000,0.4650000000,2710,0.0000542000
0.5450000000,0.4750000000,2672,0.0000534400
0.5450000000,0.4850000000,2689,0.0000537800
0.5450000000,0.4950000000,2787,0.0000557400
0.5450000000,0.5050000000,2687,0.0000537400
0.5450000000,0.5150000000,2818,0.0000563600
0.5450000000,0.5250000000,2686,0.0000537200
0.5450000000,0.5350000000,2855,0.0000571000
0.5450000000,0.5450000000,2775,0.0000555000
0.5450000000,0.5550000000,2831,0.0000566200
0.5450000000,0.5650000000,2891,0.0000578200
0.5450000000,0.5750000000,2845,0.0000569000
0.5450000000,0.5850000000,2760,0.0000552000
0.5450000000,0.5950000000,2888,0.0000577600
0.5450000000,0.6050000000,2939,0.0000587800
0.5450000000,0.6150000000,2979,0.0000595800
0.5450000000,0.6250000000,2941,0.0000588200
0.5450000000,0.6350000000,3024,0.0000604800
0.5450000000,0.6450000000,2903,0.0000580600
0.5450000000,0.6550000000,2972,0.0000594400
0.5450000000,0.6650000000,3028,0.0000605600
0.5450000000,0.6750000000,3197,0.0000639400
0.5450000000,0.6850000000,3170,0.0000634000
0.5450000000,0.6950000000,3138,0.0000627600
0.5450000000,0.7050000000,3140,0.0000628000
0.5450000000,0.7150000000,3182,0.0000636400
0.5450000000,0.7250000000,3219,0.0000643800
0.5450000000,0.7350000000,3332,0.0000666400
0.5450000000,0.7450000000,3391,0.0000678200
0.5450000000,0.7550000000,3505,0.0000701000
0.5450000000,0.7650000000,3550,0.0000710000
0.5450000000,0.7750000000,3593,0.0000718600
0.5450000000,0.7850000000,3657,0.0000731400
0.5450000000,0.7950000000,3616,0.0000723200
0.5450000000,0.8050000000,3756,0.0000751200
0.5450000000,0.8150000000,3844,0.0000768800
0.5450000000,0.8250000000,4008,0.0000801600
0.5450000000,0.8350000000,4296,0.0000859200
0.5450000000,0.8450000000,4312,0.0000862400
0.5450000000,0.8550000000,4382,0.0000876400
0.5450000000,0.8650000000,4639,0.0000927800
0.5450000000,0.8750000000,4767,0.0000953400
0.5450000000,0.8850000000,4873,0.0000974600
0.5450000000,0.8950000000,5206,0.0001041200
0.5450000000,0.9050000000,5501,0.0001100200
0.5450000000,0.9150000000,6092,0.0001218400
0.5450000000,0.9250000000,6484,0.0001296800
0.5450000000,0.9350000000,7147,0.0001429400
0.5450000000,0.9450000000,8235,0.0001647000
0.5450000000,0.9550000000,9775,0.0001955000
0.5450000000,0.9650000000,13141,0.0002628200
0.5450000000,0.9750000000,26740,0.0005348000
0.5450000000,0.9850000000,0,0.0000000000
0.5450000000,0.9950000000,0,0.0000000000
0.5550000000,0.0050000000,0,0.0000000000
0.5550000000,0.0150000000,0,0.0000000000
0.5550000000,0.0250000000,0,0.0000000000
0.5550000000,0.0350000000,0,0.0000000000
0.5550000000,0.0450000000,0,0.0000000000
0.5550000000,0.0550000000,0,0.0000000000
0.5550000000,0.0650000000,0,0.0000000000
0.5550000000,0.0750000000,0,0.0000000000
0.5550000000,0.0850000000,0,0.0000000000
0.5550000000,0.0950000000,0,0.0000000000
0.5550000000,0.1050000000,0,0.0000000000
0.5550000000,0.1150000000,0,0.0000000000
0.5550000000,0.1250000000,0,0.0000000000
0.5550000000,0.1350000000,0,0.0000000000
0.5550000000,0.1450000000,0,0.0000000000
0.5550000000,0.1550000000,0,0.0000000000
0.5550000000,0.1650000000,0,0.0000000000
0.5550000000,0.1750000000,0,0.0000000000
0.5550000000,0.1850000000,0,0.0000000000
0.5550000000,0.1950000000,0,0.0000000000
0.5550000000,0.2050000000,0,0.0000000000
0.5550000000,0.2150000000,0,0.0000000000
0.5550000000,0.2250000000,44,0.0000008800
0.5550000000,0.2350000000,367,0.0000073400
0.5550000000,0.2450000000,669,0.0000133800
0.5550000000,0.2550000000,1005,0.0000201000
0.5550000000,0.2650000000,1260,0.0000252000
0.5550000000,0.2750000000,1384,0.0000276800
0.5550000000,0.2850000000,1673,0.0000334600
0.5550000000,0.2950000000,1831,0.0000366200
0.5550000000,0.3050000000,1897,0.0000379400
0.5550000000,0.3150000000,2119,0.0000423800
0.5550000000,0.3250000000,2348,0.0000469600
0.5550000000,0.3350000000,2406,0.0000481200
0.5550000000,0.3450000000,2432,0.0000486400
0.5550000000,0.3550000000,2489,0.0000497800
0.5550000000,0.3650000000,2586,0.0000517200
0.5550000000,0.3750000000,2662,0.0000532400
0.5550000000,0.3850000000,2760,0.0000552000
0.5550000000,0.3950000000,2783,0.0000556600
0.5550000000,0.4050000000,2654,0.0000530800
0.5550000000,0.4150000000,2747,0.0000549400
0.5550000000,0.4250000000,2751,0.0000550200
0.5550000000,0.4350000000,2709,0.0000541800
0.5550000000,0.4450000000,2833,0.0000566600
0.5550000000,0.4550000000,2683,0.0000536600
0.5550000000,0.4650000000,2677,0.0000535400
0.5550000000,0.4750000000,2729,0.0000545800
0.5550000000,0.4850000000,2757,0.0000551400
0.5550000000,0.4950000000,2692,0.0000538400
0.5550000000,0.5050000000,2714,0.0000542800
0.5550000000,0.5150000000,2683,0.0000536600
0.5550000000,0.5250000000,2761,0.0000552200
0.5550000000,0.5350000000,2746,0.0000549200
0.5550000000,0.5450000000,2856,0.0000571200
0.5550000000,0.5550000000,2862,0.0000572400
0.5550000000,0.5650000000,2777,0.0000555400
0.5550000000,0.5750000000,2917,0.0000583400
0.5550000000,0.5850000000,2908,0.0000581600
0.5550000000,0.5950000000,2876,0.0000575200
0.5550000000,0.6050000000,2903,0.0000580600
0.5550000000,0.6150000000,2979,0.0000595800
0.5550000000,0.6250000000,3031,0.0000606200
0.5550000000,0.6350000000,2982,0.0000596400
0.5550000000,0.6450000000,2988,0.0000597600
0.5550000000,0.6550000000,3166,0.0000633200
0.5550000000,0.6650000000,3016,0.0000603200
0.5550000000,0.6750000000,3050,0.0000610000
0.5550000000,0.6850000000,3100,0.0000620000
0.5550000000,0.6950000000,3141,0.0000628200
0.5550000000,0.7050000000,3116,0.0000623200
0.5550000000,0.7150000000,3306,0.0000661200
0.5550000000,0.7250000000,3265,0.0000653000
0.5550000000,0.7350000000,3319,0.0000663800
0.5550000000,0.7450000000,3423,0.0000684600
0.5550000000,0.7550000000,3453,0.0000690600
0.5550000000,0.7650000000,3515,0.0000703000
0.5550000000,0.7750000000,3527,0.0000705400
0.5550000000,0.7850000000,3602,0.0000720400
0.5550000000,0.7950000000,3723,0.0000744600
0.5550000000,0.8050000000,3905,0.0000781000
0.5550000000,0.8150000000,3947,0.0000789400
0.5550000000,0.8250000000,3950,0.0000790000
0.5550000000,0.8350000000,4155,0.0000831000
0.5550000000,0.8450000000,4166,0.0000833200
0.5550000000,0.8550000000,4381,0.0000876200
0.5550000000,0.8650000000,4475,0.0000895000
0.5550000000,0.8750000000,4752,0.0000950400
0.5550000000,0.8850000000,4943,0.0000988600
0.5550000000,0.8950000000,5341,0.0001068200
0.5550000000,0.9050000000,5393,0.0001078600
0.5550000000,0.9150000000,5919,0.0001183800
0.5550000000,0.9250000000,6301,0.0001260200
0.5550000000,0.9350000000,6968,0.0001393600
0.5550000000,0.9450000000,7896,0.0001579200
0.5550000000,0.9550000000,9325,0.0001865000
0.5550000000,0.9650000000,12035,0.0002407000
0.5550000000,0.9750000000,23792,0.0004758400
0.5550000000,0.9850000000,6412,0.0001282400
0.5550000000,0.9950000000,0,0.0000000000
0.5650000000,0.0050000000,0,0.0000000000
0.5650000000,0.0150000000,0,0.0000000000
0.5650000000,0.0250000000,0,0.0000000000
0.5650000000,0.0350000000,0,0.0000000000
0.5650000000,0.0450000000,0,0.0000000000
0.5650000000,0.0550000000,0,0.0000000000
0.5650000000,0.0650000000,0,0.0000000000
0.5650000000,0.0750000000,0,0.0000000000
0.5650000000,0.0850000000,0,0.0000000000
0.5650000000,0.0950000000,0,0.0000000000
0.5650000000,0.1050000000,0,0.0000000000
0.5650000000,0.1150000000,0,0.0000000000
0.5650000000,0.1250000000,0,0.0000000000
0.5650000000,0.1350000000,0,0.0000000000
0.5650000000,0.1450000000,0,0.0000000000
0.5650000000,0.1550000000,0,0.0000000000
0.5650000000,0.1650000000,0,0.0000000000
0.5650000000,0.1750000000,0,0.0000000000
0.5650000000,0.1850000000,0,0.0000000000
0.5650000000,0.1950000000,0,0.0000000000
0.5650000000,0.2050000000,0,0.0000000000
0.5650000000,0.2150000000,0,0.0000000000
0.5650000000,0.2250000000,135,0.0000027000
0.5650000000,0.2350000000,476,0.0000095200
0.5650000000,0.2450000000,780,0.0000156000
0.5650000000,0.2550000000,1067,0.0000213400
0.5650000000,0.2650000000,1330,0.0000266000
0.5650000000,0.2750000000,1487,0.0000297400
0.5650000000,0.2850000000,1727,0.0000345400
0.5650000000,0.2950000000,1874,0.0000374800
0.5650000000,0.3050000000,2079,0.0000415800
0.5650000000,0.3150000000,2276,0.0000455200
0.5650000000,0.3250000000,2285,0.0000457000
0.5650000000,0.3350000000,2476,0.0000495200
0.5650000000,0.3450000000,2553,0.0000510600
0.5650000000,0.3550000000,2628,0.0000525600
0.5650000000,0.3650000000,2679,0.0000535800
0.5650000000,0.3750000000,2659,0.0000531800
0.5650000000,0.3850000000,2724,0.0000544800
0.5650000000,0.3950000000,2667,0.0000533400
0.5650000000,0.4050000000,2813,0.0000562600
0.5650000000,0.4150000000,2723,0.0000544600
0.5650000000,0.4250000000,2729,0.0000545800
0.5650000000,0.4350000000,2772,0.0000554400
0.5650000000,0.4450000000,2803,0.0000560600
0.5650000000,0.4550000000,2711,0.0000542200
0.5650000000,0.4650000000,2762,0.0000552400
0.5650000000,0.4750000000,2699,0.0000539800
0.5650000000,0.4850000000,2740,0.0000548000
0.5650000000,0.4950000000,2819,0.0000563800
0.5650000000,0.5050000000,2850,0.0000570000
0.5650000000,0.5150000000,2778,0.0000555600
0.5650000000,0.5250000000,2838,0.0000567600
0.5650000000,0.5350000000,2790,0.0000558000
0.5650000000,0.5450000000,2862,0.0000572400
0.5650000000,0.5550000000,2854,0.0000570800
0.5650000000,0.5650000000,2887,0.0000577400
0.5650000000,0.5750000000,2864,0.0000572800
0.5650000000,0.5850000000,2801,0.0000560200
0.5650000000,0.5950000000,2895,0.0000579000
0.5650000000,0.6050000000,2920,0.0000584000
0.5650000000,0.6150000000,2882,0.0000576400
0.5650000000,0.6250000000,2880,0.0000576000
0.5650000000,0.6350000000,3000,0.0000600000
0.5650000000,0.6450000000,2970,0.0000594000
0.5650000000,0.6550000000,2966,0.0000593200
0.5650000000,0.6650000000,3087,0.0000617400
0.5650000000,0.6750000000,3201,0.0000640200
0.5650000000,0.6850000000,3015,0.0000603000
0.5650000000,0.6950000000,3191,0.0000638200
0.5650000000,0.7050000000,3090,0.0000618000
0.5650000000,0.7150000000,3327,0.0000665400
0.5650000000,0.7250000000,3254,0.0000650800
0.5650000000,0.7350000000,3331,0.0000666200
0.5650000000,0.7450000000,3486,0.0000697200
0.5650000000,0.7550000000,3421,0.0000684200
0.5650000000,0.7650000000,3509,0.0000701800
0.5650000000,0.7750000000,3461,0.0000692200
0.5650000000,0.7850000000,3631,0.0000726200
0.5650000000,0.7950000000,3832,0.0000766400
0.5650000000,0.8050000000,3750,0.0000750000
0.5650000000,0.8150000000,3810,0.0000762000
0.5650000000,0.8250000000,4028,0.0000805600
0.5650000000,0.8350000000,3976,0.0000795200
0.5650000000,0.8450000000,4295,0.0000859000
0.5650000000,0.8550000000,4222,0.0000844400
0.5650000000,0.8650000000,4563,0.0000912600
0.5650000000,0.8750000000,4828,0.0000965600
0.5650000000,0.8850000000,4994,0.0000998800
0.5650000000,0.8950000000,5177,0.0001035400
0.5650000000,0.9050000000,5498,0.0001099600
0.5650000000,0.9150000000,5908,0.0001181600
0.5650000000,0.9250000000,6188,0.0001237600
0.5650000000,0.9350000000,6800,0.0001360000
0.5650000000,0.9450000000,7754,0.0001550800
0.5650000000,0.9550000000,8938,0.0001787600
0.5650000000,0.9650000000,11057,0.0002211400
0.5650000000,0.9750000000,17766,0.0003553200
0.5650000000,0.9850000000,16094,0.0003218800
0.5650000000,0.9950000000,0,0.0000000000
0.5750000000,0.0050000000,0,0.0000000000
0.5750000000,0.0150000000,0,0.0000000000
0.5750000000,0.0250000000,0,0.0000000000
0.5750000000,0.0350000000,0,0.0000000000
0.5750000000,0.0450000000,0,0.0000000000
0.5750000000,0.0550000000,0,0.0000000000
0.5750000000,0.0650000000,0,0.0000000000
0.5750000000,0.0750000000,0,0.0000000000
0.5750000000,0.0850000000,0,0.0000000000
0.5750000000,0.0950000000,0,0.0000000000
0.5750000000,0.1050000000,0,0.0000000000
0.5750000000,0.1150000000,0,0.0000000000
0.5750000000,0.1250000000,0,0.0000000000
0.5750000000,0.1350000000,0,0.0000000000
0.5750000000,0.1450000000,0,0.0000000000
0.5750000000,0.1550000000,0,0.0000000000
0.5750000000,0.1650000000,0,0.0000000000
0.5750000000,0.1750000000,0,0.0000000000
0.5750000000,0.1850000000,0,0.0000000000
0.5750000000,0.1950000000,0,0.0000000000
0.5750000000,0.2050000000,0,0.0000000000
0.5750000000,0.2150000000,9,0.0000001800
0.5750000000,0.2250000000,238,0.0000047600
0.5750000000,0.2350000000,595,0.0000119000
0.5750000000,0.2450000000,869,0.0000173800
0.5750000000,0.2550000000,1160,0.0000232000
0.5750000000,0.2650000000,1399,0.0000279800
0.5750000000,0.2750000000,1667,0.0000333400
0.5750000000,0.2850000000,1905,0.0000381000
0.5750000000,0.2950000000,2037,0.0000407400
0.5750000000,0.3050000000,2202,0.0000440400
0.5750000000,0.3150000000,2274,0.0000454800
0.5750000000,0.3250000000,2407,0.0000481400
0.5750000000,0.3350000000,2446,0.0000489200
0.5750000000,0.3450000000,2561,0.0000512200
0.5750000000,0.3550000000,2699,0.0000539800
0.5750000000,0.3650000000,2704,0.0000540800
0.5750000000,0.3750000000,2780,0.0000556000
0.5750000000,0.3850000000,2748,0.0000549600
0.5750000000,0.3950000000,2778,0.0000555600
0.5750000000,0.4050000000,2772,0.0000554400
0.5750000000,0.4150000000,2701,0.0000540200
0.5750000000,0.4250000000,2711,0.0000542200
0.5750000000,0.4350000000,2739,0.0000547800
0.5750000000,0.4450000000,2799,0.0000559800
0.5750000000,0.4550000000,2815,0.0000563000
0.5750000000,0.4650000000,2741,0.0000548200
0.5750000000,0.4750000000,2752,0.0000550400
0.5750000000,0.4850000000,2845,0.0000569000
0.5750000000,0.4950000000,2655,0.0000531000
0.5750000000,0.5050000000,2788,0.0000557600
0.5750000000,0.5150000000,2746,0.0000549200
0.5750000000,0.5250000000,2876,0.0000575200
0.5750000000,0.5350000000,2821,0.0000564200
0.5750000000,0.5450000000,2868,0.0000573600
0.5750000000,0.5550000000,2803,0.0000560600
0.5750000000,0.5650000000,2802,0.0000560400
0.5750000000,0.5750000000,2836,0.0000567200
0.5750000000,0.5850000000,2846,0.0000569200
0.5750000000,0.5950000000,2942,0.0000588400
0.5750000000,0.6050000000,2996,0.0000599200
0.5750000000,0.6150000000,2929,0.0000585800
0.5750000000,0.6250000000,2947,0.0000589400
0.5750000000,0.6350000000,3073,0.0000614600
0.5750000000,0.6450000000,2970,0.0000594000
0.5750000000,0.6550000000,3018,0.0000603600
0.5750000000,0.6650000000,3065,0.0000613000
0.5750000000,0.6750000000,3092,0.0000618400
0.5750000000,0.6850000000,3245,0.0000649000
0.5750000000,0.6950000000,3211,0.0000642200
0.5750000000,0.7050000000,3244,0.0000648800
0.5750000000,0.7150000000,3309,0.0000661800
0.5750000000,0.7250000000,3304,0.0000660800
0.5750000000,0.7350000000,3465,0.0000693000
0.5750000000,0.7450000000,3482,0.0000696400
0.5750000000,0.7550000000,3474,0.0000694800
0.5750000000,0.7650000000,3501,0.0000700200
0.5750000000,0.7750000000,3555,0.0000711000
0.5750000000,0.7850000000,3688,0.0000737600
0.5750000000,0.7950000000,3635,0.0000727000
0.5750000000,0.8050000000,3833,0.0000766600
0.5750000000,0.8150000000,3826,0.0000765200
0.5750000000,0.8250000000,3971,0.0000794200
0.5750000000,0.8350000000,4029,0.0000805800
0.5750000000,0.8450000000,4364,0.0000872800
0.5750000000,0.8550000000,4363,0.0000872600
0.5750000000,0.8650000000,4490,0.0000898000
0.5750000000,0.8750000000,4742,0.0000948400
0.5750000000,0.8850000000,4801,0.0000960200
0.5750000000,0.8950000000,5123,0.0001024600
0.5750000000,0.9050000000,5422,0.0001084400
0.5750000000,0.9150000000,5713,0.0001142600
0.5750000000,0.9250000000,6085,0.0001217000
0.5750000000,0.9350000000,6730,0.0001346000
0.5750000000,0.9450000000,7634,0.0001526800
0.5750000000,0.9550000000,8787,0.0001757400
0.5750000000,0.9650000000,10530,0.0002106000
0.5750000000,0.9750000000,15483,0.0003096600
0.5750000000,0.9850000000,21174,0.0004234800
0.5750000000,0.9950000000,0,0.0000000000
0.5850000000,0.0050000000,0,0.0000000000
0.5850000000,0.0150000000,0,0.0000000000
0.5850000000,0.0250000000,0,0.0000000000
0.5850000000,0.0350000000,0,0.0000000000
0.5850000000,0.0450000000,0,0.0000000000
0.5850000000,0.0550000000,0,0.0000000000
0.5850000000,0.0650000000,0,0.0000000000
0.5850000000,0.0750000000,0,0.0000000000
0.5850000000,0.0850000000,0,0.0000000000
0.5850000000,0.0950000000,0,0.0000000000
0.5850000000,0.1050000000,0,0.0000000000
0.5850000000,0.1150000000,0,0.0000000000
0.5850000000,0.1250000000,0,0.0000000000
0.5850000000,0.1350000000,0,0.0000000000
0.5850000000,0.1450000000,0,0.0000000000
0.5850000000,0.1550000000,0,0.0000000000
0.5850000000,0.1650000000,0,0.0000000000
0.5850000000,0.1750000000,0,0.0000000000
0.5850000000,0.1850000000,0,0.0000000000
0.5850000000,0.1950000000,0,0.0000000000
0.5850000000,0.2050000000,0,0.0000000000
0.5850000000,0.2150000000,62,0.0000012400
0.5850000000,0.2250000000,360,0.0000072000
0.5850000000,0.2350000000,699,0.0000139800
0.5850000000,0.2450000000,990,0.0000198000
0.5850000000,0.2550000000,1308,0.0000261600
0.5850000000,0.2650000000,1513,0.0000302600
0.5850000000,0.2750000000,1670,0.0000334000
0.5850000000,0.2850000000,1860,0.0000372000
0.5850000000,0.2950000000,2131,0.0000426200
0.5850000000,0.3050000000,2213,0.0000442600
0.5850000000,0.3150000000,2434,0.0000486800
0.5850000000,0.3250000000,2527,0.0000505400
0.5850000000,0.3350000000,2610,0.0000522000
0.5850000000,0.3450000000,2648,0.0000529600
0.5850000000,0.3550000000,2685,0.0000537000
0.5850000000,0.3650000000,2765,0.0000553000
0.5850000000,0.3750000000,2731,0.0000546200
0.5850000000,0.3850000000,2808,0.0000561600
0.5850000000,0.3950000000,2722,0.0000544400
0.5850000000,0.4050000000,2843,0.0000568600
0.5850000000,0.4150000000,2712,0.0000542400
0.5850000000,0.4250000000,2727,0.0000545400
0.5850000000,0.4350000000,2796,0.0000559200
0.5850000000,0.4450000000,2696,0.0000539200
0.5850000000,0.4550000000,2871,0.0000574200
0.5850000000,0.4650000000,2784,0.0000556800
0.5850000000,0.4750000000,2777,0.0000555400
0.5850000000,0.4850000000,2765,0.0000553000
0.5850000000,0.4950000000,2905,0.0000581000
0.5850000000,0.5050000000,2864,0.0000572800
0.5850000000,0.5150000000,2751,0.0000550200
0.5850000000,0.5250000000,2785,0.0000557000
0.5850000000,0.5350000000,2789,0.0000557800
0.5850000000,0.5450000000,2897,0.0000579400
0.5850000000,0.5550000000,2832,0.0000566400
0.5850000000,0.5650000000,2702,0.0000540400
0.5850000000,0.5750000000,2948,0.0000589600
0.5850000000,0.5850000000,2830,0.0000566000
0.5850000000,0.5950000000,2967,0.0000593400
0.5850000000,0.6050000000,2829,0.0000565800
0.5850000000,0.6150000000,2991,0.0000598200
0.5850000000,0.6250000000,2900,0.0000580000
0.5850000000,0.6350000000,3010,0.0000602000
0.5850000000,0.6450000000,2990,0.0000598000
0.5850000000,0.6550000000,3136,0.0000627200
0.5850000000,0.6650000000,3155,0.0000631000
0.5850000000,0.6750000000,3159,0.0000631800
0.5850000000,0.6850000000,3196,0.0000639200
0.5850000000,0.6950000000,3158,0.0000631600
0.5850000000,0.7050000000,3195,0.0000639000
0.5850000000,0.7150000000,3246,0.0000649200
0.5850000000,0.7250000000,3327,0.0000665400
0.5850000000,0.7350000000,3389,0.0000677800
0.5850000000,0.7450000000,3449,0.0000689800
0.5850000000,0.7550000000,3522,0.0000704400
0.5850000000,0.7650000000,3539,0.0000707800
0.5850000000,0.7750000000,3649,0.0000729800
0.5850000000,0.7850000000,3743,0.0000748600
0.5850000000,0.7950000000,3713,0.0000742600
0.5850000000,0.8050000000,3850,0.0000770000
0.5850000000,0.8150000000,3995,0.0000799000
0.5850000000,0.8250000000,3937,0.0000787400
0.5850000000,0.8350000000,4183,0.0000836600
0.5850000000,0.8450000000,4246,0.0000849200
0.5850000000,0.8550000000,4461,0.0000892200
0.5850000000,0.8650000000,4571,0.0000914200
0.5850000000,0.8750000000,4692,0.0000938400
0.5850000000,0.8850000000,4877,0.0000975400
0.5850000000,0.8950000000,5129,0.0001025800
0.5850000000,0.9050000000,5403,0.0001080600
0.5850000000,0.9150000000,5652,0.0001130400
0.5850000000,0.9250000000,6031,0.0001206200
0.5850000000,0.9350000000,6595,0.0001319000
0.5850000000,0.9450000000,7386,0.0001477200
0.5850000000,0.9550000000,8381,0.0001676200
0.5850000000,0.9650000000,10128,0.0002025600
0.5850000000,0.9750000000,14050,0.0002810000
0.5850000000,0.9850000000,25189,0.0005037800
0.5850000000,0.9950000000,0,0.0000000000
0.5950000000,0.0050000000,0,0.0000000000
0.5950000000,0.0150000000,0,0.0000000000
0.5950000000,0.0250000000,0,0.0000000000
0.5950000000,0.0350000000,0,0.0000000000
0.5950000000,0.0450000000,0,0.0000000000
0.5950000000,0.0550000000,0,0.0000000000
0.5950000000,0.0650000000,0,0.0000000000
0.5950000000,0.0750000000,0,0.0000000000
0.5950000000,0.0850000000,0,0.0000000000
0.5950000000,0.0950000000,0,0.0000000000
0.5950000000,0.1050000000,0,0.0000000000
0.5950000000,0.1150000000,0,0.0000000000
0.5950000000,0.1250000000,0,0.0000000000
0.5950000000,0.1350000000,0,0.0000000000
0.5950000000,0.1450000000,0,0.0000000000
0.5950000000,0.1550000000,0,0.0000000000
0.5950000000,0.1650000000,0,0.0000000000
0.5950000000,0.1750000000,0,0.0000000000
0.5950000000,0.1850000000,0,0.0000000000
0.5950000000,0.1950000000,0,0.0000000000
0.5950000000,0.2050000000,0,0.0000000000
0.5950000000,0.2150000000,127,0.0000025400
0.5950000000,0.2250000000,460,0.0000092000
0.5950000000,0.2350000000,898,0.0000179600
0.5950000000,0.2450000000,1082,0.0000216400
0.5950000000,0.2550000000,1400,0.0000280000
0.5950000000,0.2650000000,1620,0.0000324000
0.5950000000,0.2750000000,1871,0.0000374200
0.5950000000,0.2850000000,2010,0.0000402000
0.5950000000,0.2950000000,2177,0.0000435400
0.5950000000,0.3050000000,2331,0.0000466200
0.5950000000,0.3150000000,2538,0.0000507600
0.5950000000,0.3250000000,2666,0.0000533200
0.5950000000,0.3350000000,2566,0.0000513200
0.5950000000,0.3450000000,2688,0.0000537600
0.5950000000,0.3550000000,2822,0.0000564400
0.5950000000,0.3650000000,2822,0.0000564400
0.5950000000,0.3750000000,2742,0.0000548400
0.5950000000,0.3850000000,2811,0.0000562200
0.5950000000,0.3950000000,2763,0.0000552600
0.5950000000,0.4050000000,2911,0.0000582200
0.5950000000,0.4150000000,2761,0.0000552200
0.5950000000,0.4250000000,2812,0.0000562400
0.5950000000,0.4350000000,2768,0.0000553600
0.5950000000,0.4450000000,2799,0.0000559800
0.5950000000,0.4550000000,2805,0.0000561000
0.5950000000,0.4650000000,2744,0.0000548800
0.5950000000,0.4750000000,2856,0.0000571200
0.5950000000,0.4850000000,2876,0.0000575200
0.5950000000,0.4950000000,2778,0.0000555600
0.5950000000,0.5050000000,2768,0.0000553600
0.5950000000,0.5150000000,2801,0.0000560200
0.5950000000,0.5250000000,2883,0.0000576600
0.5950000000,0.5350000000,2980,0.0000596000
0.5950000000,0.5450000000,2823,0.0000564600
0.5950000000,0.5550000000,2916,0.0000583200
0.5950000000,0.5650000000,2874,0.0000574800
0.5950000000,0.5750000000,2834,0.0000566800
0.5950000000,0.5850000000,2912,0.0000582400
0.5950000000,0.5950000000,3072,0.0000614400
0.5950000000,0.6050000000,2964,0.0000592800
0.5950000000,0.6150000000,2928,0.0000585600
0.5950000000,0.6250000000,3027,0.0000605400
0.5950000000,0.6350000000,2934,0.0000586800
0.5950000000,0.6450000000,3012,0.0000602400
0.5950000000,0.6550000000,3111,0.0000622200
0.5950000000,0.6650000000,3100,0.0000620000
0.5950000000,0.6750000000,3107,0.0000621400
0.5950000000,0.6850000000,3184,0.0000636800
0.5950000000,0.6950000000,3100,0.0000620000
0.5950000000,0.7050000000,3285,0.0000657000
0.5950000000,0.7150000000,3257,0.0000651400
0.5950000000,0.7250000000,3367,0.0000673400
0.5950000000,0.7350000000,3288,0.0000657600
0.5950000000,0.7450000000,3490,0.0000698000
0.5950000000,0.7550000000,3602,0.0000720400
0.5950000000,0.7650000000,3469,0.0000693800
0.5950000000,0.7750000000,3633,0.0000726600
0.5950000000,0.7850000000,3493,0.0000698600
0.5950000000,0.7950000000,3730,0.0000746000
0.5950000000,0.8050000000,3768,0.0000753600
0.5950000000,0.8150000000,3856,0.0000771200
0.5950000000,0.8250000000,3917,0.0000783400
0.5950000000,0.8350000000,4151,0.0000830200
0.5950000000,0.8450000000,4253,0.0000850600
0.5950000000,0.8550000000,4346,0.0000869200
0.5950000000,0.8650000000,4532,0.0000906400
0.5950000000,0.8750000000,4634,0.0000926800
0.5950000000,0.8850000000,4785,0.0000957000
0.5950000000,0.8950000000,5114,0.0001022800
0.5950000000,0.9050000000,5378,0.0001075600
0.5950000000,0.9150000000,5634,0.0001126800
0.5950000000,0.9250000000,6146,0.0001229200
0.5950000000,0.9350000000,6611,0.0001322200
0.5950000000,0.9450000000,7129,0.0001425800
0.5950000000,0.9550000000,8256,0.0001651200
0.5950000000,0.9650000000,9703,0.0001940600
0.5950000000,0.9750000000,12967,0.0002593400
0.5950000000,0.9850000000,28136,0.0005627200
0.5950000000,0.9950000000,0,0.0000000000
0.6050000000,0.0050000000,0,0.0000000000
0.6050000000,0.0150000000,0,0.0000000000
0.6050000000,0.0250000000,0,0.0000000000
0.6050000000,0.0350000000,0,0.0000000000
0.6050000000,0.0450000000,0,0.0000000000
0.6050000000,0.0550000000,0,0.0000000000
0.6050000000,0.0650000000,0,0.0000000000
0.6050000000,0.0750000000,0,0.0000000000
0.6050000000,0.0850000000,0,0.0000000000
0.6050000000,0.0950000000,0,0.0000000000
0.6050000000,0.1050000000,0,0.0000000000
0.6050000000,0.1150000000,0,0.0000000000
0.6050000000,0.1250000000,0,0.0000000000
0.6050000000,0.1350000000,0,0.0000000000
0.6050000000,0.1450000000,0,0.0000000000
0.6050000000,0.1550000000,0,0.0000000000
0.6050000000,0.1650000000,0,0.0000000000
0.6050000000,0.1750000000,0,0.0000000000
0.6050000000,0.1850000000,0,0.0000000000
0.6050000000,0.1950000000,0,0.0000000000
0.6050000000,0.2050000000,22,0.0000004400
0.6050000000,0.2150000000,255,0.0000051000
0.6050000000,0.2250000000,533,0.0000106600
0.6050000000,0.2350000000,917,0.0000183400
0.6050000000,0.2450000000,1255,0.0000251000
0.6050000000,0.2550000000,1591,0.0000318200
0.6050000000,0.2650000000,1778,0.0000355600
0.6050000000,0.2750000000,1958,0.0000391600
0.6050000000,0.2850000000,2129,0.0000425800
0.6050000000,0.2950000000,2226,0.0000445200
0.6050000000,0.3050000000,2458,0.0000491600
0.6050000000,0.3150000000,2540,0.0000508000
0.6050000000,0.3250000000,2612,0.0000522400
0.6050000000,0.3350000000,2696,0.0000539200
0.6050000000,0.3450000000,2712,0.0000542400
0.6050000000,0.3550000000,2808,0.0000561600
0.6050000000,0.3650000000,2930,0.0000586000
0.6050000000,0.3750000000,2845,0.0000569000
0.6050000000,0.3850000000,2837,0.0000567400
0.6050000000,0.3950000000,2798,0.0000559600
0.6050000000,0.4050000000,2739,0.0000547800
0.6050000000,0.4150000000,2803,0.0000560600
0.6050000000,0.4250000000,2841,0.0000568200
0.6050000000,0.4350000000,2853,0.0000570600
0.6050000000,0.4450000000,2828,0.0000565600
0.6050000000,0.4550000000,2876,0.0000575200
0.6050000000,0.4650000000,2736,0.0000547200
0.6050000000,0.4750000000,2825,0.0000565000
0.6050000000,0.4850000000,2921,0.0000584200
0.6050000000,0.4950000000,2852,0.0000570400
0.6050000000,0.5050000000,2872,0.0000574400
0.6050000000,0.5150000000,2942,0.0000588400
0.6050000000,0.5250000000,2886,0.0000577200
0.6050000000,0.5350000000,2843,0.0000568600
0.6050000000,0.5450000000,2924,0.0000584800
0.6050000000,0.5550000000,2840,0.0000568000
0.6050000000,0.5650000000,2925,0.0000585000
0.6050000000,0.5750000000,3014,0.0000602800
0.6050000000,0.5850000000,2806,0.0000561200
0.6050000000,0.5950000000,3032,0.0000606400
0.6050000000,0.6050000000,2955,0.0000591000
0.6050000000,0.6150000000,2960,0.0000592000
0.6050000000,0.6250000000,3022,0.0000604400
0.6050000000,0.6350000000,3092,0.0000618400
0.6050000000,0.6450000000,3047,0.0000609400
0.6050000000,0.6550000000,3180,0.0000636000
0.6050000000,0.6650000000,3067,0.0000613400
0.6050000000,0.6750000000,3188,0.0000637600
0.6050000000,0.6850000000,3143,0.0000628600
0.6050000000,0.6950000000,3180,0.0000636000
0.6050000000,0.7050000000,3213,0.0000642600
0.6050000000,0.7150000000,3304,0.0000660800
0.6050000000,0.7250000000,3352,0.0000670400
0.6050000000,0.7350000000,3300,0.0000660000
0.6050000000,0.7450000000,3422,0.0000684400
0.6050000000,0.7550000000,3519,0.0000703800
0.6050000000,0.7650000000,3564,0.0000712800
0.6050000000,0.7750000000,3469,0.0000693800
0.6050000000,0.7850000000,3723,0.0000744600
0.6050000000,0.7950000000,3649,0.0000729800
0.6050000000,0.8050000000,3769,0.0000753800
0.6050000000,0.8150000000,3907,0.0000781400
0.6050000000,0.8250000000,4006,0.0000801200
0.6050000000,0.8350000000,4021,0.0000804200
0.6050000000,0.8450000000,4199,0.0000839800
0.6050000000,0.8550000000,4531,0.0000906200
0.6050000000,0.8650000000,4647,0.0000929400
0.6050000000,0.8750000000,4752,0.0000950400
0.6050000000,0.8850000000,4915,0.0000983000
0.6050000000,0.8950000000,5190,0.0001038000
0.6050000000,0.9050000000,5236,0.0001047200
0.6050000000,0.9150000000,5583,0.0001116600
0.6050000000,0.9250000000,6100,0.0001220000
0.6050000000,0.9350000000,6470,0.0001294000
0.6050000000,0.9450000000,7098,0.0001419600
0.6050000000,0.9550000000,7975,0.0001595000
0.6050000000,0.9650000000,9473,0.0001894600
0.6050000000,0.9750000000,12362,0.0002472400
0.6050000000,0.9850000000,23216,0.0004643200
0.6050000000,0.9950000000,7953,0.0001590600
0.6150000000,0.0050000000,0,0.0000000000
0.6150000000,0.0150000000,0,0.0000000000
0.6150000000,0.0250000000,0,0.0000000000
0.6150000000,0.0350000000,0,0.0000000000
0.6150000000,0.0450000000,0,0.0000000000
0.6150000000,0.0550000000,0,0.0000000000
0.6150000000,0.0650000000,0,0.0000000000
0.6150000000,0.0750000000,0,0.0000000000
0.6150000000,0.0850000000,0,0.0000000000
0.6150000000,0.0950000000,0,0.0000000000
0.6150000000,0.1050000000,0,0.0000000000
0.6150000000,0.1150000000,0,0.0000000000
0.6150000000,0.1250000000,0,0.0000000000
0.6150000000,0.1350000000,0,0.0000000000
0.6150000000,0.1450000000,0,0.0000000000
0.6150000000,0.1550000000,0,0.0000000000
0.6150000000,0.1650000000,0,0.0000000000
0.6150000000,0.1750000000,0,0.0000000000
0.6150000000,0.1850000000,0,0.0000000000
0.6150000000,0.1950000000,0,0.0000000000
0.6150000000,0.2050000000,67,0.0000013400
0.6150000000,0.2150000000,338,0.0000067600
0.6150000000,0.2250000000,705,0.0000141000
0.6150000000,0.2350000000,1057,0.0000211400
0.6150000000,0.2450000000,1411,0.0000282200
0.6150000000,0.2550000000,1728,0.0000345600
0.6150000000,0.2650000000,1872,0.0000374400
0.6150000000,0.2750000000,2063,0.0000412600
0.6150000000,0.2850000000,2267,0.0000453400
0.6150000000,0.2950000000,2397,0.0000479400
0.6150000000,0.3050000000,2566,0.0000513200
0.6150000000,0.3150000000,2591,0.0000518200
0.6150000000,0.3250000000,2702,0.0000540400
0.6150000000,0.3350000000,2784,0.0000556800
0.6150000000,0.3450000000,2845,0.0000569000
0.6150000000,0.3550000000,2895,0.0000579000
0.6150000000,0.3650000000,2866,0.0000573200
0.6150000000,0.3750000000,2903,0.0000580600
0.6150000000,0.3850000000,2903,0.0000580600
0.6150000000,0.3950000000,2792,0.0000558400
0.6150000000,0.4050000000,2897,0.0000579400
0.6150000000,0.4150000000,2941,0.0000588200
0.6150000000,0.4250000000,2888,0.0000577600
0.6150000000,0.4350000000,2907,0.0000581400
0.6150000000,0.4450000000,2806,0.0000561200
0.6150000000,0.4550000000,2821,0.0000564200
0.6150000000,0.4650000000,2942,0.0000588400
0.6150000000,0.4750000000,2906,0.0000581200
0.6150000000,0.4850000000,2760,0.0000552000
0.6150000000,0.4950000000,2984,0.0000596800
0.6150000000,0.5050000000,2894,0.0000578800
0.6150000000,0.5150000000,2932,0.0000586400
0.6150000000,0.5250000000,2869,0.0000573800
0.6150000000,0.5350000000,2917,0.0000583400
0.6150000000,0.5450000000,2824,0.0000564800
0.6150000000,0.5550000000,2952,0.0000590400
0.6150000000,0.5650000000,2926,0.0000585200
0.6150000000,0.5750000000,3027,0.0000605400
0.6150000000,0.5850000000,2946,0.0000589200
0.6150000000,0.5950000000,2960,0.0000592000
0.6150000000,0.6050000000,2994,0.0000598800
0.6150000000,0.6150000000,2981,0.0000596200
0.6150000000,0.6250000000,3070,0.0000614000
0.6150000000,0.6350000000,3018,0.0000603600
0.6150000000,0.6450000000,3057,0.0000611400
0.6150000000,0.6550000000,3055,0.0000611000
0.6150000000,0.6650000000,3065,0.0000613000
0.6150000000,0.6750000000,3168,0.0000633600
0.6150000000,0.6850000000,3165,0.0000633000
0.6150000000,0.6950000000,3151,0.0000630200
0.6150000000,0.7050000000,3211,0.0000642200
0.6150000000,0.7150000000,3268,0.0000653600
0.6150000000,0.7250000000,3299,0.0000659800
0.6150000000,0.7350000000,3270,0.0000654000
0.6150000000,0.7450000000,3444,0.0000688800
0.6150000000,0.7550000000,3398,0.0000679600
0.6150000000,0.7650000000,3459,0.0000691800
0.6150000000,0.7750000000,3621,0.0000724200
0.6150000000,0.7850000000,3708,0.0000741600
0.6150000000,0.7950000000,3780,0.0000756000
0.6150000000,0.8050000000,3794,0.0000758800
0.6150000000,0.8150000000,3949,0.0000789800
0.6150000000,0.8250000000,3975,0.0000795000
0.6150000000,0.8350000000,4027,0.0000805400
0.6150000000,0.8450000000,4153,0.0000830600
0.6150000000,0.8550000000,4353,0.0000870600
0.6150000000,0.8650000000,4369,0.0000873800
0.6150000000,0.8750000000,4602,0.0000920400
0.6150000000,0.8850000000,4829,0.0000965800
0.6150000000,0.8950000000,5038,0.0001007600
0.6150000000,0.9050000000,5285,0.0001057000
0.6150000000,0.9150000000,5613,0.0001122600
0.6150000000,0.9250000000,6043,0.0001208600
0.6150000000,0.9350000000,6317,0.0001263400
0.6150000000,0.9450000000,7204,0.0001440800
0.6150000000,0.9550000000,7961,0.0001592200
0.6150000000,0.9650000000,9071,0.0001814200
0.6150000000,0.9750000000,11633,0.0002326600
0.6150000000,0.9850000000,19044,0.0003808800
0.6150000000,0.9950000000,14862,0.0002972400
0.6250000000,0.0050000000,0,0.0000000000
0.6250000000,0.0150000000,0,0.0000000000
0.6250000000,0.0250000000,0,0.0000000000
0.6250000000,0.0350000000,0,0.0000000000
0.6250000000,0.0450000000,0,0.0000000000
0.6250000000,0.0550000000,0,0.0000000000
0.6250000000,0.0650000000,0,0.0000000000
0.6250000000,0.0750000000,0,0.0000000000
0.6250000000,0.0850000000,0,0.0000000000
0.6250000000,0.0950000000,0,0.0000000000
0.6250000000,0.1050000000,0,0.0000000000
0.6250000000,0.1150000000,0,0.0000000000
0.6250000000,0.1250000000,0,0.0000000000
0.6250000000,0.1350000000,0,0.0000000000
0.6250000000,0.1450000000,0,0.0000000000
0.6250000000,0.1550000000,0,0.0000000000
0.6250000000,0.1650000000,0,0.0000000000
0.6250000000,0.1750000000,0,0.0000000000
0.6250000000,0.1850000000,0,0.0000000000
0.6250000000,0.1950000000,11,0.0000002200
0.6250000000,0.2050000000,187,0.0000037400
0.6250000000,0.2150000000,477,0.0000095400
0.6250000000,0.2250000000,810,0.0000162000
0.6250000000,0.2350000000,1112,0.0000222400
0.6250000000,0.2450000000,1431,0.0000286200
0.6250000000,0.2550000000,1695,0.0000339000
0.6250000000,0.2650000000,2070,0.0000414000
0.6250000000,0.2750000000,2233,0.0000446600
0.6250000000,0.2850000000,2344,0.0000468800
0.6250000000,0.2950000000,2500,0.0000500000
0.6250000000,0.3050000000,2666,0.0000533200
0.6250000000,0.3150000000,2635,0.0000527000
0.6250000000,0.3250000000,2795,0.0000559000
0.6250000000,0.3350000000,2792,0.0000558400
0.6250000000,0.3450000000,2904,0.0000580800
0.6250000000,0.3550000000,2858,0.0000571600
0.6250000000,0.3650000000,2902,0.0000580400
0.6250000000,0.3750000000,2968,0.0000593600
0.6250000000,0.3850000000,2943,0.0000588600
0.6250000000,0.3950000000,2916,0.0000583200
0.6250000000,0.4050000000,2974,0.0000594800
0.6250000000,0.4150000000,2728,0.0000545600
0.6250000000,0.4250000000,2868,0.0000573600
0.6250000000,0.4350000000,2858,0.0000571600
0.6250000000,0.4450000000,2898,0.0000579600
0.6250000000,0.4550000000,2972,0.0000594400
0.6250000000,0.4650000000,2766,0.0000553200
0.6250000000,0.4750000000,2970,0.0000594000
0.6250000000,0.4850000000,2840,0.0000568000
0.6250000000,0.4950000000,2879,0.0000575800
0.6250000000,0.5050000000,2888,0.0000577600
0.6250000000,0.5150000000,2950,0.0000590000
0.6250000000,0.5250000000,2931,0.0000586200
0.6250000000,0.5350000000,2974,0.0000594800
0.6250000000,0.5450000000,2911,0.0000582200
0.6250000000,0.5550000000,3021,0.0000604200
0.6250000000,0.5650000000,2844,0.0000568800
0.6250000000,0.5750000000,3104,0.0000620800
0.6250000000,0.5850000000,2929,0.0000585800
0.6250000000,0.5950000000,3029,0.0000605800
0.6250000000,0.6050000000,3073,0.0000614600
0.6250000000,0.6150000000,3068,0.0000613600
0.6250000000,0.6250000000,3071,0.0000614200
0.6250000000,0.6350000000,3045,0.0000609000
0.6250000000,0.6450000000,3075,0.0000615000
0.6250000000,0.6550000000,3187,0.0000637400
0.6250000000,0.6650000000,3093,0.0000618600
0.6250000000,0.6750000000,3238,0.0000647600
0.6250000000,0.6850000000,3245,0.0000649000
0.6250000000,0.6950000000,3184,0.0000636800
0.6250000000,0.7050000000,3369,0.0000673800
0.6250000000,0.7150000000,3407,0.0000681400
0.6250000000,0.7250000000,3250,0.0000650000
0.6250000000,0.7350000000,3409,0.0000681800
0.6250000000,0.7450000000,3506,0.0000701200
0.6250000000,0.7550000000,3501,0.0000700200
0.6250000000,0.7650000000,3574,0.0000714800
0.6250000000,0.7750000000,3598,0.0000719600
0.6250000000,0.7850000000,3666,0.0000733200
0.6250000000,0.7950000000,3755,0.0000751000
0.6250000000,0.8050000000,3809,0.0000761800
0.6250000000,0.8150000000,3881,0.0000776200
0.6250000000,0.8250000000,4057,0.0000811400
0.6250000000,0.8350000000,4089,0.0000817800
0.6250000000,0.8450000000,4255,0.0000851000
0.6250000000,0.8550000000,4364,0.0000872800
0.6250000000,0.8650000000,4459,0.0000891800
0.6250000000,0.8750000000,4522,0.0000904400
0.6250000000,0.8850000000,4920,0.0000984000
0.6250000000,0.8950000000,5107,0.0001021400
0.6250000000,0.9050000000,5459,0.0001091800
0.6250000000,0.9150000000,5562,0.0001112400
0.6250000000,0.9250000000,5886,0.0001177200
0.6250000000,0.9350000000,6514,0.0001302800
0.6250000000,0.9450000000,7068,0.0001413600
0.6250000000,0.9550000000,7701,0.0001540200
0.6250000000,0.9650000000,9073,0.0001814600
0.6250000000,0.9750000000,11287,0.0002257400
0.6250000000,0.9850000000,17085,0.0003417000
0.6250000000,0.9950000000,18953,0.0003790600
0.6350000000,0.0050000000,0,0.0000000000
0.6350000000,0.0150000000,0,0.0000000000
0.6350000000,0.0250000000,0,0.0000000000
0.6350000000,0.0350000000,0,0.0000000000
0.6350000000,0.0450000000,0,0.0000000000
0.6350000000,0.0550000000,0,0.0000000000
0.6350000000,0.0650000000,0,0.0000000000
0.6350000000,0.0750000000,0,0.0000000000
0.6350000000,0.0850000000,0,0.0000000000
0.6350000000,0.0950000000,0,0.0000000000
0.6350000000,0.1050000000,0,0.0000000000
0.6350000000,0.1150000000,0,0.0000000000
0.6350000000,0.1250000000,0,0.0000000000
0.6350000000,0.1350000000,0,0.0000000000
0.6350000000,0.1450000000,0,0.0000000000
0.6350000000,0.1550000000,0,0.0000000000
0.6350000000,0.1650000000,0,0.0000000000
0.6350000000,0.1750000000,0,0.0000000000
0.6350000000,0.1850000000,0,0.0000000000
0.6350000000,0.1950000000,68,0.0000013600
0.6350000000,0.2050000000,292,0.0000058400
0.6350000000,0.2150000000,593,0.0000118600
0.6350000000,0.2250000000,944,0.0000188800
0.6350000000,0.2350000000,1248,0.0000249600
0.6350000000,0.2450000000,1682,0.0000336400
0.6350000000,0.2550000000,1958,0.0000391600
0.6350000000,0.2650000000,2145,0.0000429000
0.6350000000,0.2750000000,2437,0.0000487400
0.6350000000,0.2850000000,2528,0.0000505600
0.6350000000,0.2950000000,2629,0.0000525800
0.6350000000,0.3050000000,2715,0.0000543000
0.6350000000,0.3150000000,2681,0.0000536200
0.6350000000,0.3250000000,2863,0.0000572600
0.6350000000,0.3350000000,2951,0.0000590200
0.6350000000,0.3450000000,2943,0.0000588600
0.6350000000,0.3550000000,2928,0.0000585600
0.6350000000,0.3650000000,2911,0.0000582200
0.6350000000,0.3750000000,2973,0.0000594600
0.6350000000,0.3850000000,2941,0.0000588200
0.6350000000,0.3950000000,2953,0.0000590600
0.6350000000,0.4050000000,3022,0.0000604400
0.6350000000,0.4150000000,2958,0.0000591600
0.6350000000,0.4250000000,2962,0.0000592400
0.6350000000,0.4350000000,2939,0.0000587800
0.6350000000,0.4450000000,2897,0.0000579400
0.6350000000,0.4550000000,2904,0.0000580800
0.6350000000,0.4650000000,2886,0.0000577200
0.6350000000,0.4750000000,2924,0.0000584800
0.6350000000,0.4850000000,2921,0.0000584200
0.6350000000,0.4950000000,2948,0.0000589600
0.6350000000,0.5050000000,2950,0.0000590000
0.6350000000,0.5150000000,2904,0.0000580800
0.6350000000,0.5250000000,3005,0.0000601000
0.6350000000,0.5350000000,3000,0.0000600000
0.6350000000,0.5450000000,2858,0.0000571600
0.6350000000,0.5550000000,2921,0.0000584200
0.6350000000,0.5650000000,2986,0.0000597200
0.6350000000,0.5750000000,2936,0.0000587200
0.6350000000,0.5850000000,3155,0.0000631000
0.6350000000,0.5950000000,3058,0.0000611600
0.6350000000,0.6050000000,3109,0.0000621800
0.6350000000,0.6150000000,3092,0.0000618400
0.6350000000,0.6250000000,3086,0.0000617200
0.6350000000,0.6350000000,3103,0.0000620600
0.6350000000,0.6450000000,3185,0.0000637000
0.6350000000,0.6550000000,3141,0.0000628200
0.6350000000,0.6650000000,3137,0.0000627400
0.6350000000,0.6750000000,3187,0.0000637400
0.6350000000,0.6850000000,3308,0.0000661600
0.6350000000,0.6950000000,3256,0.0000651200
0.6350000000,0.7050000000,3324,0.0000664800
0.6350000000,0.7150000000,3335,0.0000667000
0.6350000000,0.7250000000,3319,0.0000663800
0.6350000000,0.7350000000,3419,0.0000683800
0.6350000000,0.7450000000,3391,0.0000678200
0.6350000000,0.7550000000,3526,0.0000705200
0.6350000000,0.7650000000,3616,0.0000723200
0.6350000000,0.7750000000,3653,0.0000730600
0.6350000000,0.7850000000,3665,0.0000733000
0.6350000000,0.7950000000,3851,0.0000770200
0.6350000000,0.8050000000,3839,0.0000767800
0.6350000000,0.8150000000,3853,0.0000770600
0.6350000000,0.8250000000,3947,0.0000789400
0.6350000000,0.8350000000,4082,0.0000816400
0.6350000000,0.8450000000,4300,0.0000860000
0.6350000000,0.8550000000,4405,0.0000881000
0.6350000000,0.8650000000,4463,0.0000892600
0.6350000000,0.8750000000,4656,0.0000931200
0.6350000000,0.8850000000,4840,0.0000968000
0.6350000000,0.8950000000,5086,0.0001017200
0.6350000000,0.9050000000,5331,0.0001066200
0.6350000000,0.9150000000,5660,0.0001132000
0.6350000000,0.9250000000,5880,0.0001176000
0.6350000000,0.9350000000,6395,0.0001279000
0.6350000000,0.9450000000,6950,0.0001390000
0.6350000000,0.9550000000,7669,0.0001533800
0.6350000000,0.9650000000,8955,0.0001791000
0.6350000000,0.9750000000,10954,0.0002190800
0.6350000000,0.9850000000,15612,0.0003122400
0.6350000000,0.9950000000,22012,0.0004402400
0.6450000000,0.0050000000,0,0.0000000000
0.6450000000,0.0150000000,0,0.0000000000
0.6450000000,0.0250000000,0,0.0000000000
0.6450000000,0.0350000000,0,0.0000000000
0.6450000000,0.0450000000,0,0.0000000000
0.6450000000,0.0550000000,0,0.0000000000
0.6450000000,0.0650000000,0,0.0000000000
0.6450000000,0.0750000000,0,0.0000000000
0.6450000000,0.0850000000,0,0.0000000000
0.6450000000,0.0950000000,0,0.0000000000
0.6450000000,0.1050000000,0,0.0000000000
0.6450000000,0.1150000000,0,0.0000000000
0.6450000000,0.1250000000,0,0.0000000000
0.6450000000,0.1350000000,0,0.0000000000
0.6450000000,0.1450000000,0,0.0000000000
0.6450000000,0.1550000000,0,0.0000000000
0.6450000000,0.1650000000,0,0.0000000000
0.6450000000,0.1750000000,0,0.0000000000
0.6450000000,0.1850000000,5,0.0000001000
0.6450000000,0.1950000000,143,0.0000028600
0.6450000000,0.2050000000,401,0.0000080200
0.6450000000,0.2150000000,663,0.0000132600
0.6450000000,0.2250000000,929,0.0000185800
0.6450000000,0.2350000000,1350,0.0000270000
0.6450000000,0.2450000000,1796,0.0000359200
0.6450000000,0.2550000000,2040,0.0000408000
0.6450000000,0.2650000000,2232,0.0000446400
0.6450000000,0.2750000000,2461,0.0000492200
0.6450000000,0.2850000000,2551,0.0000510200
0.6450000000,0.2950000000,2689,0.0000537800
0.6450000000,0.3050000000,2781,0.0000556200
0.6450000000,0.3150000000,2771,0.0000554200
0.6450000000,0.3250000000,2877,0.0000575400
0.6450000000,0.3350000000,2915,0.0000583000
0.6450000000,0.3450000000,3010,0.0000602000
0.6450000000,0.3550000000,2996,0.0000599200
0.6450000000,0.3650000000,2951,0.0000590200
0.6450000000,0.3750000000,3001,0.0000600200
0.6450000000,0.3850000000,2907,0.0000581400
0.6450000000,0.3950000000,2910,0.0000582000
0.6450000000,0.4050000000,2997,0.0000599400
0.6450000000,0.4150000000,3024,0.0000604800
0.6450000000,0.4250000000,2958,0.0000591600
0.6450000000,0.4350000000,2970,0.0000594000
0.6450000000,0.4450000000,2969,0.0000593800
0.6450000000,0.4550000000,2968,0.0000593600
0.6450000000,0.4650000000,2986,0.0000597200
0.6450000000,0.4750000000,2952,0.0000590400
0.6450000000,0.4850000000,2905,0.0000581000
0.6450000000,0.4950000000,2926,0.0000585200
0.6450000000,0.5050000000,2897,0.0000579400
0.6450000000,0.5150000000,2928,0.0000585600
0.6450000000,0.5250000000,2966,0.0000593200
0.6450000000,0.5350000000,3056,0.0000611200
0.6450000000,0.5450000000,3014,0.0000602800
0.6450000000,0.5550000000,3093,0.0000618600
0.6450000000,0.5650000000,2948,0.0000589600
0.6450000000,0.5750000000,2996,0.0000599200
0.6450000000,0.5850000000,3056,0.0000611200
0.6450000000,0.5950000000,3041,0.0000608200
0.6450000000,0.6050000000,3040,0.0000608000
0.6450000000,0.6150000000,3060,0.0000612000
0.6450000000,0.6250000000,3086,0.0000617200
0.6450000000,0.6350000000,3063,0.0000612600
0.6450000000,0.6450000000,3071,0.0000614200
0.6450000000,0.6550000000,3198,0.0000639600
0.6450000000,0.6650000000,3230,0.0000646000
0.6450000000,0.6750000000,3262,0.0000652400
0.6450000000,0.6850000000,3281,0.0000656200
0.6450000000,0.6950000000,3410,0.0000682000
0.6450000000,0.7050000000,3254,0.0000650800
0.6450000000,0.7150000000,3297,0.0000659400
0.6450000000,0.7250000000,3328,0.0000665600
0.6450000000,0.7350000000,3396,0.0000679200
0.6450000000,0.7450000000,3477,0.0000695400
0.6450000000,0.7550000000,3508,0.0000701600
0.6450000000,0.7650000000,3597,0.0000719400
0.6450000000,0.7750000000,3636,0.0000727200
0.6450000000,0.7850000000,3713,0.0000742600
0.6450000000,0.7950000000,3731,0.0000746200
0.6450000000,0.8050000000,3924,0.0000784800
0.6450000000,0.8150000000,3977,0.0000795400
0.6450000000,0.8250000000,4034,0.0000806800
0.6450000000,0.8350000000,4110,0.0000822000
0.6450000000,0.8450000000,4258,0.0000851600
0.6450000000,0.8550000000,4288,0.0000857600
0.6450000000,0.8650000000,4616,0.0000923200
0.6450000000,0.8750000000,4589,0.0000917800
0.6450000000,0.8850000000,4782,0.0000956400
0.6450000000,0.8950000000,4997,0.0000999400
0.6450000000,0.9050000000,5477,0.0001095400
0.6450000000,0.9150000000,5527,0.0001105400
0.6450000000,0.9250000000,5942,0.0001188400
0.6450000000,0.9350000000,6292,0.0001258400
0.6450000000,0.9450000000,6872,0.0001374400
0.6450000000,0.9550000000,7769,0.0001553800
0.6450000000,0.9650000000,8797,0.0001759400
0.6450000000,0.9750000000,10459,0.0002091800
0.6450000000,0.9850000000,14630,0.0002926000
0.6450000000,0.9950000000,24645,0.0004929000
0.6550000000,0.0050000000,0,0.0000000000
0.6550000000,0.0150000000,0,0.0000000000
0.6550000000,0.0250000000,0,0.0000000000
0.6550000000,0.0350000000,0,0.0000000000
0.6550000000,0.0450000000,0,0.0000000000
0.6550000000,0.0550000000,0,0.0000000000
0.6550000000,0.0650000000,0,0.0000000000
0.6550000000,0.0750000000,0,0.0000000000
0.6550000000,0.0850000000,0,0.0000000000
0.6550000000,0.0950000000,0,0.0000000000
0.6550000000,0.1050000000,0,0.0000000000
0.6550000000,0.1150000000,0,0.0000000000
0.6550000000,0.1250000000,0,0.0000000000
0.6550000000,0.1350000000,0,0.0000000000
0.6550000000,0.1450000000,0,0.0000000000
0.6550000000,0.1550000000,0,0.0000000000
0.6550000000,0.1650000000,0,0.0000000000
0.6550000000,0.1750000000,0,0.0000000000
0.6550000000,0.1850000000,53,0.0000010600
0.6550000000,0.1950000000,231,0.0000046200
0.6550000000,0.2050000000,433,0.0000086600
0.6550000000,0.2150000000,746,0.0000149200
0.6550000000,0.2250000000,1090,0.0000218000
0.6550000000,0.2350000000,1481,0.0000296200
0.6550000000,0.2450000000,1816,0.0000363200
0.6550000000,0.2550000000,2222,0.0000444400
0.6550000000,0.2650000000,2426,0.0000485200
0.6550000000,0.2750000000,2574,0.0000514800
0.6550000000,0.2850000000,2768,0.0000553600
0.6550000000,0.2950000000,2891,0.0000578200
0.6550000000,0.3050000000,2954,0.0000590800
0.6550000000,0.3150000000,2983,0.0000596600
0.6550000000,0.3250000000,2995,0.0000599000
0.6550000000,0.3350000000,3023,0.0000604600
0.6550000000,0.3450000000,3050,0.0000610000
0.6550000000,0.3550000000,3052,0.0000610400
0.6550000000,0.3650000000,2987,0.0000597400
0.6550000000,0.3750000000,2943,0.0000588600
0.6550000000,0.3850000000,2914,0.0000582800
0.6550000000,0.3950000000,2937,0.0000587400
0.6550000000,0.4050000000,2927,0.0000585400
0.6550000000,0.4150000000,2972,0.0000594400
0.6550000000,0.4250000000,2965,0.0000593000
0.6550000000,0.4350000000,2993,0.0000598600
0.6550000000,0.4450000000,3014,0.0000602800
0.6550000000,0.4550000000,2979,0.0000595800
0.6550000000,0.4650000000,2934,0.0000586800
0.6550000000,0.4750000000,3011,0.0000602200
0.6550000000,0.4850000000,2887,0.0000577400
0.6550000000,0.4950000000,3056,0.0000611200
0.6550000000,0.5050000000,3033,0.0000606600
0.6550000000,0.5150000000,3022,0.0000604400
0.6550000000,0.5250000000,3046,0.0000609200
0.6550000000,0.5350000000,3027,0.0000605400
0.6550000000,0.5450000000,3018,0.0000603600
0.6550000000,0.5550000000,3105,0.0000621000
0.6550000000,0.5650000000,3056,0.0000611200
0.6550000000,0.5750000000,2998,0.0000599600
0.6550000000,0.5850000000,3167,0.0000633400
0.6550000000,0.5950000000,3039,0.0000607800
0.6550000000,0.6050000000,3160,0.0000632000
0.6550000000,0.6150000000,3039,0.0000607800
0.6550000000,0.6250000000,3203,0.0000640600
0.6550000000,0.6350000000,3061,0.0000612200
0.6550000000,0.6450000000,3075,0.0000615000
0.6550000000,0.6550000000,3181,0.0000636200
0.6550000000,0.6650000000,3218,0.0000643600
0.6550000000,0.6750000000,3252,0.0000650400
0.6550000000,0.6850000000,3255,0.0000651000
0.6550000000,0.6950000000,3300,0.0000660000
0.6550000000,0.7050000000,3367,0.0000673400
0.6550000000,0.7150000000,3343,0.0000668600
0.6550000000,0.7250000000,3428,0.0000685600
0.6550000000,0.7350000000,3434,0.0000686800
0.6550000000,0.7450000000,3510,0.0000702000
0.6550000000,0.7550000000,3611,0.0000722200
0.6550000000,0.7650000000,3719,0.0000743800
0.6550000000,0.7750000000,3674,0.0000734800
0.6550000000,0.7850000000,3642,0.0000728400
0.6550000000,0.7950000000,3780,0.0000756000
0.6550000000,0.8050000000,3934,0.0000786800
0.6550000000,0.8150000000,3947,0.0000789400
0.6550000000,0.8250000000,3992,0.0000798400
0.6550000000,0.8350000000,4145,0.0000829000
0.6550000000,0.8450000000,4246,0.0000849200
0.6550000000,0.8550000000,4422,0.0000884400
0.6550000000,0.8650000000,4543,0.0000908600
0.6550000000,0.8750000000,4575,0.0000915000
0.6550000000,0.8850000000,4790,0.0000958000
0.6550000000,0.8950000000,5024,0.0001004800
0.6550000000,0.9050000000,5293,0.0001058600
0.6550000000,0.9150000000,5678,0.0001135600
0.6550000000,0.9250000000,5835,0.0001167000
0.6550000000,0.9350000000,6307,0.0001261400
0.6550000000,0.9450000000,6767,0.0001353400
0.6550000000,0.9550000000,7554,0.0001510800
0.6550000000,0.9650000000,8858,0.0001771600
0.6550000000,0.9750000000,10454,0.0002090800
0.6550000000,0.9850000000,14241,0.0002848200
0.6550000000,0.9950000000,26674,0.0005334800
0.6650000000,0.0050000000,0,0.0000000000
0.6650000000,0.0150000000,0,0.0000000000
0.6650000000,0.0250000000,0,0.0000000000
0.6650000000,0.0350000000,0,0.0000000000
0.6650000000,0.0450000000,0,0.0000000000
0.6650000000,0.0550000000,0,0.0000000000
0.6650000000,0.0650000000,0,0.0000000000
0.6650000000,0.0750000000,0,0.0000000000
0.6650000000,0.0850000000,0,0.0000000000
0.6650000000,0.0950000000,0,0.0000000000
0.6650000000,0.1050000000,0,0.0000000000
0.6650000000,0.1150000000,0,0.0000000000
0.6650000000,0.1250000000,0,0.0000000000
0.6650000000,0.1350000000,0,0.0000000000
0.6650000000,0.1450000000,0,0.0000000000
0.6650000000,0.1550000000,0,0.0000000000
0.6650000000,0.1650000000,0,0.0000000000
0.6650000000,0.1750000000,7,0.0000001400
0.6650000000,0.1850000000,82,0.0000016400
0.6650000000,0.1950000000,259,0.0000051800
0.6650000000,0.2050000000,543,0.0000108600
0.6650000000,0.2150000000,854,0.0000170800
0.6650000000,0.2250000000,1242,0.0000248400
0.6650000000,0.2350000000,1596,0.0000319200
0.6650000000,0.2450000000,1935,0.0000387000
0.6650000000,0.2550000000,2208,0.0000441600
0.6650000000,0.2650000000,2638,0.0000527600
0.6650000000,0.2750000000,2740,0.0000548000
0.6650000000,0.2850000000,2870,0.0000574000
0.6650000000,0.2950000000,3007,0.0000601400
0.6650000000,0.3050000000,3098,0.0000619600
0.6650000000,0.3150000000,3021,0.0000604200
0.6650000000,0.3250000000,3174,0.0000634800
0.6650000000,0.3350000000,3158,0.0000631600
0.6650000000,0.3450000000,3094,0.0000618800
0.6650000000,0.3550000000,2995,0.0000599000
0.6650000000,0.3650000000,3102,0.0000620400
0.6650000000,0.3750000000,2963,0.0000592600
0.6650000000,0.3850000000,2941,0.0000588200
0.6650000000,0.3950000000,3083,0.0000616600
0.6650000000,0.4050000000,3057,0.0000611400
0.6650000000,0.4150000000,2947,0.0000589400
0.6650000000,0.4250000000,2948,0.0000589600
0.6650000000,0.4350000000,3050,0.0000610000
0.6650000000,0.4450000000,3038,0.0000607600
0.6650000000,0.4550000000,3033,0.0000606600
0.6650000000,0.4650000000,3079,0.0000615800
0.6650000000,0.4750000000,3050,0.0000610000
0.6650000000,0.4850000000,2995,0.0000599000
0.6650000000,0.4950000000,2931,0.0000586200
0.6650000000,0.5050000000,3025,0.0000605000
0.6650000000,0.5150000000,3032,0.0000606400
0.6650000000,0.5250000000,3060,0.0000612000
0.6650000000,0.5350000000,3081,0.0000616200
0.6650000000,0.5450000000,3062,0.0000612400
0.6650000000,0.5550000000,3107,0.0000621400
0.6650000000,0.5650000000,3067,0.0000613400
0.6650000000,0.5750000000,2951,0.0000590200
0.6650000000,0.5850000000,3047,0.0000609400
0.6650000000,0.5950000000,3028,0.0000605600
0.6650000000,0.6050000000,3021,0.0000604200
0.6650000000,0.6150000000,3164,0.0000632800
0.6650000000,0.6250000000,3097,0.0000619400
0.6650000000,0.6350000000,3096,0.0000619200
0.6650000000,0.6450000000,3159,0.0000631800
0.6650000000,0.6550000000,3286,0.0000657200
0.6650000000,0.6650000000,3186,0.0000637200
0.6650000000,0.6750000000,3259,0.0000651800
0.6650000000,0.6850000000,3260,0.0000652000
0.6650000000,0.6950000000,3262,0.0000652400
0.6650000000,0.7050000000,3444,0.0000688800
0.6650000000,0.7150000000,3426,0.0000685200
0.6650000000,0.7250000000,3414,0.0000682800
0.6650000000,0.7350000000,3452,0.0000690400
0.6650000000,0.7450000000,3546,0.0000709200
0.6650000000,0.7550000000,3627,0.0000725400
0.6650000000,0.7650000000,3676,0.0000735200
0.6650000000,0.7750000000,3684,0.0000736800
0.6650000000,0.7850000000,3793,0.0000758600
0.6650000000,0.7950000000,3806,0.0000761200
0.6650000000,0.8050000000,3978,0.0000795600
0.6650000000,0.8150000000,4015,0.0000803000
0.6650000000,0.8250000000,4114,0.0000822800
0.6650000000,0.8350000000,4138,0.0000827600
0.6650000000,0.8450000000,4343,0.0000868600
0.6650000000,0.8550000000,4423,0.0000884600
0.6650000000,0.8650000000,4504,0.0000900800
0.6650000000,0.8750000000,4622,0.0000924400
0.6650000000,0.8850000000,4939,0.0000987800
0.6650000000,0.8950000000,4888,0.0000977600
0.6650000000,0.9050000000,5119,0.0001023800
0.6650000000,0.9150000000,5650,0.0001130000
0.6650000000,0.9250000000,5933,0.0001186600
0.6650000000,0.9350000000,6306,0.0001261200
0.6650000000,0.9450000000,6803,0.0001360600
0.6650000000,0.9550000000,7563,0.0001512600
0.6650000000,0.9650000000,8530,0.0001706000
0.6650000000,0.9750000000,10188,0.0002037600
0.6650000000,0.9850000000,13661,0.0002732200
0.6650000000,0.9950000000,28244,0.0005648800
0.6750000000,0.0050000000,0,0.0000000000
0.6750000000,0.0150000000,0,0.0000000000
0.6750000000,0.0250000000,0,0.0000000000
0.6750000000,0.0350000000,0,0.0000000000
0.6750000000,0.0450000000,0,0.0000000000
0.6750000000,0.0550000000,0,0.0000000000
0.6750000000,0.0650000000,0,0.0000000000
0.6750000000,0.0750000000,0,0.0000000000
0.6750000000,0.0850000000,0,0.0000000000
0.6750000000,0.0950000000,0,0.0000000000
0.6750000000,0.1050000000,0,0.0000000000
0.6750000000,0.1150000000,0,0.0000000000
0.6750000000,0.1250000000,0,0.0000000000
0.6750000000,0.1350000000,0,0.0000000000
0.6750000000,0.1450000000,0,0.0000000000
0.6750000000,0.1550000000,0,0.0000000000
0.6750000000,0.1650000000,0,0.0000000000
0.6750000000,0.1750000000,11,0.0000002200
0.6750000000,0.1850000000,118,0.0000023600
0.6750000000,0.1950000000,336,0.0000067200
0.6750000000,0.2050000000,625,0.0000125000
0.6750000000,0.2150000000,967,0.0000193400
0.6750000000,0.2250000000,1320,0.0000264000
0.6750000000,0.2350000000,1704,0.0000340800
0.6750000000,0.2450000000,2073,0.0000414600
0.6750000000,0.2550000000,2475,0.0000495000
0.6750000000,0.2650000000,2686,0.0000537200
0.6750000000,0.2750000000,2890,0.0000578000
0.6750000000,0.2850000000,3007,0.0000601400
0.6750000000,0.2950000000,3109,0.0000621800
0.6750000000,0.3050000000,3151,0.0000630200
0.6750000000,0.3150000000,3254,0.0000650800
0.6750000000,0.3250000000,3254,0.0000650800
0.6750000000,0.3350000000,3119,0.0000623800
0.6750000000,0.3450000000,3179,0.0000635800
0.6750000000,0.3550000000,3101,0.0000620200
0.6750000000,0.3650000000,3116,0.0000623200
0.6750000000,0.3750000000,3086,0.0000617200
0.6750000000,0.3850000000,3086,0.0000617200
0.6750000000,0.3950000000,3053,0.0000610600
0.6750000000,0.4050000000,3151,0.0000630200
0.6750000000,0.4150000000,3046,0.0000609200
0.6750000000,0.4250000000,3092,0.0000618400
0.6750000000,0.4350000000,3073,0.0000614600
0.6750000000,0.4450000000,3077,0.0000615400
0.6750000000,0.4550000000,3104,0.0000620800
0.6750000000,0.4650000000,3105,0.0000621000
0.6750000000,0.4750000000,3109,0.0000621800
0.6750000000,0.4850000000,2990,0.0000598000
0.6750000000,0.4950000000,3044,0.0000608800
0.6750000000,0.5050000000,3062,0.0000612400
0.6750000000,0.5150000000,2993,0.0000598600
0.6750000000,0.5250000000,2993,0.0000598600
0.6750000000,0.5350000000,3063,0.0000612600
0.6750000000,0.5450000000,3045,0.0000609000
0.6750000000,0.5550000000,3172,0.0000634400
0.6750000000,0.5650000000,3141,0.0000628200
0.6750000000,0.5750000000,3069,0.0000613800
0.6750000000,0.5850000000,3123,0.0000624600
0.6750000000,0.5950000000,3187,0.0000637400
0.6750000000,0.6050000000,3110,0.0000622000
0.6750000000,0.6150000000,3157,0.0000631400
0.6750000000,0.6250000000,3153,0.0000630600
0.6750000000,0.6350000000,3126,0.0000625200
0.6750000000,0.6450000000,3310,0.0000662000
0.6750000000,0.6550000000,3281,0.0000656200
0.6750000000,0.6650000000,3240,0.0000648000
0.6750000000,0.6750000000,3316,0.0000663200
0.6750000000,0.6850000000,3363,0.0000672600
0.6750000000,0.6950000000,3320,0.0000664000
0.6750000000,0.7050000000,3488,0.0000697600
0.6750000000,0.7150000000,3376,0.0000675200
0.6750000000,0.7250000000,3463,0.0000692600
0.6750000000,0.7350000000,3500,0.0000700000
0.6750000000,0.7450000000,3586,0.0000717200
0.6750000000,0.7550000000,3521,0.0000704200
0.6750000000,0.7650000000,3694,0.0000738800
0.6750000000,0.7750000000,3767,0.0000753400
0.6750000000,0.7850000000,3834,0.0000766800
0.6750000000,0.7950000000,3898,0.0000779600
0.6750000000,0.8050000000,3918,0.0000783600
0.6750000000,0.8150000000,4003,0.0000800600
0.6750000000,0.8250000000,4177,0.0000835400
0.6750000000,0.8350000000,4055,0.0000811000
0.6750000000,0.8450000000,4279,0.0000855800
0.6750000000,0.8550000000,4346,0.0000869200
0.6750000000,0.8650000000,4569,0.0000913800
0.6750000000,0.8750000000,4681,0.0000936200
0.6750000000,0.8850000000,4856,0.0000971200
0.6750000000,0.8950000000,5189,0.0001037800
0.6750000000,0.9050000000,5324,0.0001064800
0.6750000000,0.9150000000,5576,0.0001115200
0.6750000000,0.9250000000,5864,0.0001172800
0.6750000000,0.9350000000,6377,0.0001275400
0.6750000000,0.9450000000,6820,0.0001364000
0.6750000000,0.9550000000,7641,0.0001528200
0.6750000000,0.9650000000,8593,0.0001718600
0.6750000000,0.9750000000,10507,0.0002101400
0.6750000000,0.9850000000,13592,0.0002718400
0.6750000000,0.9950000000,29612,0.0005922400
0.6850000000,0.0050000000,0,0.0000000000
0.6850000000,0.0150000000,0,0.0000000000
0.6850000000,0.0250000000,0,0.0000000000
0.6850000000,0.0350000000,0,0.0000000000
0.6850000000,0.0450000000,0,0.0000000000
0.6850000000,0.0550000000,0,0.0000000000
0.6850000000,0.0650000000,0,0.0000000000
0.6850000000,0.0750000000,0,0.0000000000
0.6850000000,0.0850000000,0,0.0000000000
0.6850000000,0.0950000000,0,0.0000000000
0.6850000000,0.1050000000,0,0.0000000000
0.6850000000,0.1150000000,0,0.0000000000
0.6850000000,0.1250000000,0,0.0000000000
0.6850000000,0.1350000000,0,0.0000000000
0.6850000000,0.1450000000,0,0.0000000000
0.6850000000,0.1550000000,0,0.0000000000
0.6850000000,0.1650000000,0,0.0000000000
0.6850000000,0.1750000000,3,0.0000000600
0.6850000000,0.1850000000,136,0.0000027200
0.6850000000,0.1950000000,392,0.0000078400
0.6850000000,0.2050000000,692,0.0000138400
0.6850000000,0.2150000000,1055,0.0000211000
0.6850000000,0.2250000000,1425,0.0000285000
0.6850000000,0.2350000000,1800,0.0000360000
0.6850000000,0.2450000000,2185,0.0000437000
0.6850000000,0.2550000000,2617,0.0000523400
0.6850000000,0.2650000000,2902,0.0000580400
0.6850000000,0.2750000000,3038,0.0000607600
0.6850000000,0.2850000000,3193,0.0000638600
0.6850000000,0.2950000000,3218,0.0000643600
0.6850000000,0.3050000000,3245,0.0000649000
0.6850000000,0.3150000000,3281,0.0000656200
0.6850000000,0.3250000000,3208,0.0000641600
0.6850000000,0.3350000000,3098,0.0000619600
0.6850000000,0.3450000000,3133,0.0000626600
0.6850000000,0.3550000000,3189,0.0000637800
0.6850000000,0.3650000000,3204,0.0000640800
0.6850000000,0.3750000000,3270,0.0000654000
0.6850000000,0.3850000000,3143,0.0000628600
0.6850000000,0.3950000000,3191,0.0000638200
0.6850000000,0.4050000000,3109,0.0000621800
0.6850000000,0.4150000000,3144,0.0000628800
0.6850000000,0.4250000000,3071,0.0000614200
0.6850000000,0.4350000000,3145,0.0000629000
0.6850000000,0.4450000000,3149,0.0000629800
0.6850000000,0.4550000000,3127,0.0000625400
0.6850000000,0.4650000000,2981,0.0000596200
0.6850000000,0.4750000000,3053,0.0000610600
0.6850000000,0.4850000000,3178,0.0000635600
0.6850000000,0.4950000000,3068,0.0000613600
0.6850000000,0.5050000000,3047,0.0000609400
0.6850000000,0.5150000000,3165,0.0000633000
0.6850000000,0.5250000000,3126,0.0000625200
0.6850000000,0.5350000000,3163,0.0000632600
0.6850000000,0.5450000000,3121,0.0000624200
0.6850000000,0.5550000000,3213,0.0000642600
0.6850000000,0.5650000000,3048,0.0000609600
0.6850000000,0.5750000000,3138,0.0000627600
0.6850000000,0.5850000000,3071,0.0000614200
0.6850000000,0.5950000000,3293,0.0000658600
0.6850000000,0.6050000000,3189,0.0000637800
0.6850000000,0.6150000000,3212,0.0000642400
0.6850000000,0.6250000000,3235,0.0000647000
0.6850000000,0.6350000000,3220,0.0000644000
0.6850000000,0.6450000000,3339,0.0000667800
0.6850000000,0.6550000000,3307,0.0000661400
0.6850000000,0.6650000000,3245,0.0000649000
0.6850000000,0.6750000000,3377,0.0000675400
0.6850000000,0.6850000000,3460,0.0000692000
0.6850000000,0.6950000000,3320,0.0000664000
0.6850000000,0.7050000000,3451,0.0000690200
0.6850000000,0.7150000000,3400,0.0000680000
0.6850000000,0.7250000000,3622,0.0000724400
0.6850000000,0.7350000000,3520,0.0000704000
0.6850000000,0.7450000000,3599,0.0000719800
0.6850000000,0.7550000000,3782,0.0000756400
0.6850000000,0.7650000000,3680,0.0000736000
0.6850000000,0.7750000000,3818,0.0000763600
0.6850000000,0.7850000000,3799,0.0000759800
0.6850000000,0.7950000000,3851,0.0000770200
0.6850000000,0.8050000000,3984,0.0000796800
0.6850000000,0.8150000000,4072,0.0000814400
0.6850000000,0.8250000000,4171,0.0000834200
0.6850000000,0.8350000000,4271,0.0000854200
0.6850000000,0.8450000000,4383,0.0000876600
0.6850000000,0.8550000000,4513,0.0000902600
0.6850000000,0.8650000000,4608,0.0000921600
0.6850000000,0.8750000000,4648,0.0000929600
0.6850000000,0.8850000000,5015,0.0001003000
0.6850000000,0.8950000000,5191,0.0001038200
0.6850000000,0.9050000000,5455,0.0001091000
0.6850000000,0.9150000000,5652,0.0001130400
0.6850000000,0.9250000000,5995,0.0001199000
0.6850000000,0.9350000000,6417,0.0001283400
0.6850000000,0.9450000000,6957,0.0001391400
0.6850000000,0.9550000000,7543,0.0001508600
0.6850000000,0.9650000000,8774,0.0001754800
0.6850000000,0.9750000000,10065,0.0002013000
0.6850000000,0.9850000000,13531,0.0002706200
0.6850000000,0.9950000000,30854,0.0006170800
0.6950000000,0.0050000000,0,0.0000000000
0.6950000000,0.0150000000,0,0.0000000000
0.6950000000,0.0250000000,0,0.0000000000
0.6950000000,0.0350000000,0,0.0000000000
0.6950000000,0.0450000000,0,0.0000000000
0.6950000000,0.0550000000,0,0.0000000000
0.6950000000,0.0650000000,0,0.0000000000
0.6950000000,0.0750000000,0,0.0000000000
0.6950000000,0.0850000000,0,0.0000000000
0.6950000000,0.0950000000,0,0.0000000000
0.6950000000,0.1050000000,0,0.0000000000
0.6950000000,0.1150000000,0,0.0000000000
0.6950000000,0.1250000000,0,0.0000000000
0.6950000000,0.1350000000,0,0.0000000000
0.6950000000,0.1450000000,0,0.0000000000
0.6950000000,0.1550000000,0,0.0000000000
0.6950000000,0.1650000000,0,0.0000000000
0.6950000000,0.1750000000,0,0.0000000000
0.6950000000,0.1850000000,118,0.0000023600
0.6950000000,0.1950000000,413,0.0000082600
0.6950000000,0.2050000000,740,0.0000148000
0.6950000000,0.2150000000,1145,0.0000229000
0.6950000000,0.2250000000,1514,0.0000302800
0.6950000000,0.2350000000,1891,0.0000378200
0.6950000000,0.2450000000,2348,0.0000469600
0.6950000000,0.2550000000,2739,0.0000547800
0.6950000000,0.2650000000,2934,0.0000586800
0.6950000000,0.2750000000,3105,0.0000621000
0.6950000000,0.2850000000,3277,0.0000655400
0.6950000000,0.2950000000,3358,0.0000671600
0.6950000000,0.3050000000,3346,0.0000669200
0.6950000000,0.3150000000,3332,0.0000666400
0.6950000000,0.3250000000,3259,0.0000651800
0.6950000000,0.3350000000,3324,0.0000664800
0.6950000000,0.3450000000,3304,0.0000660800
0.6950000000,0.3550000000,3231,0.0000646200
0.6950000000,0.3650000000,3220,0.0000644000
0.6950000000,0.3750000000,3169,0.0000633800
0.6950000000,0.3850000000,3089,0.0000617800
0.6950000000,0.3950000000,3128,0.0000625600
0.6950000000,0.4050000000,3253,0.0000650600
0.6950000000,0.4150000000,3204,0.0000640800
0.6950000000,0.4250000000,3143,0.0000628600
0.6950000000,0.4350000000,3213,0.0000642600
0.6950000000,0.4450000000,3068,0.0000613600
0.6950000000,0.4550000000,3124,0.0000624800
0.6950000000,0.4650000000,3154,0.0000630800
0.6950000000,0.4750000000,3187,0.0000637400
0.6950000000,0.4850000000,3135,0.0000627000
0.6950000000,0.4950000000,3158,0.0000631600
0.6950000000,0.5050000000,3125,0.0000625000
0.6950000000,0.5150000000,3225,0.0000645000
0.6950000000,0.5250000000,3142,0.0000628400
0.6950000000,0.5350000000,3205,0.0000641000
0.6950000000,0.5450000000,3154,0.0000630800
0.6950000000,0.5550000000,3110,0.0000622000
0.6950000000,0.5650000000,3123,0.0000624600
0.6950000000,0.5750000000,3158,0.0000631600
0.6950000000,0.5850000000,3127,0.0000625400
0.6950000000,0.5950000000,3199,0.0000639800
0.6950000000,0.6050000000,3207,0.0000641400
0.6950000000,0.6150000000,3151,0.0000630200
0.6950000000,0.6250000000,3134,0.0000626800
0.6950000000,0.6350000000,3215,0.0000643000
0.6950000000,0.6450000000,3338,0.0000667600
0.6950000000,0.6550000000,3231,0.0000646200
0.6950000000,0.6650000000,3336,0.0000667200
0.6950000000,0.6750000000,3459,0.0000691800
0.6950000000,0.6850000000,3553,0.0000710600
0.6950000000,0.6950000000,3388,0.0000677600
0.6950000000,0.7050000000,3477,0.0000695400
0.6950000000,0.7150000000,3499,0.0000699800
0.6950000000,0.7250000000,3514,0.0000702800
0.6950000000,0.7350000000,3562,0.0000712400
0.6950000000,0.7450000000,3623,0.0000724600
0.6950000000,0.7550000000,3643,0.0000728600
0.6950000000,0.7650000000,3689,0.0000737800
0.6950000000,0.7750000000,3861,0.0000772200
0.6950000000,0.7850000000,3877,0.0000775400
0.6950000000,0.7950000000,4033,0.0000806600
0.6950000000,0.8050000000,4109,0.0000821800
0.6950000000,0.8150000000,4073,0.0000814600
0.6950000000,0.8250000000,4072,0.0000814400
0.6950000000,0.8350000000,4187,0.0000837400
0.6950000000,0.8450000000,4390,0.0000878000
0.6950000000,0.8550000000,4578,0.0000915600
0.6950000000,0.8650000000,4586,0.0000917200
0.6950000000,0.8750000000,4745,0.0000949000
0.6950000000,0.8850000000,4902,0.0000980400
0.6950000000,0.8950000000,5196,0.0001039200
0.6950000000,0.9050000000,5328,0.0001065600
0.6950000000,0.9150000000,5678,0.0001135600
0.6950000000,0.9250000000,6029,0.0001205800
0.6950000000,0.9350000000,6430,0.0001286000
0.6950000000,0.9450000000,6860,0.0001372000
0.6950000000,0.9550000000,7559,0.0001511800
0.6950000000,0.9650000000,8522,0.0001704400
0.6950000000,0.9750000000,10206,0.0002041200
0.6950000000,0.9850000000,13172,0.0002634400
0.6950000000,0.9950000000,31462,0.0006292400
0.7050000000,0.0050000000,0,0.0000000000
0.7050000000,0.0150000000,0,0.0000000000
0.7050000000,0.0250000000,0,0.0000000000
0.7050000000,0.0350000000,0,0.0000000000
0.7050000000,0.0450000000,0,0.0000000000
0.7050000000,0.0550000000,0,0.0000000000
0.7050000000,0.0650000000,0,0.0000000000
0.7050000000,0.0750000000,0,0.0000000000
0.7050000000,0.0850000000,0,0.0000000000
0.7050000000,0.0950000000,0,0.0000000000
0.7050000000,0.1050000000,0,0.0000000000
0.7050000000,0.1150000000,0,0.0000000000
0.7050000000,0.1250000000,0,0.0000000000
0.7050000000,0.1350000000,0,0.0000000000
0.7050000000,0.1450000000,0,0.0000000000
0.7050000000,0.1550000000,0,0.0000000000
0.7050000000,0.1650000000,0,0.0000000000
0.7050000000,0.1750000000,0,0.0000000000
0.7050000000,0.1850000000,59,0.0000011800
0.7050000000,0.1950000000,402,0.0000080400
0.7050000000,0.2050000000,768,0.0000153600
0.7050000000,0.2150000000,1193,0.0000238600
0.7050000000,0.2250000000,1593,0.0000318600
0.7050000000,0.2350000000,2045,0.0000409000
0.7050000000,0.2450000000,2459,0.0000491800
0.7050000000,0.2550000000,2721,0.0000544200
0.7050000000,0.2650000000,3231,0.0000646200
0.7050000000,0.2750000000,3265,0.0000653000
0.7050000000,0.2850000000,3511,0.0000702200
0.7050000000,0.2950000000,3471,0.0000694200
0.7050000000,0.3050000000,3450,0.0000690000
0.7050000000,0.3150000000,3454,0.0000690800
0.7050000000,0.3250000000,3402,0.0000680400
0.7050000000,0.3350000000,3314,0.0000662800
0.7050000000,0.3450000000,3359,0.0000671800
0.7050000000,0.3550000000,3340,0.0000668000
0.7050000000,0.3650000000,3264,0.0000652800
0.7050000000,0.3750000000,3300,0.0000660000
0.7050000000,0.3850000000,3223,0.0000644600
0.7050000000,0.3950000000,3228,0.0000645600
0.7050000000,0.4050000000,3207,0.0000641400
0.7050000000,0.4150000000,3165,0.0000633000
0.7050000000,0.4250000000,3249,0.0000649800
0.7050000000,0.4350000000,3150,0.0000630000
0.7050000000,0.4450000000,3261,0.0000652200
0.7050000000,0.4550000000,3165,0.0000633000
0.7050000000,0.4650000000,3219,0.0000643800
0.7050000000,0.4750000000,3147,0.0000629400
0.7050000000,0.4850000000,3169,0.0000633800
0.7050000000,0.4950000000,3148,0.0000629600
0.7050000000,0.5050000000,3193,0.0000638600
0.7050000000,0.5150000000,3252,0.0000650400
0.7050000000,0.5250000000,3152,0.0000630400
0.7050000000,0.5350000000,3146,0.0000629200
0.7050000000,0.5450000000,3103,0.0000620600
0.7050000000,0.5550000000,3204,0.0000640800
0.7050000000,0.5650000000,3127,0.0000625400
0.7050000000,0.5750000000,3173,0.0000634600
0.7050000000,0.5850000000,3305,0.0000661000
0.7050000000,0.5950000000,3155,0.0000631000
0.7050000000,0.6050000000,3236,0.0000647200
0.7050000000,0.6150000000,3325,0.0000665000
0.7050000000,0.6250000000,3315,0.0000663000
0.7050000000,0.6350000000,3336,0.0000667200
0.7050000000,0.6450000000,3339,0.0000667800
0.7050000000,0.6550000000,3312,0.0000662400
0.7050000000,0.6650000000,3285,0.0000657000
0.7050000000,0.6750000000,3414,0.0000682800
0.7050000000,0.6850000000,3519,0.0000703800
0.7050000000,0.6950000000,3450,0.0000690000
0.7050000000,0.7050000000,3500,0.0000700000
0.7050000000,0.7150000000,3509,0.0000701800
0.7050000000,0.7250000000,3586,0.0000717200
0.7050000000,0.7350000000,3536,0.0000707200
0.7050000000,0.7450000000,3628,0.0000725600
0.7050000000,0.7550000000,3651,0.0000730200
0.7050000000,0.7650000000,3800,0.0000760000
0.7050000000,0.7750000000,3939,0.0000787800
0.7050000000,0.7850000000,3763,0.0000752600
0.7050000000,0.7950000000,4033,0.0000806600
0.7050000000,0.8050000000,4137,0.0000827400
0.7050000000,0.8150000000,4170,0.0000834000
0.7050000000,0.8250000000,4355,0.0000871000
0.7050000000,0.8350000000,4227,0.0000845400
0.7050000000,0.8450000000,4392,0.0000878400
0.7050000000,0.8550000000,4509,0.0000901800
0.7050000000,0.8650000000,4766,0.0000953200
0.7050000000,0.8750000000,4861,0.0000972200
0.7050000000,0.8850000000,5039,0.0001007800
0.7050000000,0.8950000000,5197,0.0001039400
0.7050000000,0.9050000000,5369,0.0001073800
0.7050000000,0.9150000000,5810,0.0001162000
0.7050000000,0.9250000000,5998,0.0001199600
0.7050000000,0.9350000000,6462,0.0001292400
0.7050000000,0.9450000000,7047,0.0001409400
0.7050000000,0.9550000000,7720,0.0001544000
0.7050000000,0.9650000000,8697,0.0001739400
0.7050000000,0.9750000000,10079,0.0002015800
0.7050000000,0.9850000000,13326,0.0002665200
0.7050000000,0.9950000000,31745,0.0006349000
0.7150000000,0.0050000000,0,0.0000000000
0.7150000000,0.0150000000,0,0.0000000000
0.7150000000,0.0250000000,0,0.0000000000
0.7150000000,0.0350000000,0,0.0000000000
0.7150000000,0.0450000000,0,0.0000000000
0.7150000000,0.0550000000,0,0.0000000000
0.7150000000,0.0650000000,0,0.0000000000
0.7150000000,0.0750000000,0,0.0000000000
0.7150000000,0.0850000000,0,0.0000000000
0.7150000000,0.0950000000,0,0.0000000000
0.7150000000,0.1050000000,0,0.0000000000
0.7150000000,0.1150000000,0,0.0000000000
0.7150000000,0.1250000000,0,0.0000000000
0.7150000000,0.1350000000,0,0.0000000000
0.7150000000,0.1450000000,0,0.0000000000
0.7150000000,0.1550000000,0,0.0000000000
0.7150000000,0.1650000000,0,0.0000000000
0.7150000000,0.1750000000,0,0.0000000000
0.7150000000,0.1850000000,37,0.0000007400
0.7150000000,0.1950000000,340,0.0000068000
0.7150000000,0.2050000000,775,0.0000155000
0.7150000000,0.2150000000,1249,0.0000249800
0.7150000000,0.2250000000,1720,0.0000344000
0.7150000000,0.2350000000,2207,0.0000441400
0.7150000000,0.2450000000,2630,0.0000526000
0.7150000000,0.2550000000,2970,0.0000594000
0.7150000000,0.2650000000,3218,0.0000643600
0.7150000000,0.2750000000,3380,0.0000676000
0.7150000000,0.2850000000,3467,0.0000693400
0.7150000000,0.2950000000,3621,0.0000724200
0.7150000000,0.3050000000,3571,0.0000714200
0.7150000000,0.3150000000,3510,0.0000702000
0.7150000000,0.3250000000,3527,0.0000705400
0.7150000000,0.3350000000,3469,0.0000693800
0.7150000000,0.3450000000,3389,0.0000677800
0.7150000000,0.3550000000,3371,0.0000674200
0.7150000000,0.3650000000,3318,0.0000663600
0.7150000000,0.3750000000,3366,0.0000673200
0.7150000000,0.3850000000,3364,0.0000672800
0.7150000000,0.3950000000,3422,0.0000684400
0.7150000000,0.4050000000,3189,0.0000637800
0.7150000000,0.4150000000,3242,0.0000648400
0.7150000000,0.4250000000,3210,0.0000642000
0.7150000000,0.4350000000,3305,0.0000661000
0.7150000000,0.4450000000,3233,0.0000646600
0.7150000000,0.4550000000,3389,0.0000677800
0.7150000000,0.4650000000,3228,0.0000645600
0.7150000000,0.4750000000,3254,0.0000650800
0.7150000000,0.4850000000,3204,0.0000640800
0.7150000000,0.4950000000,3290,0.0000658000
0.7150000000,0.5050000000,3173,0.0000634600
0.7150000000,0.5150000000,3196,0.0000639200
0.7150000000,0.5250000000,3198,0.0000639600
0.7150000000,0.5350000000,3216,0.0000643200
0.7150000000,0.5450000000,3273,0.0000654600
0.7150000000,0.5550000000,3311,0.0000662200
0.7150000000,0.5650000000,3238,0.0000647600
0.7150000000,0.5750000000,3233,0.0000646600
0.7150000000,0.5850000000,3182,0.0000636400
0.7150000000,0.5950000000,3347,0.0000669400
0.7150000000,0.6050000000,3303,0.0000660600
0.7150000000,0.6150000000,3310,0.0000662000
0.7150000000,0.6250000000,3289,0.0000657800
0.7150000000,0.6350000000,3389,0.0000677800
0.7150000000,0.6450000000,3285,0.0000657000
0.7150000000,0.6550000000,3383,0.0000676600
0.7150000000,0.6650000000,3460,0.0000692000
0.7150000000,0.6750000000,3483,0.0000696600
0.7150000000,0.6850000000,3470,0.0000694000
0.7150000000,0.6950000000,3497,0.0000699400
0.7150000000,0.7050000000,3602,0.0000720400
0.7150000000,0.7150000000,3583,0.0000716600
0.7150000000,0.7250000000,3660,0.0000732000
0.7150000000,0.7350000000,3671,0.0000734200
0.7150000000,0.7450000000,3733,0.0000746600
0.7150000000,0.7550000000,3823,0.0000764600
0.7150000000,0.7650000000,3771,0.0000754200
0.7150000000,0.7750000000,3777,0.0000755400
0.7150000000,0.7850000000,4016,0.0000803200
0.7150000000,0.7950000000,3935,0.0000787000
0.7150000000,0.8050000000,4127,0.0000825400
0.7150000000,0.8150000000,4137,0.0000827400
0.7150000000,0.8250000000,4288,0.0000857600
0.7150000000,0.8350000000,4413,0.0000882600
0.7150000000,0.8450000000,4405,0.0000881000
0.7150000000,0.8550000000,4487,0.0000897400
0.7150000000,0.8650000000,4712,0.0000942400
0.7150000000,0.8750000000,4788,0.0000957600
0.7150000000,0.8850000000,5069,0.0001013800
0.7150000000,0.8950000000,5300,0.0001060000
0.7150000000,0.9050000000,5402,0.0001080400
0.7150000000,0.9150000000,5871,0.0001174200
0.7150000000,0.9250000000,6163,0.0001232600
0.7150000000,0.9350000000,6602,0.0001320400
0.7150000000,0.9450000000,7065,0.0001413000
0.7150000000,0.9550000000,7862,0.0001572400
0.7150000000,0.9650000000,8741,0.0001748200
0.7150000000,0.9750000000,10299,0.0002059800
0.7150000000,0.9850000000,13346,0.0002669200
0.7150000000,0.9950000000,31485,0.0006297000
0.7250000000,0.0050000000,0,0.0000000000
0.7250000000,0.0150000000,0,0.0000000000
0.7250000000,0.0250000000,0,0.0000000000
0.7250000000,0.0350000000,0,0.0000000000
0.7250000000,0.0450000000,0,0.0000000000
0.7250000000,0.0550000000,0,0.0000000000
0.7250000000,0.0650000000,0,0.0000000000
0.7250000000,0.0750000000,0,0.0000000000
0.7250000000,0.0850000000,0,0.0000000000
0.7250000000,0.0950000000,0,0.0000000000
0.7250000000,0.1050000000,0,0.0000000000
0.7250000000,0.1150000000,0,0.0000000000
0.7250000000,0.1250000000,0,0.0000000000
0.7250000000,0.1350000000,0,0.0000000000
0.7250000000,0.1450000000,0,0.0000000000
0.7250000000,0.1550000000,0,0.0000000000
0.7250000000,0.1650000000,0,0.0000000000
0.7250000000,0.1750000000,0,0.0000000000
0.7250000000,0.1850000000,3,0.0000000600
0.7250000000,0.1950000000,326,0.0000065200
0.7250000000,0.2050000000,829,0.0000165800
0.7250000000,0.2150000000,1306,0.0000261200
0.7250000000,0.2250000000,1822,0.0000364400
0.7250000000,0.2350000000,2297,0.0000459400
0.7250000000,0.2450000000,2658,0.0000531600
0.7250000000,0.2550000000,3057,0.0000611400
0.7250000000,0.2650000000,3338,0.0000667600
0.7250000000,0.2750000000,3446,0.0000689200
0.7250000000,0.2850000000,3679,0.0000735800
0.7250000000,0.2950000000,3733,0.0000746600
0.7250000000,0.3050000000,3661,0.0000732200
0.7250000000,0.3150000000,3651,0.0000730200
0.7250000000,0.3250000000,3486,0.0000697200
0.7250000000,0.3350000000,3616,0.0000723200
0.7250000000,0.3450000000,3478,0.0000695600
0.7250000000,0.3550000000,3480,0.0000696000
0.7250000000,0.3650000000,3412,0.0000682400
0.7250000000,0.3750000000,3402,0.0000680400
0.7250000000,0.3850000000,3440,0.0000688000
0.7250000000,0.3950000000,3376,0.0000675200
0.7250000000,0.4050000000,3390,0.0000678000
0.7250000000,0.4150000000,3366,0.0000673200
0.7250000000,0.4250000000,3419,0.0000683800
0.7250000000,0.4350000000,3309,0.0000661800
0.7250000000,0.4450000000,3278,0.0000655600
0.7250000000,0.4550000000,3284,0.0000656800
0.7250000000,0.4650000000,3261,0.0000652200
0.7250000000,0.4750000000,3268,0.0000653600
0.7250000000,0.4850000000,3138,0.0000627600
0.7250000000,0.4950000000,3200,0.0000640000
0.7250000000,0.5050000000,3322,0.0000664400
0.7250000000,0.5150000000,3149,0.0000629800
0.7250000000,0.5250000000,3270,0.0000654000
0.7250000000,0.5350000000,3341,0.0000668200
0.7250000000,0.5450000000,3260,0.0000652000
0.7250000000,0.5550000000,3305,0.0000661000
0.7250000000,0.5650000000,3106,0.0000621200
0.7250000000,0.5750000000,3295,0.0000659000
0.7250000000,0.5850000000,3320,0.0000664000
0.7250000000,0.5950000000,3347,0.0000669400
0.7250000000,0.6050000000,3277,0.0000655400
0.7250000000,0.6150000000,3341,0.0000668200
0.7250000000,0.6250000000,3269,0.0000653800
0.7250000000,0.6350000000,3323,0.0000664600
0.7250000000,0.6450000000,3368,0.0000673600
0.7250000000,0.6550000000,3419,0.0000683800
0.7250000000,0.6650000000,3384,0.0000676800
0.7250000000,0.6750000000,3361,0.0000672200
0.7250000000,0.6850000000,3562,0.0000712400
0.7250000000,0.6950000000,3502,0.0000700400
0.7250000000,0.7050000000,3605,0.0000721000
0.7250000000,0.7150000000,3576,0.0000715200
0.7250000000,0.7250000000,3586,0.0000717200
0.7250000000,0.7350000000,3593,0.0000718600
0.7250000000,0.7450000000,3617,0.0000723400
0.7250000000,0.7550000000,3827,0.0000765400
0.7250000000,0.7650000000,3904,0.0000780800
0.7250000000,0.7750000000,3911,0.0000782200
0.7250000000,0.7850000000,3967,0.0000793400
0.7250000000,0.7950000000,3945,0.0000789000
0.7250000000,0.8050000000,4078,0.0000815600
0.7250000000,0.8150000000,4123,0.0000824600
0.7250000000,0.8250000000,4233,0.0000846600
0.7250000000,0.8350000000,4299,0.0000859800
0.7250000000,0.8450000000,4536,0.0000907200
0.7250000000,0.8550000000,4656,0.0000931200
0.7250000000,0.8650000000,4799,0.0000959800
0.7250000000,0.8750000000,4868,0.0000973600
0.7250000000,0.8850000000,4934,0.0000986800
0.7250000000,0.8950000000,5124,0.0001024800
0.7250000000,0.9050000000,5624,0.0001124800
0.7250000000,0.9150000000,5715,0.0001143000
0.7250000000,0.9250000000,6192,0.0001238400
0.7250000000,0.9350000000,6681,0.0001336200
0.7250000000,0.9450000000,7193,0.0001438600
0.7250000000,0.9550000000,7733,0.0001546600
0.7250000000,0.9650000000,8797,0.0001759400
0.7250000000,0.9750000000,10354,0.0002070800
0.7250000000,0.9850000000,13642,0.0002728400
0.7250000000,0.9950000000,31997,0.0006399400
0.7350000000,0.0050000000,0,0.0000000000
0.7350000000,0.0150000000,0,0.0000000000
0.7350000000,0.0250000000,0,0.0000000000
0.7350000000,0.0350000000,0,0.0000000000
0.7350000000,0.0450000000,0,0.0000000000
0.7350000000,0.0550000000,0,0.0000000000
0.7350000000,0.0650000000,0,0.0000000000
0.7350000000,0.0750000000,0,0.0000000000
0.7350000000,0.0850000000,0,0.0000000000
0.7350000000,0.0950000000,0,0.0000000000
0.7350000000,0.1050000000,0,0.0000000000
0.7350000000,0.1150000000,0,0.0000000000
0.7350000000,0.1250000000,0,0.0000000000
0.7350000000,0.1350000000,0,0.0000000000
0.7350000000,0.1450000000,0,0.0000000000
0.7350000000,0.1550000000,0,0.0000000000
0.7350000000,0.1650000000,0,0.0000000000
0.7350000000,0.1750000000,0,0.0000000000
0.7350000000,0.1850000000,0,0.0000000000
0.7350000000,0.1950000000,186,0.0000037200
0.7350000000,0.2050000000,792,0.0000158400
0.7350000000,0.2150000000,1363,0.0000272600
0.7350000000,0.2250000000,1840,0.0000368000
0.7350000000,0.2350000000,2421,0.0000484200
0.7350000000,0.2450000000,2847,0.0000569400
0.7350000000,0.2550000000,3193,0.0000638600
0.7350000000,0.2650000000,3464,0.0000692800
0.7350000000,0.2750000000,3646,0.0000729200
0.7350000000,0.2850000000,3604,0.0000720800
0.7350000000,0.2950000000,3773,0.0000754600
0.7350000000,0.3050000000,3713,0.0000742600
0.7350000000,0.3150000000,3623,0.0000724600
0.7350000000,0.3250000000,3572,0.0000714400
0.7350000000,0.3350000000,3582,0.0000716400
0.7350000000,0.3450000000,3427,0.0000685400
0.7350000000,0.3550000000,3465,0.0000693000
0.7350000000,0.3650000000,3615,0.0000723000
0.7350000000,0.3750000000,3442,0.0000688400
0.7350000000,0.3850000000,3399,0.0000679800
0.7350000000,0.3950000000,3403,0.0000680600
0.7350000000,0.4050000000,3463,0.0000692600
0.7350000000,0.4150000000,3341,0.0000668200
0.7350000000,0.4250000000,3362,0.0000672400
0.7350000000,0.4350000000,3427,0.0000685400
0.7350000000,0.4450000000,3283,0.0000656600
0.7350000000,0.4550000000,3409,0.0000681800
0.7350000000,0.4650000000,3296,0.0000659200
0.7350000000,0.4750000000,3342,0.0000668400
0.7350000000,0.4850000000,3274,0.0000654800
0.7350000000,0.4950000000,3352,0.0000670400
0.7350000000,0.5050000000,3454,0.0000690800
0.7350000000,0.5150000000,3322,0.0000664400
0.7350000000,0.5250000000,3397,0.0000679400
0.7350000000,0.5350000000,3335,0.0000667000
0.7350000000,0.5450000000,3287,0.0000657400
0.7350000000,0.5550000000,3345,0.0000669000
0.7350000000,0.5650000000,3390,0.0000678000
0.7350000000,0.5750000000,3336,0.0000667200
0.7350000000,0.5850000000,3381,0.0000676200
0.7350000000,0.5950000000,3403,0.0000680600
0.7350000000,0.6050000000,3373,0.0000674600
0.7350000000,0.6150000000,3374,0.0000674800
0.7350000000,0.6250000000,3343,0.0000668600
0.7350000000,0.6350000000,3419,0.0000683800
0.7350000000,0.6450000000,3426,0.0000685200
0.7350000000,0.6550000000,3422,0.0000684400
0.7350000000,0.6650000000,3416,0.0000683200
0.7350000000,0.6750000000,3518,0.0000703600
0.7350000000,0.6850000000,3587,0.0000717400
0.7350000000,0.6950000000,3526,0.0000705200
0.7350000000,0.7050000000,3519,0.0000703800
0.7350000000,0.7150000000,3639,0.0000727800
0.7350000000,0.7250000000,3584,0.0000716800
0.7350000000,0.7350000000,3725,0.0000745000
0.7350000000,0.7450000000,3659,0.0000731800
0.7350000000,0.7550000000,3768,0.0000753600
0.7350000000,0.7650000000,3922,0.0000784400
0.7350000000,0.7750000000,4004,0.0000800800
0.7350000000,0.7850000000,4041,0.0000808200
0.7350000000,0.7950000000,4167,0.0000833400
0.7350000000,0.8050000000,4196,0.0000839200
0.7350000000,0.8150000000,4349,0.0000869800
0.7350000000,0.8250000000,4180,0.0000836000
0.7350000000,0.8350000000,4417,0.0000883400
0.7350000000,0.8450000000,4543,0.0000908600
0.7350000000,0.8550000000,4652,0.0000930400
0.7350000000,0.8650000000,4729,0.0000945800
0.7350000000,0.8750000000,4880,0.0000976000
0.7350000000,0.8850000000,5068,0.0001013600
0.7350000000,0.8950000000,5328,0.0001065600
0.7350000000,0.9050000000,5541,0.0001108200
0.7350000000,0.9150000000,5825,0.0001165000
0.7350000000,0.9250000000,6276,0.0001255200
0.7350000000,0.9350000000,6602,0.0001320400
0.7350000000,0.9450000000,7216,0.0001443200
0.7350000000,0.9550000000,7791,0.0001558200
0.7350000000,0.9650000000,9107,0.0001821400
0.7350000000,0.9750000000,10567,0.0002113400
0.7350000000,0.9850000000,13982,0.0002796400
0.7350000000,0.9950000000,31241,0.0006248200
0.7450000000,0.0050000000,0,0.0000000000
0.7450000000,0.0150000000,0,0.0000000000
0.7450000000,0.0250000000,0,0.0000000000
0.7450000000,0.0350000000,0,0.0000000000
0.7450000000,0.0450000000,0,0.0000000000
0.7450000000,0.0550000000,0,0.0000000000
0.7450000000,0.0650000000,0,0.0000000000
0.7450000000,0.0750000000,0,0.0000000000
0.7450000000,0.0850000000,0,0.0000000000
0.7450000000,0.0950000000,0,0.0000000000
0.7450000000,0.1050000000,0,0.0000000000
0.7450000000,0.1150000000,0,0.0000000000
0.7450000000,0.1250000000,0,0.0000000000
0.7450000000,0.1350000000,0,0.0000000000
0.7450000000,0.1450000000,0,0.0000000000
0.7450000000,0.1550000000,0,0.0000000000
0.7450000000,0.1650000000,0,0.0000000000
0.7450000000,0.1750000000,0,0.0000000000
0.7450000000,0.1850000000,0,0.0000000000
0.7450000000,0.1950000000,133,0.0000026600
0.7450000000,0.2050000000,733,0.0000146600
0.7450000000,0.2150000000,1409,0.0000281800
0.7450000000,0.2250000000,1955,0.0000391000
0.7450000000,0.2350000000,2471,0.0000494200
0.7450000000,0.2450000000,2940,0.0000588000
0.7450000000,0.2550000000,3314,0.0000662800
0.7450000000,0.2650000000,3564,0.0000712800
0.7450000000,0.2750000000,3686,0.0000737200
0.7450000000,0.2850000000,3736,0.0000747200
0.7450000000,0.2950000000,3881,0.0000776200
0.7450000000,0.3050000000,3911,0.0000782200
0.7450000000,0.3150000000,3790,0.0000758000
0.7450000000,0.3250000000,3803,0.0000760600
0.7450000000,0.3350000000,3691,0.0000738200
0.7450000000,0.3450000000,3650,0.0000730000
0.7450000000,0.3550000000,3603,0.0000720600
0.7450000000,0.3650000000,3569,0.0000713800
0.7450000000,0.3750000000,3568,0.0000713600
0.7450000000,0.3850000000,3536,0.0000707200
0.7450000000,0.3950000000,3478,0.0000695600
0.7450000000,0.4050000000,3415,0.0000683000
0.7450000000,0.4150000000,3398,0.0000679600
0.7450000000,0.4250000000,3435,0.0000687000
0.7450000000,0.4350000000,3532,0.0000706400
0.7450000000,0.4450000000,3409,0.0000681800
0.7450000000,0.4550000000,3433,0.0000686600
0.7450000000,0.4650000000,3313,0.0000662600
0.7450000000,0.4750000000,3390,0.0000678000
0.7450000000,0.4850000000,3368,0.0000673600
0.7450000000,0.4950000000,3335,0.0000667000
0.7450000000,0.5050000000,3390,0.0000678000
0.7450000000,0.5150000000,3390,0.0000678000
0.7450000000,0.5250000000,3494,0.0000698800
0.7450000000,0.5350000000,3494,0.0000698800
0.7450000000,0.5450000000,3451,0.0000690200
0.7450000000,0.5550000000,3422,0.0000684400
0.7450000000,0.5650000000,3344,0.0000668800
0.7450000000,0.5750000000,3369,0.0000673800
0.7450000000,0.5850000000,3445,0.0000689000
0.7450000000,0.5950000000,3358,0.0000671600
0.7450000000,0.6050000000,3346,0.0000669200
0.7450000000,0.6150000000,3297,0.0000659400
0.7450000000,0.6250000000,3478,0.0000695600
0.7450000000,0.6350000000,3429,0.0000685800
0.7450000000,0.6450000000,3365,0.0000673000
0.7450000000,0.6550000000,3471,0.0000694200
0.7450000000,0.6650000000,3559,0.0000711800
0.7450000000,0.6750000000,3560,0.0000712000
0.7450000000,0.6850000000,3450,0.0000690000
0.7450000000,0.6950000000,3715,0.0000743000
0.7450000000,0.7050000000,3672,0.0000734400
0.7450000000,0.7150000000,3613,0.0000722600
0.7450000000,0.7250000000,3716,0.0000743200
0.7450000000,0.7350000000,3774,0.0000754800
0.7450000000,0.7450000000,3665,0.0000733000
0.7450000000,0.7550000000,3789,0.0000757800
0.7450000000,0.7650000000,3905,0.0000781000
0.7450000000,0.7750000000,4028,0.0000805600
0.7450000000,0.7850000000,4077,0.0000815400
0.7450000000,0.7950000000,4134,0.0000826800
0.7450000000,0.8050000000,4217,0.0000843400
0.7450000000,0.8150000000,4316,0.0000863200
0.7450000000,0.8250000000,4399,0.0000879800
0.7450000000,0.8350000000,4422,0.0000884400
0.7450000000,0.8450000000,4481,0.0000896200
0.7450000000,0.8550000000,4742,0.0000948400
0.7450000000,0.8650000000,4818,0.0000963600
0.7450000000,0.8750000000,5005,0.0001001000
0.7450000000,0.8850000000,5109,0.0001021800
0.7450000000,0.8950000000,5296,0.0001059200
0.7450000000,0.9050000000,5656,0.0001131200
0.7450000000,0.9150000000,5850,0.0001170000
0.7450000000,0.9250000000,6384,0.0001276800
0.7450000000,0.9350000000,6691,0.0001338200
0.7450000000,0.9450000000,7314,0.0001462800
0.7450000000,0.9550000000,8150,0.0001630000
0.7450000000,0.9650000000,9258,0.0001851600
0.7450000000,0.9750000000,10974,0.0002194800
0.7450000000,0.9850000000,14625,0.0002925000
0.7450000000,0.9950000000,30244,0.0006048800
0.7550000000,0.0050000000,0,0.0000000000
0.7550000000,0.0150000000,0,0.0000000000
0.7550000000,0.0250000000,0,0.0000000000
0.7550000000,0.0350000000,0,0.0000000000
0.7550000000,0.0450000000,0,0.0000000000
0.7550000000,0.0550000000,0,0.0000000000
0.7550000000,0.0650000000,0,0.0000000000
0.7550000000,0.0750000000,0,0.0000000000
0.7550000000,0.0850000000,0,0.0000000000
0.7550000000,0.0950000000,0,0.0000000000
0.7550000000,0.1050000000,0,0.0000000000
0.7550000000,0.1150000000,0,0.0000000000
0.7550000000,0.1250000000,0,0.0000000000
0.7550000000,0.1350000000,0,0.0000000000
0.7550000000,0.1450000000,0,0.0000000000
0.7550000000,0.1550000000,0,0.0000000000
0.7550000000,0.1650000000,0,0.0000000000
0.7550000000,0.1750000000,0,0.0000000000
0.7550000000,0.1850000000,0,0.0000000000
0.7550000000,0.1950000000,45,0.0000009000
0.7550000000,0.2050000000,677,0.0000135400
0.7550000000,0.2150000000,1364,0.0000272800
0.7550000000,0.2250000000,1996,0.0000399200
0.7550000000,0.2350000000,2554,0.0000510800
0.7550000000,0.2450000000,2850,0.0000570000
0.7550000000,0.2550000000,3218,0.0000643600
0.7550000000,0.2650000000,3390,0.0000678000
0.7550000000,0.2750000000,3577,0.0000715400
0.7550000000,0.2850000000,3852,0.0000770400
0.7550000000,0.2950000000,3899,0.0000779800
0.7550000000,0.3050000000,3917,0.0000783400
0.7550000000,0.3150000000,3875,0.0000775000
0.7550000000,0.3250000000,3831,0.0000766200
0.7550000000,0.3350000000,3870,0.0000774000
0.7550000000,0.3450000000,3797,0.0000759400
0.7550000000,0.3550000000,3879,0.0000775800
0.7550000000,0.3650000000,3674,0.0000734800
0.7550000000,0.3750000000,3539,0.0000707800
0.7550000000,0.3850000000,3604,0.0000720800
0.7550000000,0.3950000000,3586,0.0000717200
0.7550000000,0.4050000000,3639,0.0000727800
0.7550000000,0.4150000000,3553,0.0000710600
0.7550000000,0.4250000000,3493,0.0000698600
0.7550000000,0.4350000000,3480,0.0000696000
0.7550000000,0.4450000000,3449,0.0000689800
0.7550000000,0.4550000000,3475,0.0000695000
0.7550000000,0.4650000000,3472,0.0000694400
0.7550000000,0.4750000000,3421,0.0000684200
0.7550000000,0.4850000000,3433,0.0000686600
0.7550000000,0.4950000000,3390,0.0000678000
0.7550000000,0.5050000000,3442,0.0000688400
0.7550000000,0.5150000000,3295,0.0000659000
0.7550000000,0.5250000000,3405,0.0000681000
0.7550000000,0.5350000000,3482,0.0000696400
0.7550000000,0.5450000000,3405,0.0000681000
0.7550000000,0.5550000000,3416,0.0000683200
0.7550000000,0.5650000000,3382,0.0000676400
0.7550000000,0.5750000000,3296,0.0000659200
0.7550000000,0.5850000000,3627,0.0000725400
0.7550000000,0.5950000000,3440,0.0000688000
0.7550000000,0.6050000000,3477,0.0000695400
0.7550000000,0.6150000000,3447,0.0000689400
0.7550000000,0.6250000000,3447,0.0000689400
0.7550000000,0.6350000000,3506,0.0000701200
0.7550000000,0.6450000000,3443,0.0000688600
0.7550000000,0.6550000000,3573,0.0000714600
0.7550000000,0.6650000000,3533,0.0000706600
0.7550000000,0.6750000000,3601,0.0000720200
0.7550000000,0.6850000000,3586,0.0000717200
0.7550000000,0.6950000000,3612,0.0000722400
0.7550000000,0.7050000000,3722,0.0000744400
0.7550000000,0.7150000000,3737,0.0000747400
0.7550000000,0.7250000000,3766,0.0000753200
0.7550000000,0.7350000000,3814,0.0000762800
0.7550000000,0.7450000000,3895,0.0000779000
0.7550000000,0.7550000000,3917,0.0000783400
0.7550000000,0.7650000000,3938,0.0000787600
0.7550000000,0.7750000000,4016,0.0000803200
0.7550000000,0.7850000000,4083,0.0000816600
0.7550000000,0.7950000000,4218,0.0000843600
0.7550000000,0.8050000000,4185,0.0000837000
0.7550000000,0.8150000000,4448,0.0000889600
0.7550000000,0.8250000000,4385,0.0000877000
0.7550000000,0.8350000000,4606,0.0000921200
0.7550000000,0.8450000000,4634,0.0000926800
0.7550000000,0.8550000000,4794,0.0000958800
0.7550000000,0.8650000000,5083,0.0001016600
0.7550000000,0.8750000000,4994,0.0000998800
0.7550000000,0.8850000000,5214,0.0001042800
0.7550000000,0.8950000000,5318,0.0001063600
0.7550000000,0.9050000000,5889,0.0001177800
0.7550000000,0.9150000000,6026,0.0001205200
0.7550000000,0.9250000000,6499,0.0001299800
0.7550000000,0.9350000000,7001,0.0001400200
0.7550000000,0.9450000000,7625,0.0001525000
0.7550000000,0.9550000000,8434,0.0001686800
0.7550000000,0.9650000000,9290,0.0001858000
0.7550000000,0.9750000000,11325,0.0002265000
0.7550000000,0.9850000000,15234,0.0003046800
0.7550000000,0.9950000000,28876,0.0005775200
0.7650000000,0.0050000000,0,0.0000000000
0.7650000000,0.0150000000,0,0.0000000000
0.7650000000,0.0250000000,0,0.0000000000
0.7650000000,0.0350000000,0,0.0000000000
0.7650000000,0.0450000000,0,0.0000000000
0.7650000000,0.0550000000,0,0.0000000000
0.7650000000,0.0650000000,0,0.0000000000
0.7650000000,0.0750000000,0,0.0000000000
0.7650000000,0.0850000000,0,0.0000000000
0.7650000000,0.0950000000,0,0.0000000000
0.7650000000,0.1050000000,0,0.0000000000
0.7650000000,0.1150000000,0,0.0000000000
0.7650000000,0.1250000000,0,0.0000000000
0.7650000000,0.1350000000,0,0.0000000000
0.7650000000,0.1450000000,0,0.0000000000
0.7650000000,0.1550000000,0,0.0000000000
0.7650000000,0.1650000000,0,0.0000000000
0.7650000000,0.1750000000,0,0.0000000000
0.7650000000,0.1850000000,0,0.0000000000
0.7650000000,0.1950000000,6,0.0000001200
0.7650000000,0.2050000000,528,0.0000105600
0.7650000000,0.2150000000,1351,0.0000270200
0.7650000000,0.2250000000,1872,0.0000374400
0.7650000000,0.2350000000,2412,0.0000482400
0.7650000000,0.2450000000,2874,0.0000574800
0.7650000000,0.2550000000,3241,0.0000648200
0.7650000000,0.2650000000,3579,0.0000715800
0.7650000000,0.2750000000,3749,0.0000749800
0.7650000000,0.2850000000,3879,0.0000775800
0.7650000000,0.2950000000,3938,0.0000787600
0.7650000000,0.3050000000,4035,0.0000807000
0.7650000000,0.3150000000,4007,0.0000801400
0.7650000000,0.3250000000,3924,0.0000784800
0.7650000000,0.3350000000,3928,0.0000785600
0.7650000000,0.3450000000,3774,0.0000754800
0.7650000000,0.3550000000,3792,0.0000758400
0.7650000000,0.3650000000,3809,0.0000761800
0.7650000000,0.3750000000,3794,0.0000758800
0.7650000000,0.3850000000,3722,0.0000744400
0.7650000000,0.3950000000,3719,0.0000743800
0.7650000000,0.4050000000,3601,0.0000720200
0.7650000000,0.4150000000,3685,0.0000737000
0.7650000000,0.4250000000,3518,0.0000703600
0.7650000000,0.4350000000,3566,0.0000713200
0.7650000000,0.4450000000,3572,0.0000714400
0.7650000000,0.4550000000,3570,0.0000714000
0.7650000000,0.4650000000,3500,0.0000700000
0.7650000000,0.4750000000,3469,0.0000693800
0.7650000000,0.4850000000,3553,0.0000710600
0.7650000000,0.4950000000,3402,0.0000680400
0.7650000000,0.5050000000,3589,0.0000717800
0.7650000000,0.5150000000,3456,0.0000691200
0.7650000000,0.5250000000,3560,0.0000712000
0.7650000000,0.5350000000,3531,0.0000706200
0.7650000000,0.5450000000,3548,0.0000709600
0.7650000000,0.5550000000,3568,0.0000713600
0.7650000000,0.5650000000,3522,0.0000704400
0.7650000000,0.5750000000,3524,0.0000704800
0.7650000000,0.5850000000,3534,0.0000706800
0.7650000000,0.5950000000,3488,0.0000697600
0.7650000000,0.6050000000,3524,0.0000704800
0.7650000000,0.6150000000,3533,0.0000706600
0.7650000000,0.6250000000,3489,0.0000697800
0.7650000000,0.6350000000,3576,0.0000715200
0.7650000000,0.6450000000,3585,0.0000717000
0.7650000000,0.6550000000,3566,0.0000713200
0.7650000000,0.6650000000,3665,0.0000733000
0.7650000000,0.6750000000,3630,0.0000726000
0.7650000000,0.6850000000,3630,0.0000726000
0.7650000000,0.6950000000,3618,0.0000723600
0.7650000000,0.7050000000,3788,0.0000757600
0.7650000000,0.7150000000,3741,0.0000748200
0.7650000000,0.7250000000,3853,0.0000770600
0.7650000000,0.7350000000,3864,0.0000772800
0.7650000000,0.7450000000,3928,0.0000785600
0.7650000000,0.7550000000,4040,0.0000808000
0.7650000000,0.7650000000,3977,0.0000795400
0.7650000000,0.7750000000,4042,0.0000808400
0.7650000000,0.7850000000,4156,0.0000831200
0.7650000000,0.7950000000,4319,0.0000863800
0.7650000000,0.8050000000,4340,0.0000868000
0.7650000000,0.8150000000,4366,0.0000873200
0.7650000000,0.8250000000,4423,0.0000884600
0.7650000000,0.8350000000,4483,0.0000896600
0.7650000000,0.8450000000,4766,0.0000953200
0.7650000000,0.8550000000,4784,0.0000956800
0.7650000000,0.8650000000,4798,0.0000959600
0.7650000000,0.8750000000,5087,0.0001017400
0.7650000000,0.8850000000,5381,0.0001076200
0.7650000000,0.8950000000,5541,0.0001108200
0.7650000000,0.9050000000,5864,0.0001172800
0.7650000000,0.9150000000,6166,0.0001233200
0.7650000000,0.9250000000,6507,0.0001301400
0.7650000000,0.9350000000,6990,0.0001398000
0.7650000000,0.9450000000,7683,0.0001536600
0.7650000000,0.9550000000,8402,0.0001680400
0.7650000000,0.9650000000,9606,0.0001921200
0.7650000000,0.9750000000,11588,0.0002317600
0.7650000000,0.9850000000,16383,0.0003276600
0.7650000000,0.9950000000,26721,0.0005344200
0.7750000000,0.0050000000,0,0.0000000000
0.7750000000,0.0150000000,0,0.0000000000
0.7750000000,0.0250000000,0,0.0000000000
0.7750000000,0.0350000000,0,0.0000000000
0.7750000000,0.0450000000,0,0.0000000000
0.7750000000,0.0550000000,0,0.0000000000
0.7750000000,0.0650000000,0,0.0000000000
0.7750000000,0.0750000000,0,0.0000000000
0.7750000000,0.0850000000,0,0.0000000000
0.7750000000,0.0950000000,0,0.0000000000
0.7750000000,0.1050000000,0,0.0000000000
0.7750000000,0.1150000000,0,0.0000000000
0.7750000000,0.1250000000,0,0.0000000000
0.7750000000,0.1350000000,0,0.0000000000
0.7750000000,0.1450000000,0,0.0000000000
0.7750000000,0.1550000000,0,0.0000000000
0.7750000000,0.1650000000,0,0.0000000000
0.7750000000,0.1750000000,0,0.0000000000
0.7750000000,0.1850000000,0,0.0000000000
0.7750000000,0.1950000000,0,0.0000000000
0.7750000000,0.2050000000,319,0.0000063800
0.7750000000,0.2150000000,1098,0.0000219600
0.7750000000,0.2250000000,1775,0.0000355000
0.7750000000,0.2350000000,2474,0.0000494800
0.7750000000,0.2450000000,2918,0.0000583600
0.7750000000,0.2550000000,3334,0.0000666800
0.7750000000,0.2650000000,3643,0.0000728600
0.7750000000,0.2750000000,3815,0.0000763000
0.7750000000,0.2850000000,3954,0.0000790800
0.7750000000,0.2950000000,4211,0.0000842200
0.7750000000,0.3050000000,4135,0.0000827000
0.7750000000,0.3150000000,4158,0.0000831600
0.7750000000,0.3250000000,4136,0.0000827200
0.7750000000,0.3350000000,4117,0.0000823400
0.7750000000,0.3450000000,3830,0.0000766000
0.7750000000,0.3550000000,4049,0.0000809800
0.7750000000,0.3650000000,3971,0.0000794200
0.7750000000,0.3750000000,3832,0.0000766400
0.7750000000,0.3850000000,3900,0.0000780000
0.7750000000,0.3950000000,3784,0.0000756800
0.7750000000,0.4050000000,3635,0.0000727000
0.7750000000,0.4150000000,3627,0.0000725400
0.7750000000,0.4250000000,3511,0.0000702200
0.7750000000,0.4350000000,3579,0.0000715800
0.7750000000,0.4450000000,3629,0.0000725800
0.7750000000,0.4550000000,3668,0.0000733600
0.7750000000,0.4650000000,3553,0.0000710600
0.7750000000,0.4750000000,3571,0.0000714200
0.7750000000,0.4850000000,3504,0.0000700800
0.7750000000,0.4950000000,3588,0.0000717600
0.7750000000,0.5050000000,3558,0.0000711600
0.7750000000,0.5150000000,3581,0.0000716200
0.7750000000,0.5250000000,3640,0.0000728000
0.7750000000,0.5350000000,3660,0.0000732000
0.7750000000,0.5450000000,3490,0.0000698000
0.7750000000,0.5550000000,3639,0.0000727800
0.7750000000,0.5650000000,3615,0.0000723000
0.7750000000,0.5750000000,3600,0.0000720000
0.7750000000,0.5850000000,3479,0.0000695800
0.7750000000,0.5950000000,3596,0.0000719200
0.7750000000,0.6050000000,3547,0.0000709400
0.7750000000,0.6150000000,3582,0.0000716400
0.7750000000,0.6250000000,3569,0.0000713800
0.7750000000,0.6350000000,3667,0.0000733400
0.7750000000,0.6450000000,3563,0.0000712600
0.7750000000,0.6550000000,3617,0.0000723400
0.7750000000,0.6650000000,3800,0.0000760000
0.7750000000,0.6750000000,3645,0.0000729000
0.7750000000,0.6850000000,3833,0.0000766600
0.7750000000,0.6950000000,3830,0.0000766000
0.7750000000,0.7050000000,3901,0.0000780200
0.7750000000,0.7150000000,3766,0.0000753200
0.7750000000,0.7250000000,4008,0.0000801600
0.7750000000,0.7350000000,3903,0.0000780600
0.7750000000,0.7450000000,4002,0.0000800400
0.7750000000,0.7550000000,4148,0.0000829600
0.7750000000,0.7650000000,4122,0.0000824400
0.7750000000,0.7750000000,4118,0.0000823600
0.7750000000,0.7850000000,4179,0.0000835800
0.7750000000,0.7950000000,4278,0.0000855600
0.7750000000,0.8050000000,4343,0.0000868600
0.7750000000,0.8150000000,4504,0.0000900800
0.7750000000,0.8250000000,4630,0.0000926000
0.7750000000,0.8350000000,4573,0.0000914600
0.7750000000,0.8450000000,4865,0.0000973000
0.7750000000,0.8550000000,4978,0.0000995600
0.7750000000,0.8650000000,5085,0.0001017000
0.7750000000,0.8750000000,5279,0.0001055800
0.7750000000,0.8850000000,5475,0.0001095000
0.7750000000,0.8950000000,5675,0.0001135000
0.7750000000,0.9050000000,5873,0.0001174600
0.7750000000,0.9150000000,6280,0.0001256000
0.7750000000,0.9250000000,6746,0.0001349200
0.7750000000,0.9350000000,7066,0.0001413200
0.7750000000,0.9450000000,7760,0.0001552000
0.7750000000,0.9550000000,8694,0.0001738800
0.7750000000,0.9650000000,9911,0.0001982200
0.7750000000,0.9750000000,12185,0.0002437000
0.7750000000,0.9850000000,17831,0.0003566200
0.7750000000,0.9950000000,23233,0.0004646600
0.7850000000,0.0050000000,0,0.0000000000
0.7850000000,0.0150000000,0,0.0000000000
0.7850000000,0.0250000000,0,0.0000000000
0.7850000000,0.0350000000,0,0.0000000000
0.7850000000,0.0450000000,0,0.0000000000
0.7850000000,0.0550000000,0,0.0000000000
0.7850000000,0.0650000000,0,0.0000000000
0.7850000000,0.0750000000,0,0.0000000000
0.7850000000,0.0850000000,0,0.0000000000
0.7850000000,0.0950000000,0,0.0000000000
0.7850000000,0.1050000000,0,0.0000000000
0.7850000000,0.1150000000,0,0.0000000000
0.7850000000,0.1250000000,0,0.0000000000
0.7850000000,0.1350000000,0,0.0000000000
0.7850000000,0.1450000000,0,0.0000000000
0.7850000000,0.1550000000,0,0.0000000000
0.7850000000,0.1650000000,0,0.0000000000
0.7850000000,0.1750000000,0,0.0000000000
0.7850000000,0.1850000000,0,0.0000000000
0.7850000000,0.1950000000,0,0.0000000000
0.7850000000,0.2050000000,165,0.0000033000
0.7850000000,0.2150000000,1022,0.0000204400
0.7850000000,0.2250000000,1734,0.0000346800
0.7850000000,0.2350000000,2450,0.0000490000
0.7850000000,0.2450000000,2950,0.0000590000
0.7850000000,0.2550000000,3383,0.0000676600
0.7850000000,0.2650000000,3571,0.0000714200
0.7850000000,0.2750000000,3886,0.0000777200
0.7850000000,0.2850000000,4083,0.0000816600
0.7850000000,0.2950000000,4222,0.0000844400
0.7850000000,0.3050000000,4310,0.0000862000
0.7850000000,0.3150000000,4348,0.0000869600
0.7850000000,0.3250000000,4336,0.0000867200
0.7850000000,0.3350000000,4174,0.0000834800
0.7850000000,0.3450000000,4233,0.0000846600
0.7850000000,0.3550000000,4121,0.0000824200
0.7850000000,0.3650000000,4095,0.0000819000
0.7850000000,0.3750000000,4059,0.0000811800
0.7850000000,0.3850000000,3962,0.0000792400
0.7850000000,0.3950000000,3932,0.0000786400
0.7850000000,0.4050000000,3875,0.0000775000
0.7850000000,0.4150000000,3854,0.0000770800
0.7850000000,0.4250000000,3720,0.0000744000
0.7850000000,0.4350000000,3703,0.0000740600
0.7850000000,0.4450000000,3704,0.0000740800
0.7850000000,0.4550000000,3771,0.0000754200
0.7850000000,0.4650000000,3693,0.0000738600
0.7850000000,0.4750000000,3656,0.0000731200
0.7850000000,0.4850000000,3700,0.0000740000
0.7850000000,0.4950000000,3701,0.0000740200
0.7850000000,0.5050000000,3686,0.0000737200
0.7850000000,0.5150000000,3644,0.0000728800
0.7850000000,0.5250000000,3574,0.0000714800
0.7850000000,0.5350000000,3653,0.0000730600
0.7850000000,0.5450000000,3558,0.0000711600
0.7850000000,0.5550000000,3736,0.0000747200
0.7850000000,0.5650000000,3690,0.0000738000
0.7850000000,0.5750000000,3646,0.0000729200
0.7850000000,0.5850000000,3760,0.0000752000
0.7850000000,0.5950000000,3625,0.0000725000
0.7850000000,0.6050000000,3758,0.0000751600
0.7850000000,0.6150000000,3735,0.0000747000
0.7850000000,0.6250000000,3696,0.0000739200
0.7850000000,0.6350000000,3675,0.0000735000
0.7850000000,0.6450000000,3737,0.0000747400
0.7850000000,0.6550000000,3692,0.0000738400
0.7850000000,0.6650000000,3789,0.0000757800
0.7850000000,0.6750000000,3908,0.0000781600
0.7850000000,0.6850000000,3793,0.0000758600
0.7850000000,0.6950000000,3810,0.0000762000
0.7850000000,0.7050000000,3890,0.0000778000
0.7850000000,0.7150000000,3921,0.0000784200
0.7850000000,0.7250000000,3974,0.0000794800
0.7850000000,0.7350000000,3943,0.0000788600
0.7850000000,0.7450000000,4030,0.0000806000
0.7850000000,0.7550000000,4076,0.0000815200
0.7850000000,0.7650000000,4069,0.0000813800
0.7850000000,0.7750000000,4174,0.0000834800
0.7850000000,0.7850000000,4212,0.0000842400
0.7850000000,0.7950000000,4314,0.0000862800
0.7850000000,0.8050000000,4489,0.0000897800
0.7850000000,0.8150000000,4558,0.0000911600
0.7850000000,0.8250000000,4653,0.0000930600
0.7850000000,0.8350000000,4686,0.0000937200
0.7850000000,0.8450000000,4710,0.0000942000
0.7850000000,0.8550000000,5053,0.0001010600
0.7850000000,0.8650000000,5142,0.0001028400
0.7850000000,0.8750000000,5356,0.0001071200
0.7850000000,0.8850000000,5540,0.0001108000
0.7850000000,0.8950000000,5598,0.0001119600
0.7850000000,0.9050000000,6086,0.0001217200
0.7850000000,0.9150000000,6355,0.0001271000
0.7850000000,0.9250000000,6790,0.0001358000
0.7850000000,0.9350000000,7415,0.0001483000
0.7850000000,0.9450000000,7809,0.0001561800
0.7850000000,0.9550000000,9062,0.0001812400
0.7850000000,0.9650000000,10343,0.0002068600
0.7850000000,0.9750000000,12734,0.0002546800
0.7850000000,0.9850000000,19833,0.0003966600
0.7850000000,0.9950000000,18919,0.0003783800
0.7950000000,0.0050000000,0,0.0000000000
0.7950000000,0.0150000000,0,0.0000000000
0.7950000000,0.0250000000,0,0.0000000000
0.7950000000,0.0350000000,0,0.0000000000
0.7950000000,0.0450000000,0,0.0000000000
0.7950000000,0.0550000000,0,0.0000000000
0.7950000000,0.0650000000,0,0.0000000000
0.7950000000,0.0750000000,0,0.0000000000
0.7950000000,0.0850000000,0,0.0000000000
0.7950000000,0.0950000000,0,0.0000000000
0.7950000000,0.1050000000,0,0.0000000000
0.7950000000,0.1150000000,0,0.0000000000
0.7950000000,0.1250000000,0,0.0000000000
0.7950000000,0.1350000000,0,0.0000000000
0.7950000000,0.1450000000,0,0.0000000000
0.7950000000,0.1550000000,0,0.0000000000
0.7950000000,0.1650000000,0,0.0000000000
0.7950000000,0.1750000000,0,0.0000000000
0.7950000000,0.1850000000,0,0.0000000000
0.7950000000,0.1950000000,0,0.0000000000
0.7950000000,0.2050000000,62,0.0000012400
0.7950000000,0.2150000000,804,0.0000160800
0.7950000000,0.2250000000,1714,0.0000342800
0.7950000000,0.2350000000,2448,0.0000489600
0.7950000000,0.2450000000,2937,0.0000587400
0.7950000000,0.2550000000,3480,0.0000696000
0.7950000000,0.2650000000,3740,0.0000748000
0.7950000000,0.2750000000,4004,0.0000800800
0.7950000000,0.2850000000,4254,0.0000850800
0.7950000000,0.2950000000,4289,0.0000857800
0.7950000000,0.3050000000,4371,0.0000874200
0.7950000000,0.3150000000,4569,0.0000913800
0.7950000000,0.3250000000,4414,0.0000882800
0.7950000000,0.3350000000,4357,0.0000871400
0.7950000000,0.3450000000,4308,0.0000861600
0.7950000000,0.3550000000,4178,0.0000835600
0.7950000000,0.3650000000,4051,0.0000810200
0.7950000000,0.3750000000,4059,0.0000811800
0.7950000000,0.3850000000,3963,0.0000792600
0.7950000000,0.3950000000,3996,0.0000799200
0.7950000000,0.4050000000,4020,0.0000804000
0.7950000000,0.4150000000,3828,0.0000765600
0.7950000000,0.4250000000,4024,0.0000804800
0.7950000000,0.4350000000,3886,0.0000777200
0.7950000000,0.4450000000,3833,0.0000766600
0.7950000000,0.4550000000,3627,0.0000725400
0.7950000000,0.4650000000,3837,0.0000767400
0.7950000000,0.4750000000,3787,0.0000757400
0.7950000000,0.4850000000,3990,0.0000798000
0.7950000000,0.4950000000,3753,0.0000750600
0.7950000000,0.5050000000,3807,0.0000761400
0.7950000000,0.5150000000,3775,0.0000755000
0.7950000000,0.5250000000,3802,0.0000760400
0.7950000000,0.5350000000,3677,0.0000735400
0.7950000000,0.5450000000,3799,0.0000759800
0.7950000000,0.5550000000,3770,0.0000754000
0.7950000000,0.5650000000,3760,0.0000752000
0.7950000000,0.5750000000,3674,0.0000734800
0.7950000000,0.5850000000,3847,0.0000769400
0.7950000000,0.5950000000,3709,0.0000741800
0.7950000000,0.6050000000,3669,0.0000733800
0.7950000000,0.6150000000,3706,0.0000741200
0.7950000000,0.6250000000,3668,0.0000733600
0.7950000000,0.6350000000,3804,0.0000760800
0.7950000000,0.6450000000,3712,0.0000742400
0.7950000000,0.6550000000,3868,0.0000773600
0.7950000000,0.6650000000,3745,0.0000749000
0.7950000000,0.6750000000,3900,0.0000780000
0.7950000000,0.6850000000,3799,0.0000759800
0.7950000000,0.6950000000,3887,0.0000777400
0.7950000000,0.7050000000,4017,0.0000803400
0.7950000000,0.7150000000,3899,0.0000779800
0.7950000000,0.7250000000,4047,0.0000809400
0.7950000000,0.7350000000,4046,0.0000809200
0.7950000000,0.7450000000,4106,0.0000821200
0.7950000000,0.7550000000,4215,0.0000843000
0.7950000000,0.7650000000,4320,0.0000864000
0.7950000000,0.7750000000,4247,0.0000849400
0.7950000000,0.7850000000,4433,0.0000886600
0.7950000000,0.7950000000,4331,0.0000866200
0.7950000000,0.8050000000,4571,0.0000914200
0.7950000000,0.8150000000,4554,0.0000910800
0.7950000000,0.8250000000,4598,0.0000919600
0.7950000000,0.8350000000,4847,0.0000969400
0.7950000000,0.8450000000,5007,0.0001001400
0.7950000000,0.8550000000,5112,0.0001022400
0.7950000000,0.8650000000,5267,0.0001053400
0.7950000000,0.8750000000,5331,0.0001066200
0.7950000000,0.8850000000,5639,0.0001127800
0.7950000000,0.8950000000,5820,0.0001164000
0.7950000000,0.9050000000,6192,0.0001238400
0.7950000000,0.9150000000,6544,0.0001308800
0.7950000000,0.9250000000,6953,0.0001390600
0.7950000000,0.9350000000,7567,0.0001513400
0.7950000000,0.9450000000,8260,0.0001652000
0.7950000000,0.9550000000,9150,0.0001830000
0.7950000000,0.9650000000,10806,0.0002161200
0.7950000000,0.9750000000,13920,0.0002784000
0.7950000000,0.9850000000,25678,0.0005135600
0.7950000000,0.9950000000,10595,0.0002119000
0.8050000000,0.0050000000,0,0.0000000000
0.8050000000,0.0150000000,0,0.0000000000
0.8050000000,0.0250000000,0,0.0000000000
0.8050000000,0.0350000000,0,0.0000000000
0.8050000000,0.0450000000,0,0.0000000000
0.8050000000,0.0550000000,0,0.0000000000
0.8050000000,0.0650000000,0,0.0000000000
0.8050000000,0.0750000000,0,0.0000000000
0.8050000000,0.0850000000,0,0.0000000000
0.8050000000,0.0950000000,0,0.0000000000
0.8050000000,0.1050000000,0,0.0000000000
0.8050000000,0.1150000000,0,0.0000000000
0.8050000000,0.1250000000,0,0.0000000000
0.8050000000,0.1350000000,0,0.0000000000
0.8050000000,0.1450000000,0,0.0000000000
0.8050000000,0.1550000000,0,0.0000000000
0.8050000000,0.1650000000,0,0.0000000000
0.8050000000,0.1750000000,0,0.0000000000
0.8050000000,0.1850000000,0,0.0000000000
0.8050000000,0.1950000000,0,0.0000000000
0.8050000000,0.2050000000,6,0.0000001200
0.8050000000,0.2150000000,645,0.0000129000
0.8050000000,0.2250000000,1555,0.0000311000
0.8050000000,0.2350000000,2378,0.0000475600
0.8050000000,0.2450000000,3039,0.0000607800
0.8050000000,0.2550000000,3481,0.0000696200
0.8050000000,0.2650000000,3795,0.0000759000
0.8050000000,0.2750000000,4129,0.0000825800
0.8050000000,0.2850000000,4378,0.0000875600
0.8050000000,0.2950000000,4526,0.0000905200
0.8050000000,0.3050000000,4605,0.0000921000
0.8050000000,0.3150000000,4683,0.0000936600
0.8050000000,0.3250000000,4618,0.0000923600
0.8050000000,0.3350000000,4518,0.0000903600
0.8050000000,0.3450000000,4415,0.0000883000
0.8050000000,0.3550000000,4462,0.0000892400
0.8050000000,0.3650000000,4270,0.0000854000
0.8050000000,0.3750000000,4294,0.0000858800
0.8050000000,0.3850000000,4304,0.0000860800
0.8050000000,0.3950000000,4170,0.0000834000
0.8050000000,0.4050000000,4143,0.0000828600
0.8050000000,0.4150000000,3990,0.0000798000
0.8050000000,0.4250000000,3975,0.0000795000
0.8050000000,0.4350000000,4021,0.0000804200
0.8050000000,0.4450000000,3952,0.0000790400
0.8050000000,0.4550000000,3815,0.0000763000
0.8050000000,0.4650000000,3908,0.0000781600
0.8050000000,0.4750000000,3914,0.0000782800
0.8050000000,0.4850000000,3997,0.0000799400
0.8050000000,0.4950000000,3859,0.0000771800
0.8050000000,0.5050000000,3819,0.0000763800
0.8050000000,0.5150000000,3796,0.0000759200
0.8050000000,0.5250000000,3970,0.0000794000
0.8050000000,0.5350000000,3894,0.0000778800
0.8050000000,0.5450000000,3852,0.0000770400
0.8050000000,0.5550000000,3901,0.0000780200
0.8050000000,0.5650000000,3846,0.0000769200
0.8050000000,0.5750000000,3860,0.0000772000
0.8050000000,0.5850000000,3674,0.0000734800
0.8050000000,0.5950000000,3778,0.0000755600
0.8050000000,0.6050000000,3837,0.0000767400
0.8050000000,0.6150000000,3683,0.0000736600
0.8050000000,0.6250000000,3644,0.0000728800
0.8050000000,0.6350000000,3795,0.0000759000
0.8050000000,0.6450000000,3850,0.0000770000
0.8050000000,0.6550000000,3796,0.0000759200
0.8050000000,0.6650000000,3816,0.0000763200
0.8050000000,0.6750000000,3854,0.0000770800
0.8050000000,0.6850000000,3908,0.0000781600
0.8050000000,0.6950000000,4049,0.0000809800
0.8050000000,0.7050000000,4040,0.0000808000
0.8050000000,0.7150000000,4155,0.0000831000
0.8050000000,0.7250000000,4201,0.0000840200
0.8050000000,0.7350000000,4151,0.0000830200
0.8050000000,0.7450000000,4188,0.0000837600
0.8050000000,0.7550000000,4279,0.0000855800
0.8050000000,0.7650000000,4254,0.0000850800
0.8050000000,0.7750000000,4356,0.0000871200
0.8050000000,0.7850000000,4484,0.0000896800
0.8050000000,0.7950000000,4524,0.0000904800
0.8050000000,0.8050000000,4589,0.0000917800
0.8050000000,0.8150000000,4674,0.0000934800
0.8050000000,0.8250000000,4608,0.0000921600
0.8050000000,0.8350000000,4963,0.0000992600
0.8050000000,0.8450000000,5035,0.0001007000
0.8050000000,0.8550000000,5125,0.0001025000
0.8050000000,0.8650000000,5210,0.0001042000
0.8050000000,0.8750000000,5512,0.0001102400
0.8050000000,0.8850000000,5580,0.0001116000
0.8050000000,0.8950000000,5968,0.0001193600
0.8050000000,0.9050000000,6268,0.0001253600
0.8050000000,0.9150000000,6661,0.0001332200
0.8050000000,0.9250000000,7156,0.0001431200
0.8050000000,0.9350000000,7705,0.0001541000
0.8050000000,0.9450000000,8592,0.0001718400
0.8050000000,0.9550000000,9586,0.0001917200
0.8050000000,0.9650000000,11668,0.0002333600
0.8050000000,0.9750000000,15203,0.0003040600
0.8050000000,0.9850000000,32627,0.0006525400
0.8050000000,0.9950000000,0,0.0000000000
0.8150000000,0.0050000000,0,0.0000000000
0.8150000000,0.0150000000,0,0.0000000000
0.8150000000,0.0250000000,0,0.0000000000
0.8150000000,0.0350000000,0,0.0000000000
0.8150000000,0.0450000000,0,0.0000000000
0.8150000000,0.0550000000,0,0.0000000000
0.8150000000,0.0650000000,0,0.0000000000
0.8150000000,0.0750000000,0,0.0000000000
0.8150000000,0.0850000000,0,0.0000000000
0.8150000000,0.0950000000,0,0.0000000000
0.8150000000,0.1050000000,0,0.0000000000
0.8150000000,0.1150000000,0,0.0000000000
0.8150000000,0.1250000000,0,0.0000000000
0.8150000000,0.1350000000,0,0.0000000000
0.8150000000,0.1450000000,0,0.0000000000
0.8150000000,0.1550000000,0,0.0000000000
0.8150000000,0.1650000000,0,0.0000000000
0.8150000000,0.1750000000,0,0.0000000000
0.8150000000,0.1850000000,0,0.0000000000
0.8150000000,0.1950000000,0,0.0000000000
0.8150000000,0.2050000000,0,0.0000000000
0.8150000000,0.2150000000,396,0.0000079200
0.8150000000,0.2250000000,1512,0.0000302400
0.8150000000,0.2350000000,2406,0.0000481200
0.8150000000,0.2450000000,3089,0.0000617800
0.8150000000,0.2550000000,3546,0.0000709200
0.8150000000,0.2650000000,3844,0.0000768800
0.8150000000,0.2750000000,4287,0.0000857400
0.8150000000,0.2850000000,4463,0.0000892600
0.8150000000,0.2950000000,4685,0.0000937000
0.8150000000,0.3050000000,4729,0.0000945800
0.8150000000,0.3150000000,4912,0.0000982400
0.8150000000,0.3250000000,4858,0.0000971600
0.8150000000,0.3350000000,4839,0.0000967800
0.8150000000,0.3450000000,4818,0.0000963600
0.8150000000,0.3550000000,4670,0.0000934000
0.8150000000,0.3650000000,4500,0.0000900000
0.8150000000,0.3750000000,4513,0.0000902600
0.8150000000,0.3850000000,4281,0.0000856200
0.8150000000,0.3950000000,4425,0.0000885000
0.8150000000,0.4050000000,4429,0.0000885800
0.8150000000,0.4150000000,4109,0.0000821800
0.8150000000,0.4250000000,4211,0.0000842200
0.8150000000,0.4350000000,4121,0.0000824200
0.8150000000,0.4450000000,4054,0.0000810800
0.8150000000,0.4550000000,4062,0.0000812400
0.8150000000,0.4650000000,4054,0.0000810800
0.8150000000,0.4750000000,3853,0.0000770600
0.8150000000,0.4850000000,3966,0.0000793200
0.8150000000,0.4950000000,3940,0.0000788000
0.8150000000,0.5050000000,3858,0.0000771600
0.8150000000,0.5150000000,4022,0.0000804400
0.8150000000,0.5250000000,3906,0.0000781200
0.8150000000,0.5350000000,3914,0.0000782800
0.8150000000,0.5450000000,3900,0.0000780000
0.8150000000,0.5550000000,3890,0.0000778000
0.8150000000,0.5650000000,4031,0.0000806200
0.8150000000,0.5750000000,3876,0.0000775200
0.8150000000,0.5850000000,3818,0.0000763600
0.8150000000,0.5950000000,3913,0.0000782600
0.8150000000,0.6050000000,3822,0.0000764400
0.8150000000,0.6150000000,3843,0.0000768600
0.8150000000,0.6250000000,3865,0.0000773000
0.8150000000,0.6350000000,3900,0.0000780000
0.8150000000,0.6450000000,3978,0.0000795600
0.8150000000,0.6550000000,3980,0.0000796000
0.8150000000,0.6650000000,3842,0.0000768400
0.8150000000,0.6750000000,4059,0.0000811800
0.8150000000,0.6850000000,3979,0.0000795800
0.8150000000,0.6950000000,4038,0.0000807600
0.8150000000,0.7050000000,4059,0.0000811800
0.8150000000,0.7150000000,4068,0.0000813600
0.8150000000,0.7250000000,4135,0.0000827000
0.8150000000,0.7350000000,4235,0.0000847000
0.8150000000,0.7450000000,4319,0.0000863800
0.8150000000,0.7550000000,4395,0.0000879000
0.8150000000,0.7650000000,4378,0.0000875600
0.8150000000,0.7750000000,4470,0.0000894000
0.8150000000,0.7850000000,4390,0.0000878000
0.8150000000,0.7950000000,4625,0.0000925000
0.8150000000,0.8050000000,4728,0.0000945600
0.8150000000,0.8150000000,4894,0.0000978800
0.8150000000,0.8250000000,4717,0.0000943400
0.8150000000,0.8350000000,5134,0.0001026800
0.8150000000,0.8450000000,5047,0.0001009400
0.8150000000,0.8550000000,5160,0.0001032000
0.8150000000,0.8650000000,5434,0.0001086800
0.8150000000,0.8750000000,5584,0.0001116800
0.8150000000,0.8850000000,5943,0.0001188600
0.8150000000,0.8950000000,6276,0.0001255200
0.8150000000,0.9050000000,6483,0.0001296600
0.8150000000,0.9150000000,6929,0.0001385800
0.8150000000,0.9250000000,7396,0.0001479200
0.8150000000,0.9350000000,8037,0.0001607400
0.8150000000,0.9450000000,9042,0.0001808400
0.8150000000,0.9550000000,10147,0.0002029400
0.8150000000,0.9650000000,12521,0.0002504200
0.8150000000,0.9750000000,17425,0.0003485000
0.8150000000,0.9850000000,27299,0.0005459800
0.8150000000,0.9950000000,0,0.0000000000
0.8250000000,0.0050000000,0,0.0000000000
0.8250000000,0.0150000000,0,0.0000000000
0.8250000000,0.0250000000,0,0.0000000000
0.8250000000,0.0350000000,0,0.0000000000
0.8250000000,0.0450000000,0,0.0000000000
0.8250000000,0.0550000000,0,0.0000000000
0.8250000000,0.0650000000,0,0.0000000000
0.8250000000,0.0750000000,0,0.0000000000
0.8250000000,0.0850000000,0,0.0000000000
0.8250000000,0.0950000000,0,0.0000000000
0.8250000000,0.1050000000,0,0.0000000000
0.8250000000,0.1150000000,0,0.0000000000
0.8250000000,0.1250000000,0,0.0000000000
0.8250000000,0.1350000000,0,0.0000000000
0.8250000000,0.1450000000,0,0.0000000000
0.8250000000,0.1550000000,0,0.0000000000
0.8250000000,0.1650000000,0,0.0000000000
0.8250000000,0.1750000000,0,0.0000000000
0.8250000000,0.1850000000,0,0.0000000000
0.8250000000,0.1950000000,0,0.0000000000
0.8250000000,0.2050000000,0,0.0000000000
0.8250000000,0.2150000000,218,0.0000043600
0.8250000000,0.2250000000,1459,0.0000291800
0.8250000000,0.2350000000,2449,0.0000489800
0.8250000000,0.2450000000,3213,0.0000642600
0.8250000000,0.2550000000,3823,0.0000764600
0.8250000000,0.2650000000,4269,0.0000853800
0.8250000000,0.2750000000,4483,0.0000896600
0.8250000000,0.2850000000,4881,0.0000976200
0.8250000000,0.2950000000,4950,0.0000990000
0.8250000000,0.3050000000,4951,0.0000990200
0.8250000000,0.3150000000,5119,0.0001023800
0.8250000000,0.3250000000,5034,0.0001006800
0.8250000000,0.3350000000,5075,0.0001015000
0.8250000000,0.3450000000,5057,0.0001011400
0.8250000000,0.3550000000,4766,0.0000953200
0.8250000000,0.3650000000,4669,0.0000933800
0.8250000000,0.3750000000,4717,0.0000943400
0.8250000000,0.3850000000,4540,0.0000908000
0.8250000000,0.3950000000,4480,0.0000896000
0.8250000000,0.4050000000,4520,0.0000904000
0.8250000000,0.4150000000,4416,0.0000883200
0.8250000000,0.4250000000,4301,0.0000860200
0.8250000000,0.4350000000,4445,0.0000889000
0.8250000000,0.4450000000,4207,0.0000841400
0.8250000000,0.4550000000,4274,0.0000854800
0.8250000000,0.4650000000,4036,0.0000807200
0.8250000000,0.4750000000,4213,0.0000842600
0.8250000000,0.4850000000,4060,0.0000812000
0.8250000000,0.4950000000,4166,0.0000833200
0.8250000000,0.5050000000,4041,0.0000808200
0.8250000000,0.5150000000,4090,0.0000818000
0.8250000000,0.5250000000,4220,0.0000844000
0.8250000000,0.5350000000,4015,0.0000803000
0.8250000000,0.5450000000,4058,0.0000811600
0.8250000000,0.5550000000,4009,0.0000801800
0.8250000000,0.5650000000,4029,0.0000805800
0.8250000000,0.5750000000,4120,0.0000824000
0.8250000000,0.5850000000,3851,0.0000770200
0.8250000000,0.5950000000,3947,0.0000789400
0.8250000000,0.6050000000,4075,0.0000815000
0.8250000000,0.6150000000,3965,0.0000793000
0.8250000000,0.6250000000,3873,0.0000774600
0.8250000000,0.6350000000,4013,0.0000802600
0.8250000000,0.6450000000,4011,0.0000802200
0.8250000000,0.6550000000,4032,0.0000806400
0.8250000000,0.6650000000,4068,0.0000813600
0.8250000000,0.6750000000,4070,0.0000814000
0.8250000000,0.6850000000,4176,0.0000835200
0.8250000000,0.6950000000,4188,0.0000837600
0.8250000000,0.7050000000,4184,0.0000836800
0.8250000000,0.7150000000,4300,0.0000860000
0.8250000000,0.7250000000,4300,0.0000860000
0.8250000000,0.7350000000,4254,0.0000850800
0.8250000000,0.7450000000,4380,0.0000876000
0.8250000000,0.7550000000,4573,0.0000914600
0.8250000000,0.7650000000,4563,0.0000912600
0.8250000000,0.7750000000,4562,0.0000912400
0.8250000000,0.7850000000,4607,0.0000921400
0.8250000000,0.7950000000,4701,0.0000940200
0.8250000000,0.8050000000,4971,0.0000994200
0.8250000000,0.8150000000,4913,0.0000982600
0.8250000000,0.8250000000,4860,0.0000972000
0.8250000000,0.8350000000,5157,0.0001031400
0.8250000000,0.8450000000,5291,0.0001058200
0.8250000000,0.8550000000,5467,0.0001093400
0.8250000000,0.8650000000,5633,0.0001126600
0.8250000000,0.8750000000,5835,0.0001167000
0.8250000000,0.8850000000,6276,0.0001255200
0.8250000000,0.8950000000,6313,0.0001262600
0.8250000000,0.9050000000,6756,0.0001351200
0.8250000000,0.9150000000,7147,0.0001429400
0.8250000000,0.9250000000,7725,0.0001545000
0.8250000000,0.9350000000,8358,0.0001671600
0.8250000000,0.9450000000,9282,0.0001856400
0.8250000000,0.9550000000,10941,0.0002188200
0.8250000000,0.9650000000,13552,0.0002710400
0.8250000000,0.9750000000,21521,0.0004304200
0.8250000000,0.9850000000,19176,0.0003835200
0.8250000000,0.9950000000,0,0.0000000000
0.8350000000,0.0050000000,0,0.0000000000
0.8350000000,0.0150000000,0,0.0000000000
0.8350000000,0.0250000000,0,0.0000000000
0.8350000000,0.0350000000,0,0.0000000000
0.8350000000,0.0450000000,0,0.0000000000
0.8350000000,0.0550000000,0,0.0000000000
0.8350000000,0.0650000000,0,0.0000000000
0.8350000000,0.0750000000,0,0.0000000000
0.8350000000,0.0850000000,0,0.0000000000
0.8350000000,0.0950000000,0,0.0000000000
0.8350000000,0.1050000000,0,0.0000000000
0.8350000000,0.1150000000,0,0.0000000000
0.8350000000,0.1250000000,0,0.0000000000
0.8350000000,0.1350000000,0,0.0000000000
0.8350000000,0.1450000000,0,0.0000000000
0.8350000000,0.1550000000,0,0.0000000000
0.8350000000,0.1650000000,0,0.0000000000
0.8350000000,0.1750000000,0,0.0000000000
0.8350000000,0.1850000000,0,0.0000000000
0.8350000000,0.1950000000,0,0.0000000000
0.8350000000,0.2050000000,0,0.0000000000
0.8350000000,0.2150000000,92,0.0000018400
0.8350000000,0.2250000000,1401,0.0000280200
0.8350000000,0.2350000000,2705,0.0000541000
0.8350000000,0.2450000000,3497,0.0000699400
0.8350000000,0.2550000000,4061,0.0000812200
0.8350000000,0.2650000000,4522,0.0000904400
0.8350000000,0.2750000000,4825,0.0000965000
0.8350000000,0.2850000000,5079,0.0001015800
0.8350000000,0.2950000000,5256,0.0001051200
0.8350000000,0.3050000000,5351,0.0001070200
0.8350000000,0.3150000000,5464,0.0001092800
0.8350000000,0.3250000000,5512,0.0001102400
0.8350000000,0.3350000000,5350,0.0001070000
0.8350000000,0.3450000000,5336,0.0001067200
0.8350000000,0.3550000000,5281,0.0001056200
0.8350000000,0.3650000000,5018,0.0001003600
0.8350000000,0.3750000000,4850,0.0000970000
0.8350000000,0.3850000000,4773,0.0000954600
0.8350000000,0.3950000000,4820,0.0000964000
0.8350000000,0.4050000000,4678,0.0000935600
0.8350000000,0.4150000000,4645,0.0000929000
0.8350000000,0.4250000000,4675,0.0000935000
0.8350000000,0.4350000000,4393,0.0000878600
0.8350000000,0.4450000000,4427,0.0000885400
0.8350000000,0.4550000000,4324,0.0000864800
0.8350000000,0.4650000000,4410,0.0000882000
0.8350000000,0.4750000000,4298,0.0000859600
0.8350000000,0.4850000000,4245,0.0000849000
0.8350000000,0.4950000000,4080,0.0000816000
0.8350000000,0.5050000000,4197,0.0000839400
0.8350000000,0.5150000000,4130,0.0000826000
0.8350000000,0.5250000000,4153,0.0000830600
0.8350000000,0.5350000000,4124,0.0000824800
0.8350000000,0.5450000000,4065,0.0000813000
0.8350000000,0.5550000000,4087,0.0000817400
0.8350000000,0.5650000000,4049,0.0000809800
0.8350000000,0.5750000000,4076,0.0000815200
0.8350000000,0.5850000000,4151,0.0000830200
0.8350000000,0.5950000000,4134,0.0000826800
0.8350000000,0.6050000000,4093,0.0000818600
0.8350000000,0.6150000000,4077,0.0000815400
0.8350000000,0.6250000000,4032,0.0000806400
0.8350000000,0.6350000000,4030,0.0000806000
0.8350000000,0.6450000000,4080,0.0000816000
0.8350000000,0.6550000000,4149,0.0000829800
0.8350000000,0.6650000000,4240,0.0000848000
0.8350000000,0.6750000000,4163,0.0000832600
0.8350000000,0.6850000000,4194,0.0000838800
0.8350000000,0.6950000000,4263,0.0000852600
0.8350000000,0.7050000000,4328,0.0000865600
0.8350000000,0.7150000000,4332,0.0000866400
0.8350000000,0.7250000000,4296,0.0000859200
0.8350000000,0.7350000000,4415,0.0000883000
0.8350000000,0.7450000000,4459,0.0000891800
0.8350000000,0.7550000000,4572,0.0000914400
0.8350000000,0.7650000000,4486,0.0000897200
0.8350000000,0.7750000000,4753,0.0000950600
0.8350000000,0.7850000000,4849,0.0000969800
0.8350000000,0.7950000000,4897,0.0000979400
0.8350000000,0.8050000000,4841,0.0000968200
0.8350000000,0.8150000000,4963,0.0000992600
0.8350000000,0.8250000000,5186,0.0001037200
0.8350000000,0.8350000000,5344,0.0001068800
0.8350000000,0.8450000000,5252,0.0001050400
0.8350000000,0.8550000000,5525,0.0001105000
0.8350000000,0.8650000000,5796,0.0001159200
0.8350000000,0.8750000000,6012,0.0001202400
0.8350000000,0.8850000000,6310,0.0001262000
0.8350000000,0.8950000000,6545,0.0001309000
0.8350000000,0.9050000000,7148,0.0001429600
0.8350000000,0.9150000000,7434,0.0001486800
0.8350000000,0.9250000000,7999,0.0001599800
0.8350000000,0.9350000000,8810,0.0001762000
0.8350000000,0.9450000000,10025,0.0002005000
0.8350000000,0.9550000000,11494,0.0002298800
0.8350000000,0.9650000000,15565,0.0003113000
0.8350000000,0.9750000000,31627,0.0006325400
0.8350000000,0.9850000000,3233,0.0000646600
0.8350000000,0.9950000000,0,0.0000000000
0.8450000000,0.0050000000,0,0.0000000000
0.8450000000,0.0150000000,0,0.0000000000
0.8450000000,0.0250000000,0,0.0000000000
0.8450000000,0.0350000000,0,0.0000000000
0.8450000000,0.0450000000,0,0.0000000000
0.8450000000,0.0550000000,0,0.0000000000
0.8450000000,0.0650000000,0,0.0000000000
0.8450000000,0.0750000000,0,0.0000000000
0.8450000000,0.0850000000,0,0.0000000000
0.8450000000,0.0950000000,0,0.0000000000
0.8450000000,0.1050000000,0,0.0000000000
0.8450000000,0.1150000000,0,0.0000000000
0.8450000000,0.1250000000,0,0.0000000000
0.8450000000,0.1350000000,0,0.0000000000
0.8450000000,0.1450000000,0,0.0000000000
0.8450000000,0.1550000000,0,0.0000000000
0.8450000000,0.1650000000,0,0.0000000000
0.8450000000,0.1750000000,0,0.0000000000
0.8450000000,0.1850000000,0,0.0000000000
0.8450000000,0.1950000000,0,0.0000000000
0.8450000000,0.2050000000,0,0.0000000000
0.8450000000,0.2150000000,3,0.0000000600
0.8450000000,0.2250000000,1905,0.0000381000
0.8450000000,0.2350000000,3423,0.0000684600
0.8450000000,0.2450000000,4159,0.0000831800
0.8450000000,0.2550000000,4694,0.0000938800
0.8450000000,0.2650000000,5170,0.0001034000
0.8450000000,0.2750000000,5459,0.0001091800
0.8450000000,0.2850000000,5654,0.0001130800
0.8450000000,0.2950000000,5930,0.0001186000
0.8450000000,0.3050000000,5875,0.0001175000
0.8450000000,0.3150000000,5735,0.0001147000
0.8450000000,0.3250000000,5879,0.0001175800
0.8450000000,0.3350000000,5779,0.0001155800
0.8450000000,0.3450000000,5759,0.0001151800
0.8450000000,0.3550000000,5503,0.0001100600
0.8450000000,0.3650000000,5356,0.0001071200
0.8450000000,0.3750000000,5163,0.0001032600
0.8450000000,0.3850000000,5159,0.0001031800
0.8450000000,0.3950000000,4967,0.0000993400
0.8450000000,0.4050000000,4952,0.0000990400
0.8450000000,0.4150000000,4806,0.0000961200
0.8450000000,0.4250000000,4696,0.0000939200
0.8450000000,0.4350000000,4619,0.0000923800
0.8450000000,0.4450000000,4666,0.0000933200
0.8450000000,0.4550000000,4475,0.0000895000
0.8450000000,0.4650000000,4582,0.0000916400
0.8450000000,0.4750000000,4381,0.0000876200
0.8450000000,0.4850000000,4351,0.0000870200
0.8450000000,0.4950000000,4259,0.0000851800
0.8450000000,0.5050000000,4440,0.0000888000
0.8450000000,0.5150000000,4354,0.0000870800
0.8450000000,0.5250000000,4271,0.0000854200
0.8450000000,0.5350000000,4129,0.0000825800
0.8450000000,0.5450000000,4226,0.0000845200
0.8450000000,0.5550000000,4320,0.0000864000
0.8450000000,0.5650000000,4284,0.0000856800
0.8450000000,0.5750000000,4163,0.0000832600
0.8450000000,0.5850000000,4157,0.0000831400
0.8450000000,0.5950000000,4114,0.0000822800
0.8450000000,0.6050000000,4232,0.0000846400
0.8450000000,0.6150000000,4318,0.0000863600
0.8450000000,0.6250000000,4248,0.0000849600
0.8450000000,0.6350000000,4260,0.0000852000
0.8450000000,0.6450000000,4131,0.0000826200
0.8450000000,0.6550000000,4331,0.0000866200
0.8450000000,0.6650000000,4175,0.0000835000
0.8450000000,0.6750000000,4304,0.0000860800
0.8450000000,0.6850000000,4333,0.0000866600
0.8450000000,0.6950000000,4375,0.0000875000
0.8450000000,0.7050000000,4549,0.0000909800
0.8450000000,0.7150000000,4352,0.0000870400
0.8450000000,0.7250000000,4548,0.0000909600
0.8450000000,0.7350000000,4432,0.0000886400
0.8450000000,0.7450000000,4578,0.0000915600
0.8450000000,0.7550000000,4535,0.0000907000
0.8450000000,0.7650000000,4759,0.0000951800
0.8450000000,0.7750000000,4874,0.0000974800
0.8450000000,0.7850000000,4756,0.0000951200
0.8450000000,0.7950000000,4956,0.0000991200
0.8450000000,0.8050000000,5117,0.0001023400
0.8450000000,0.8150000000,5179,0.0001035800
0.8450000000,0.8250000000,5392,0.0001078400
0.8450000000,0.8350000000,5451,0.0001090200
0.8450000000,0.8450000000,5567,0.0001113400
0.8450000000,0.8550000000,5773,0.0001154600
0.8450000000,0.8650000000,5976,0.0001195200
0.8450000000,0.8750000000,6133,0.0001226600
0.8450000000,0.8850000000,6594,0.0001318800
0.8450000000,0.8950000000,6891,0.0001378200
0.8450000000,0.9050000000,7242,0.0001448400
0.8450000000,0.9150000000,7764,0.0001552800
0.8450000000,0.9250000000,8299,0.0001659800
0.8450000000,0.9350000000,9334,0.0001866800
0.8450000000,0.9450000000,10782,0.0002156400
0.8450000000,0.9550000000,12996,0.0002599200
0.8450000000,0.9650000000,18785,0.0003757000
0.8450000000,0.9750000000,27247,0.0005449400
0.8450000000,0.9850000000,0,0.0000000000
0.8450000000,0.9950000000,0,0.0000000000
0.8550000000,0.0050000000,0,0.0000000000
0.8550000000,0.0150000000,0,0.0000000000
0.8550000000,0.0250000000,0,0.0000000000
0.8550000000,0.0350000000,0,0.0000000000
0.8550000000,0.0450000000,0,0.0000000000
0.8550000000,0.0550000000,0,0.0000000000
0.8550000000,0.0650000000,0,0.0000000000
0.8550000000,0.0750000000,0,0.0000000000
0.8550000000,0.0850000000,0,0.0000000000
0.8550000000,0.0950000000,0,0.0000000000
0.8550000000,0.1050000000,0,0.0000000000
0.8550000000,0.1150000000,0,0.0000000000
0.8550000000,0.1250000000,0,0.0000000000
0.8550000000,0.1350000000,0,0.0000000000
0.8550000000,0.1450000000,0,0.0000000000
0.8550000000,0.1550000000,0,0.0000000000
0.8550000000,0.1650000000,0,0.0000000000
0.8550000000,0.1750000000,0,0.0000000000
0.8550000000,0.1850000000,0,0.0000000000
0.8550000000,0.1950000000,0,0.0000000000
0.8550000000,0.2050000000,0,0.0000000000
0.8550000000,0.2150000000,0,0.0000000000
0.8550000000,0.2250000000,91,0.0000018200
0.8550000000,0.2350000000,3088,0.0000617600
0.8550000000,0.2450000000,7649,0.0001529800
0.8550000000,0.2550000000,6729,0.0001345800
0.8550000000,0.2650000000,6244,0.0001248800
0.8550000000,0.2750000000,6330,0.0001266000
0.8550000000,0.2850000000,6525,0.0001305000
0.8550000000,0.2950000000,6462,0.0001292400
0.8550000000,0.3050000000,6447,0.0001289400
0.8550000000,0.3150000000,6323,0.0001264600
0.8550000000,0.3250000000,6427,0.0001285400
0.8550000000,0.3350000000,6131,0.0001226200
0.8550000000,0.3450000000,6162,0.0001232400
0.8550000000,0.3550000000,5935,0.0001187000
0.8550000000,0.3650000000,5682,0.0001136400
0.8550000000,0.3750000000,5566,0.0001113200
0.8550000000,0.3850000000,5492,0.0001098400
0.8550000000,0.3950000000,5364,0.0001072800
0.8550000000,0.4050000000,5346,0.0001069200
0.8550000000,0.4150000000,5053,0.0001010600
0.8550000000,0.4250000000,4985,0.0000997000
0.8550000000,0.4350000000,4967,0.0000993400
0.8550000000,0.4450000000,4787,0.0000957400
0.8550000000,0.4550000000,4816,0.0000963200
0.8550000000,0.4650000000,4687,0.0000937400
0.8550000000,0.4750000000,4620,0.0000924000
0.8550000000,0.4850000000,4597,0.0000919400
0.8550000000,0.4950000000,4603,0.0000920600
0.8550000000,0.5050000000,4533,0.0000906600
0.8550000000,0.5150000000,4404,0.0000880800
0.8550000000,0.5250000000,4499,0.0000899800
0.8550000000,0.5350000000,4466,0.0000893200
0.8550000000,0.5450000000,4439,0.0000887800
0.8550000000,0.5550000000,4332,0.0000866400
0.8550000000,0.5650000000,4408,0.0000881600
0.8550000000,0.5750000000,4387,0.0000877400
0.8550000000,0.5850000000,4336,0.0000867200
0.8550000000,0.5950000000,4468,0.0000893600
0.8550000000,0.6050000000,4469,0.0000893800
0.8550000000,0.6150000000,4336,0.0000867200
0.8550000000,0.6250000000,4407,0.0000881400
0.8550000000,0.6350000000,4446,0.0000889200
0.8550000000,0.6450000000,4384,0.0000876800
0.8550000000,0.6550000000,4401,0.0000880200
0.8550000000,0.6650000000,4359,0.0000871800
0.8550000000,0.6750000000,4455,0.0000891000
0.8550000000,0.6850000000,4421,0.0000884200
0.8550000000,0.6950000000,4513,0.0000902600
0.8550000000,0.7050000000,4484,0.0000896800
0.8550000000,0.7150000000,4538,0.0000907600
0.8550000000,0.7250000000,4610,0.0000922000
0.8550000000,0.7350000000,4644,0.0000928800
0.8550000000,0.7450000000,4724,0.0000944800
0.8550000000,0.7550000000,4700,0.0000940000
0.8550000000,0.7650000000,4875,0.0000975000
0.8550000000,0.7750000000,4948,0.0000989600
0.8550000000,0.7850000000,4785,0.0000957000
0.8550000000,0.7950000000,5065,0.0001013000
0.8550000000,0.8050000000,5037,0.0001007400
0.8550000000,0.8150000000,5290,0.0001058000
0.8550000000,0.8250000000,5447,0.0001089400
0.8550000000,0.8350000000,5486,0.0001097200
0.8550000000,0.8450000000,5858,0.0001171600
0.8550000000,0.8550000000,5907,0.0001181400
0.8550000000,0.8650000000,6181,0.0001236200
0.8550000000,0.8750000000,6345,0.0001269000
0.8550000000,0.8850000000,6674,0.0001334800
0.8550000000,0.8950000000,7224,0.0001444800
0.8550000000,0.9050000000,7521,0.0001504200
0.8550000000,0.9150000000,8061,0.0001612200
0.8550000000,0.9250000000,8828,0.0001765600
0.8550000000,0.9350000000,10060,0.0002012000
0.8550000000,0.9450000000,11687,0.0002337400
0.8550000000,0.9550000000,15056,0.0003011200
0.8550000000,0.9650000000,27834,0.0005566800
0.8550000000,0.9750000000,11512,0.0002302400
0.8550000000,0.9850000000,0,0.0000000000
0.8550000000,0.9950000000,0,0.0000000000
0.8650000000,0.0050000000,0,0.0000000000
0.8650000000,0.0150000000,0,0.0000000000
0.8650000000,0.0250000000,0,0.0000000000
0.8650000000,0.0350000000,0,0.0000000000
0.8650000000,0.0450000000,0,0.0000000000
0.8650000000,0.0550000000,0,0.0000000000
0.8650000000,0.0650000000,0,0.0000000000
0.8650000000,0.0750000000,0,0.0000000000
0.8650000000,0.0850000000,0,0.0000000000
0.8650000000,0.0950000000,0,0.0000000000
0.8650000000,0.1050000000,0,0.0000000000
0.8650000000,0.1150000000,0,0.0000000000
0.8650000000,0.1250000000,0,0.0000000000
0.8650000000,0.1350000000,0,0.0000000000
0.8650000000,0.1450000000,0,0.0000000000
0.8650000000,0.1550000000,0,0.0000000000
0.8650000000,0.1650000000,0,0.0000000000
0.8650000000,0.1750000000,0,0.0000000000
0.8650000000,0.1850000000,0,0.0000000000
0.8650000000,0.1950000000,0,0.0000000000
0.8650000000,0.2050000000,0,0.0000000000
0.8650000000,0.2150000000,0,0.0000000000
0.8650000000,0.2250000000,0,0.0000000000
0.8650000000,0.2350000000,0,0.0000000000
0.8650000000,0.2450000000,669,0.0000133800
0.8650000000,0.2550000000,7069,0.0001413800
0.8650000000,0.2650000000,11935,0.0002387000
0.8650000000,0.2750000000,9180,0.0001836000
0.8650000000,0.2850000000,8025,0.0001605000
0.8650000000,0.2950000000,7899,0.0001579800
0.8650000000,0.3050000000,7575,0.0001515000
0.8650000000,0.3150000000,7149,0.0001429800
0.8650000000,0.3250000000,7258,0.0001451600
0.8650000000,0.3350000000,6779,0.0001355800
0.8650000000,0.3450000000,6793,0.0001358600
0.8650000000,0.3550000000,6495,0.0001299000
0.8650000000,0.3650000000,6298,0.0001259600
0.8650000000,0.3750000000,6103,0.0001220600
0.8650000000,0.3850000000,5814,0.0001162800
0.8650000000,0.3950000000,5770,0.0001154000
0.8650000000,0.4050000000,5599,0.0001119800
0.8650000000,0.4150000000,5414,0.0001082800
0.8650000000,0.4250000000,5272,0.0001054400
0.8650000000,0.4350000000,5064,0.0001012800
0.8650000000,0.4450000000,5018,0.0001003600
0.8650000000,0.4550000000,5002,0.0001000400
0.8650000000,0.4650000000,4932,0.0000986400
0.8650000000,0.4750000000,4859,0.0000971800
0.8650000000,0.4850000000,4728,0.0000945600
0.8650000000,0.4950000000,4838,0.0000967600
0.8650000000,0.5050000000,4702,0.0000940400
0.8650000000,0.5150000000,4639,0.0000927800
0.8650000000,0.5250000000,4631,0.0000926200
0.8650000000,0.5350000000,4699,0.0000939800
0.8650000000,0.5450000000,4551,0.0000910200
0.8650000000,0.5550000000,4537,0.0000907400
0.8650000000,0.5650000000,4627,0.0000925400
0.8650000000,0.5750000000,4512,0.0000902400
0.8650000000,0.5850000000,4447,0.0000889400
0.8650000000,0.5950000000,4532,0.0000906400
0.8650000000,0.6050000000,4508,0.0000901600
0.8650000000,0.6150000000,4486,0.0000897200
0.8650000000,0.6250000000,4527,0.0000905400
0.8650000000,0.6350000000,4389,0.0000877800
0.8650000000,0.6450000000,4524,0.0000904800
0.8650000000,0.6550000000,4399,0.0000879800
0.8650000000,0.6650000000,4597,0.0000919400
0.8650000000,0.6750000000,4571,0.0000914200
0.8650000000,0.6850000000,4616,0.0000923200
0.8650000000,0.6950000000,4510,0.0000902000
0.8650000000,0.7050000000,4661,0.0000932200
0.8650000000,0.7150000000,4804,0.0000960800
0.8650000000,0.7250000000,4771,0.0000954200
0.8650000000,0.7350000000,4743,0.0000948600
0.8650000000,0.7450000000,4755,0.0000951000
0.8650000000,0.7550000000,4825,0.0000965000
0.8650000000,0.7650000000,4947,0.0000989400
0.8650000000,0.7750000000,4985,0.0000997000
0.8650000000,0.7850000000,5227,0.0001045400
0.8650000000,0.7950000000,5291,0.0001058200
0.8650000000,0.8050000000,5263,0.0001052600
0.8650000000,0.8150000000,5396,0.0001079200
0.8650000000,0.8250000000,5643,0.0001128600
0.8650000000,0.8350000000,5666,0.0001133200
0.8650000000,0.8450000000,5936,0.0001187200
0.8650000000,0.8550000000,6228,0.0001245600
0.8650000000,0.8650000000,6435,0.0001287000
0.8650000000,0.8750000000,6911,0.0001382200
0.8650000000,0.8850000000,6922,0.0001384400
0.8650000000,0.8950000000,7413,0.0001482600
0.8650000000,0.9050000000,8004,0.0001600800
0.8650000000,0.9150000000,8775,0.0001755000
0.8650000000,0.9250000000,9550,0.0001910000
0.8650000000,0.9350000000,10937,0.0002187400
0.8650000000,0.9450000000,13106,0.0002621200
0.8650000000,0.9550000000,18622,0.0003724400
0.8650000000,0.9650000000,30245,0.0006049000
0.8650000000,0.9750000000,0,0.0000000000
0.8650000000,0.9850000000,0,0.0000000000
0.8650000000,0.9950000000,0,0.0000000000
0.8750000000,0.0050000000,0,0.0000000000
0.8750000000,0.0150000000,0,0.0000000000
0.8750000000,0.0250000000,0,0.0000000000
0.8750000000,0.0350000000,0,0.0000000000
0.8750000000,0.0450000000,0,0.0000000000
0.8750000000,0.0550000000,0,0.0000000000
0.8750000000,0.0650000000,0,0.0000000000
0.8750000000,0.0750000000,0,0.0000000000
0.8750000000,0.0850000000,0,0.0000000000
0.8750000000,0.0950000000,0,0.0000000000
0.8750000000,0.1050000000,0,0.0000000000
0.8750000000,0.1150000000,0,0.0000000000
0.8750000000,0.1250000000,0,0.0000000000
0.8750000000,0.1350000000,0,0.0000000000
0.8750000000,0.1450000000,0,0.0000000000
0.8750000000,0.1550000000,0,0.0000000000
0.8750000000,0.1650000000,0,0.0000000000
0.8750000000,0.1750000000,0,0.0000000000
0.8750000000,0.1850000000,0,0.0000000000
0.8750000000,0.1950000000,0,0.0000000000
0.8750000000,0.2050000000,0,0.0000000000
0.8750000000,0.2150000000,0,0.0000000000
0.8750000000,0.2250000000,0,0.0000000000
0.8750000000,0.2350000000,0,0.0000000000
0.8750000000,0.2450000000,0,0.0000000000
0.8750000000,0.2550000000,0,0.0000000000
0.8750000000,0.2650000000,1453,0.0000290600
0.8750000000,0.2750000000,10321,0.0002064200
0.8750000000,0.2850000000,15793,0.0003158600
0.8750000000,0.2950000000,11260,0.0002252000
0.8750000000,0.3050000000,9543,0.0001908600
0.8750000000,0.3150000000,8828,0.0001765600
0.8750000000,0.3250000000,8385,0.0001677000
0.8750000000,0.3350000000,8047,0.0001609400
0.8750000000,0.3450000000,7673,0.0001534600
0.8750000000,0.3550000000,7391,0.0001478200
0.8750000000,0.3650000000,6970,0.0001394000
0.8750000000,0.3750000000,6573,0.0001314600
0.8750000000,0.3850000000,6457,0.0001291400
0.8750000000,0.3950000000,6210,0.0001242000
0.8750000000,0.4050000000,6017,0.0001203400
0.8750000000,0.4150000000,5915,0.0001183000
0.8750000000,0.4250000000,5732,0.0001146400
0.8750000000,0.4350000000,5436,0.0001087200
0.8750000000,0.4450000000,5472,0.0001094400
0.8750000000,0.4550000000,5344,0.0001068800
0.8750000000,0.4650000000,5289,0.0001057800
0.8750000000,0.4750000000,5123,0.0001024600
0.8750000000,0.4850000000,5048,0.0001009600
0.8750000000,0.4950000000,5017,0.0001003400
0.8750000000,0.5050000000,4878,0.0000975600
0.8750000000,0.5150000000,5110,0.0001022000
0.8750000000,0.5250000000,4914,0.0000982800
0.8750000000,0.5350000000,4759,0.0000951800
0.8750000000,0.5450000000,4776,0.0000955200
0.8750000000,0.5550000000,4862,0.0000972400
0.8750000000,0.5650000000,4646,0.0000929200
0.8750000000,0.5750000000,4770,0.0000954000
0.8750000000,0.5850000000,4668,0.0000933600
0.8750000000,0.5950000000,4574,0.0000914800
0.8750000000,0.6050000000,4632,0.0000926400
0.8750000000,0.6150000000,4601,0.0000920200
0.8750000000,0.6250000000,4628,0.0000925600
0.8750000000,0.6350000000,4631,0.0000926200
0.8750000000,0.6450000000,4541,0.0000908200
0.8750000000,0.6550000000,4644,0.0000928800
0.8750000000,0.6650000000,4621,0.0000924200
0.8750000000,0.6750000000,4769,0.0000953800
0.8750000000,0.6850000000,4731,0.0000946200
0.8750000000,0.6950000000,4731,0.0000946200
0.8750000000,0.7050000000,4829,0.0000965800
0.8750000000,0.7150000000,4899,0.0000979800
0.8750000000,0.7250000000,4844,0.0000968800
0.8750000000,0.7350000000,5025,0.0001005000
0.8750000000,0.7450000000,5003,0.0001000600
0.8750000000,0.7550000000,4978,0.0000995600
0.8750000000,0.7650000000,5094,0.0001018800
0.8750000000,0.7750000000,5259,0.0001051800
0.8750000000,0.7850000000,5319,0.0001063800
0.8750000000,0.7950000000,5443,0.0001088600
0.8750000000,0.8050000000,5602,0.0001120400
0.8750000000,0.8150000000,5621,0.0001124200
0.8750000000,0.8250000000,5814,0.0001162800
0.8750000000,0.8350000000,5939,0.0001187800
0.8750000000,0.8450000000,6270,0.0001254000
0.8750000000,0.8550000000,6396,0.0001279200
0.8750000000,0.8650000000,6728,0.0001345600
0.8750000000,0.8750000000,6952,0.0001390400
0.8750000000,0.8850000000,7461,0.0001492200
0.8750000000,0.8950000000,7825,0.0001565000
0.8750000000,0.9050000000,8392,0.0001678400
0.8750000000,0.9150000000,9324,0.0001864800
0.8750000000,0.9250000000,10318,0.0002063600
0.8750000000,0.9350000000,12315,0.0002463000
0.8750000000,0.9450000000,15431,0.0003086200
0.8750000000,0.9550000000,29515,0.0005903000
0.8750000000,0.9650000000,10724,0.0002144800
0.8750000000,0.9750000000,0,0.0000000000
0.8750000000,0.9850000000,0,0.0000000000
0.8750000000,0.9950000000,0,0.0000000000
0.8850000000,0.0050000000,0,0.0000000000
0.8850000000,0.0150000000,0,0.0000000000
0.8850000000,0.0250000000,0,0.0000000000
0.8850000000,0.0350000000,0,0.0000000000
0.8850000000,0.0450000000,0,0.0000000000
0.8850000000,0.0550000000,0,0.0000000000
0.8850000000,0.0650000000,0,0.0000000000
0.8850000000,0.0750000000,0,0.0000000000
0.8850000000,0.0850000000,0,0.0000000000
0.8850000000,0.0950000000,0,0.0000000000
0.8850000000,0.1050000000,0,0.0000000000
0.8850000000,0.1150000000,0,0.0000000000
0.8850000000,0.1250000000,0,0.0000000000
0.8850000000,0.1350000000,0,0.0000000000
0.8850000000,0.1450000000,0,0.0000000000
0.8850000000,0.1550000000,0,0.0000000000
0.8850000000,0.1650000000,0,0.0000000000
0.8850000000,0.1750000000,0,0.0000000000
0.8850000000,0.1850000000,0,0.0000000000
0.8850000000,0.1950000000,0,0.0000000000
0.8850000000,0.2050000000,0,0.0000000000
0.8850000000,0.2150000000,0,0.0000000000
0.8850000000,0.2250000000,0,0.0000000000
0.8850000000,0.2350000000,0,0.0000000000
0.8850000000,0.2450000000,0,0.0000000000
0.8850000000,0.2550000000,0,0.0000000000
0.8850000000,0.2650000000,0,0.0000000000
0.8850000000,0.2750000000,0,0.0000000000
0.8850000000,0.2850000000,1861,0.0000372200
0.8850000000,0.2950000000,12966,0.0002593200
0.8850000000,0.3050000000,19011,0.0003802200
0.8850000000,0.3150000000,13118,0.0002623600
0.8850000000,0.3250000000,10939,0.0002187800
0.8850000000,0.3350000000,9881,0.0001976200
0.8850000000,0.3450000000,9093,0.0001818600
0.8850000000,0.3550000000,8492,0.0001698400
0.8850000000,0.3650000000,7954,0.0001590800
0.8850000000,0.3750000000,7547,0.0001509400
0.8850000000,0.3850000000,7197,0.0001439400
0.8850000000,0.3950000000,6689,0.0001337800
0.8850000000,0.4050000000,6409,0.0001281800
0.8850000000,0.4150000000,6275,0.0001255000
0.8850000000,0.4250000000,6117,0.0001223400
0.8850000000,0.4350000000,6017,0.0001203400
0.8850000000,0.4450000000,5851,0.0001170200
0.8850000000,0.4550000000,5696,0.0001139200
0.8850000000,0.4650000000,5554,0.0001110800
0.8850000000,0.4750000000,5436,0.0001087200
0.8850000000,0.4850000000,5320,0.0001064000
0.8850000000,0.4950000000,5190,0.0001038000
0.8850000000,0.5050000000,5275,0.0001055000
0.8850000000,0.5150000000,5120,0.0001024000
0.8850000000,0.5250000000,5019,0.0001003800
0.8850000000,0.5350000000,5097,0.0001019400
0.8850000000,0.5450000000,4947,0.0000989400
0.8850000000,0.5550000000,5123,0.0001024600
0.8850000000,0.5650000000,4924,0.0000984800
0.8850000000,0.5750000000,4924,0.0000984800
0.8850000000,0.5850000000,4872,0.0000974400
0.8850000000,0.5950000000,4837,0.0000967400
0.8850000000,0.6050000000,4816,0.0000963200
0.8850000000,0.6150000000,4809,0.0000961800
0.8850000000,0.6250000000,4731,0.0000946200
0.8850000000,0.6350000000,4823,0.0000964600
0.8850000000,0.6450000000,4769,0.0000953800
0.8850000000,0.6550000000,5007,0.0001001400
0.8850000000,0.6650000000,4843,0.0000968600
0.8850000000,0.6750000000,4940,0.0000988000
0.8850000000,0.6850000000,4985,0.0000997000
0.8850000000,0.6950000000,4943,0.0000988600
0.8850000000,0.7050000000,5032,0.0001006400
0.8850000000,0.7150000000,4966,0.0000993200
0.8850000000,0.7250000000,4932,0.0000986400
0.8850000000,0.7350000000,5056,0.0001011200
0.8850000000,0.7450000000,5164,0.0001032800
0.8850000000,0.7550000000,5254,0.0001050800
0.8850000000,0.7650000000,5309,0.0001061800
0.8850000000,0.7750000000,5437,0.0001087400
0.8850000000,0.7850000000,5606,0.0001121200
0.8850000000,0.7950000000,5556,0.0001111200
0.8850000000,0.8050000000,5770,0.0001154000
0.8850000000,0.8150000000,5918,0.0001183600
0.8850000000,0.8250000000,5973,0.0001194600
0.8850000000,0.8350000000,6029,0.0001205800
0.8850000000,0.8450000000,6535,0.0001307000
0.8850000000,0.8550000000,6786,0.0001357200
0.8850000000,0.8650000000,7013,0.0001402600
0.8850000000,0.8750000000,7435,0.0001487000
0.8850000000,0.8850000000,7891,0.0001578200
0.8850000000,0.8950000000,8369,0.0001673800
0.8850000000,0.9050000000,9316,0.0001863200
0.8850000000,0.9150000000,10360,0.0002072000
0.8850000000,0.9250000000,11703,0.0002340600
0.8850000000,0.9350000000,14171,0.0002834200
0.8850000000,0.9450000000,20889,0.0004177800
0.8850000000,0.9550000000,27385,0.0005477000
0.8850000000,0.9650000000,0,0.0000000000
0.8850000000,0.9750000000,0,0.0000000000
0.8850000000,0.9850000000,0,0.0000000000
0.8850000000,0.9950000000,0,0.0000000000
0.8950000000,0.0050000000,0,0.0000000000
0.8950000000,0.0150000000,0,0.0000000000
0.8950000000,0.0250000000,0,0.0000000000
0.8950000000,0.0350000000,0,0.0000000000
0.8950000000,0.0450000000,0,0.0000000000
0.8950000000,0.0550000000,0,0.0000000000
0.8950000000,0.0650000000,0,0.0000000000
0.8950000000,0.0750000000,0,0.0000000000
0.8950000000,0.0850000000,0,0.0000000000
0.8950000000,0.0950000000,0,0.0000000000
0.8950000000,0.1050000000,0,0.0000000000
0.8950000000,0.1150000000,0,0.0000000000
0.8950000000,0.1250000000,0,0.0000000000
0.8950000000,0.1350000000,0,0.0000000000
0.8950000000,0.1450000000,0,0.0000000000
0.8950000000,0.1550000000,0,0.0000000000
0.8950000000,0.1650000000,0,0.0000000000
0.8950000000,0.1750000000,0,0.0000000000
0.8950000000,0.1850000000,0,0.0000000000
0.8950000000,0.1950000000,0,0.0000000000
0.8950000000,0.2050000000,0,0.0000000000
0.8950000000,0.2150000000,0,0.0000000000
0.8950000000,0.2250000000,0,0.0000000000
0.8950000000,0.2350000000,0,0.0000000000
0.8950000000,0.2450000000,0,0.0000000000
0.8950000000,0.2550000000,0,0.0000000000
0.8950000000,0.2650000000,0,0.0000000000
0.8950000000,0.2750000000,0,0.0000000000
0.8950000000,0.2850000000,0,0.0000000000
0.8950000000,0.2950000000,0,0.0000000000
0.8950000000,0.3050000000,1798,0.0000359600
0.8950000000,0.3150000000,14205,0.0002841000
0.8950000000,0.3250000000,21448,0.0004289600
0.8950000000,0.3350000000,15333,0.0003066600
0.8950000000,0.3450000000,12253,0.0002450600
0.8950000000,0.3550000000,10708,0.0002141600
0.8950000000,0.3650000000,9663,0.0001932600
0.8950000000,0.3750000000,8809,0.0001761800
0.8950000000,0.3850000000,8261,0.0001652200
0.8950000000,0.3950000000,7624,0.0001524800
0.8950000000,0.4050000000,7172,0.0001434400
0.8950000000,0.4150000000,7065,0.0001413000
0.8950000000,0.4250000000,6760,0.0001352000
0.8950000000,0.4350000000,6675,0.0001335000
0.8950000000,0.4450000000,6325,0.0001265000
0.8950000000,0.4550000000,6284,0.0001256800
0.8950000000,0.4650000000,5962,0.0001192400
0.8950000000,0.4750000000,5844,0.0001168800
0.8950000000,0.4850000000,5698,0.0001139600
0.8950000000,0.4950000000,5755,0.0001151000
0.8950000000,0.5050000000,5421,0.0001084200
0.8950000000,0.5150000000,5499,0.0001099800
0.8950000000,0.5250000000,5481,0.0001096200
0.8950000000,0.5350000000,5329,0.0001065800
0.8950000000,0.5450000000,5267,0.0001053400
0.8950000000,0.5550000000,5342,0.0001068400
0.8950000000,0.5650000000,5198,0.0001039600
0.8950000000,0.5750000000,5135,0.0001027000
0.8950000000,0.5850000000,4998,0.0000999600
0.8950000000,0.5950000000,4886,0.0000977200
0.8950000000,0.6050000000,5101,0.0001020200
0.8950000000,0.6150000000,5082,0.0001016400
0.8950000000,0.6250000000,4943,0.0000988600
0.8950000000,0.6350000000,5042,0.0001008400
0.8950000000,0.6450000000,5008,0.0001001600
0.8950000000,0.6550000000,5040,0.0001008000
0.8950000000,0.6650000000,5217,0.0001043400
0.8950000000,0.6750000000,5240,0.0001048000
0.8950000000,0.6850000000,5160,0.0001032000
0.8950000000,0.6950000000,5112,0.0001022400
0.8950000000,0.7050000000,5049,0.0001009800
0.8950000000,0.7150000000,5093,0.0001018600
0.8950000000,0.7250000000,5208,0.0001041600
0.8950000000,0.7350000000,5325,0.0001065000
0.8950000000,0.7450000000,5385,0.0001077000
0.8950000000,0.7550000000,5556,0.0001111200
0.8950000000,0.7650000000,5576,0.0001115200
0.8950000000,0.7750000000,5652,0.0001130400
0.8950000000,0.7850000000,5772,0.0001154400
0.8950000000,0.7950000000,5958,0.0001191600
0.8950000000,0.8050000000,6127,0.0001225400
0.8950000000,0.8150000000,6164,0.0001232800
0.8950000000,0.8250000000,6387,0.0001277400
0.8950000000,0.8350000000,6539,0.0001307800
0.8950000000,0.8450000000,6858,0.0001371600
0.8950000000,0.8550000000,7089,0.0001417800
0.8950000000,0.8650000000,7402,0.0001480400
0.8950000000,0.8750000000,7870,0.0001574000
0.8950000000,0.8850000000,8462,0.0001692400
0.8950000000,0.8950000000,9164,0.0001832800
0.8950000000,0.9050000000,10119,0.0002023800
0.8950000000,0.9150000000,11371,0.0002274200
0.8950000000,0.9250000000,13472,0.0002694400
0.8950000000,0.9350000000,18358,0.0003671600
0.8950000000,0.9450000000,33459,0.0006691800
0.8950000000,0.9550000000,2757,0.0000551400
0.8950000000,0.9650000000,0,0.0000000000
0.8950000000,0.9750000000,0,0.0000000000
0.8950000000,0.9850000000,0,0.0000000000
0.8950000000,0.9950000000,0,0.0000000000
0.9050000000,0.0050000000,0,0.0000000000
0.9050000000,0.0150000000,0,0.0000000000
0.9050000000,0.0250000000,0,0.0000000000
0.9050000000,0.0350000000,0,0.0000000000
0.9050000000,0.0450000000,0,0.0000000000
0.9050000000,0.0550000000,0,0.0000000000
0.9050000000,0.0650000000,0,0.0000000000
0.9050000000,0.0750000000,0,0.0000000000
0.9050000000,0.0850000000,0,0.0000000000
0.9050000000,0.0950000000,0,0.0000000000
0.9050000000,0.1050000000,0,0.0000000000
0.9050000000,0.1150000000,0,0.0000000000
0.9050000000,0.1250000000,0,0.0000000000
0.9050000000,0.1350000000,0,0.0000000000
0.9050000000,0.1450000000,0,0.0000000000
0.9050000000,0.1550000000,0,0.0000000000
0.9050000000,0.1650000000,0,0.0000000000
0.9050000000,0.1750000000,0,0.0000000000
0.9050000000,0.1850000000,0,0.0000000000
0.9050000000,0.1950000000,0,0.0000000000
0.9050000000,0.2050000000,0,0.0000000000
0.9050000000,0.2150000000,0,0.0000000000
0.9050000000,0.2250000000,0,0.0000000000
0.9050000000,0.2350000000,0,0.0000000000
0.9050000000,0.2450000000,0,0.0000000000
0.9050000000,0.2550000000,0,0.0000000000
0.9050000000,0.2650000000,0,0.0000000000
0.9050000000,0.2750000000,0,0.0000000000
0.9050000000,0.2850000000,0,0.0000000000
0.9050000000,0.2950000000,0,0.0000000000
0.9050000000,0.3050000000,0,0.0000000000
0.9050000000,0.3150000000,0,0.0000000000
0.9050000000,0.3250000000,876,0.0000175200
0.9050000000,0.3350000000,13715,0.0002743000
0.9050000000,0.3450000000,23260,0.0004652000
0.9050000000,0.3550000000,18401,0.0003680200
0.9050000000,0.3650000000,13323,0.0002664600
0.9050000000,0.3750000000,11426,0.0002285200
0.9050000000,0.3850000000,10022,0.0002004400
0.9050000000,0.3950000000,9262,0.0001852400
0.9050000000,0.4050000000,8546,0.0001709200
0.9050000000,0.4150000000,7932,0.0001586400
0.9050000000,0.4250000000,7780,0.0001556000
0.9050000000,0.4350000000,7317,0.0001463400
0.9050000000,0.4450000000,6946,0.0001389200
0.9050000000,0.4550000000,6782,0.0001356400
0.9050000000,0.4650000000,6555,0.0001311000
0.9050000000,0.4750000000,6248,0.0001249600
0.9050000000,0.4850000000,5997,0.0001199400
0.9050000000,0.4950000000,6141,0.0001228200
0.9050000000,0.5050000000,5866,0.0001173200
0.9050000000,0.5150000000,5842,0.0001168400
0.9050000000,0.5250000000,5744,0.0001148800
0.9050000000,0.5350000000,5703,0.0001140600
0.9050000000,0.5450000000,5668,0.0001133600
0.9050000000,0.5550000000,5628,0.0001125600
0.9050000000,0.5650000000,5454,0.0001090800
0.9050000000,0.5750000000,5330,0.0001066000
0.9050000000,0.5850000000,5310,0.0001062000
0.9050000000,0.5950000000,5507,0.0001101400
0.9050000000,0.6050000000,5397,0.0001079400
0.9050000000,0.6150000000,5312,0.0001062400
0.9050000000,0.6250000000,5260,0.0001052000
0.9050000000,0.6350000000,5143,0.0001028600
0.9050000000,0.6450000000,5410,0.0001082000
0.9050000000,0.6550000000,5357,0.0001071400
0.9050000000,0.6650000000,5549,0.0001109800
0.9050000000,0.6750000000,5356,0.0001071200
0.9050000000,0.6850000000,5364,0.0001072800
0.9050000000,0.6950000000,5277,0.0001055400
0.9050000000,0.7050000000,5324,0.0001064800
0.9050000000,0.7150000000,5468,0.0001093600
0.9050000000,0.7250000000,5673,0.0001134600
0.9050000000,0.7350000000,5574,0.0001114800
0.9050000000,0.7450000000,5606,0.0001121200
0.9050000000,0.7550000000,5657,0.0001131400
0.9050000000,0.7650000000,5721,0.0001144200
0.9050000000,0.7750000000,5989,0.0001197800
0.9050000000,0.7850000000,6043,0.0001208600
0.9050000000,0.7950000000,6218,0.0001243600
0.9050000000,0.8050000000,6271,0.0001254200
0.9050000000,0.8150000000,6508,0.0001301600
0.9050000000,0.8250000000,6816,0.0001363200
0.9050000000,0.8350000000,6902,0.0001380400
0.9050000000,0.8450000000,7308,0.0001461600
0.9050000000,0.8550000000,7489,0.0001497800
0.9050000000,0.8650000000,7934,0.0001586800
0.9050000000,0.8750000000,8557,0.0001711400
0.9050000000,0.8850000000,9213,0.0001842600
0.9050000000,0.8950000000,10074,0.0002014800
0.9050000000,0.9050000000,11081,0.0002216200
0.9050000000,0.9150000000,13232,0.0002646400
0.9050000000,0.9250000000,16986,0.0003397200
0.9050000000,0.9350000000,31114,0.0006222800
0.9050000000,0.9450000000,11027,0.0002205400
0.9050000000,0.9550000000,0,0.0000000000
0.9050000000,0.9650000000,0,0.0000000000
0.9050000000,0.9750000000,0,0.0000000000
0.9050000000,0.9850000000,0,0.0000000000
0.9050000000,0.9950000000,0,0.0000000000
0.9150000000,0.0050000000,0,0.0000000000
0.9150000000,0.0150000000,0,0.0000000000
0.9150000000,0.0250000000,0,0.0000000000
0.9150000000,0.0350000000,0,0.0000000000
0.9150000000,0.0450000000,0,0.0000000000
0.9150000000,0.0550000000,0,0.0000000000
0.9150000000,0.0650000000,0,0.0000000000
0.9150000000,0.0750000000,0,0.0000000000
0.9150000000,0.0850000000,0,0.0000000000
0.9150000000,0.0950000000,0,0.0000000000
0.9150000000,0.1050000000,0,0.0000000000
0.9150000000,0.1150000000,0,0.0000000000
0.9150000000,0.1250000000,0,0.0000000000
0.9150000000,0.1350000000,0,0.0000000000
0.9150000000,0.1450000000,0,0.0000000000
0.9150000000,0.1550000000,0,0.0000000000
0.9150000000,0.1650000000,0,0.0000000000
0.9150000000,0.1750000000,0,0.0000000000
0.9150000000,0.1850000000,0,0.0000000000
0.9150000000,0.1950000000,0,0.0000000000
0.9150000000,0.2050000000,0,0.0000000000
0.9150000000,0.2150000000,0,0.0000000000
0.9150000000,0.2250000000,0,0.0000000000
0.9150000000,0.2350000000,0,0.0000000000
0.9150000000,0.2450000000,0,0.0000000000
0.9150000000,0.2550000000,0,0.0000000000
0.9150000000,0.2650000000,0,0.0000000000
0.9150000000,0.2750000000,0,0.0000000000
0.9150000000,0.2850000000,0,0.0000000000
0.9150000000,0.2950000000,0,0.0000000000
0.9150000000,0.3050000000,0,0.0000000000
0.9150000000,0.3150000000,0,0.0000000000
0.9150000000,0.3250000000,0,0.0000000000
0.9150000000,0.3350000000,0,0.0000000000
0.9150000000,0.3450000000,0,0.0000000000
0.9150000000,0.3550000000,11406,0.0002281200
0.9150000000,0.3650000000,21868,0.0004373600
0.9150000000,0.3750000000,22356,0.0004471200
0.9150000000,0.3850000000,14713,0.0002942600
0.9150000000,0.3950000000,12243,0.0002448600
0.9150000000,0.4050000000,10552,0.0002110400
0.9150000000,0.4150000000,9690,0.0001938000
0.9150000000,0.4250000000,8886,0.0001777200
0.9150000000,0.4350000000,8362,0.0001672400
0.9150000000,0.4450000000,7907,0.0001581400
0.9150000000,0.4550000000,7537,0.0001507400
0.9150000000,0.4650000000,7302,0.0001460400
0.9150000000,0.4750000000,7031,0.0001406200
0.9150000000,0.4850000000,6741,0.0001348200
0.9150000000,0.4950000000,6534,0.0001306800
0.9150000000,0.5050000000,6481,0.0001296200
0.9150000000,0.5150000000,6309,0.0001261800
0.9150000000,0.5250000000,6079,0.0001215800
0.9150000000,0.5350000000,6169,0.0001233800
0.9150000000,0.5450000000,6072,0.0001214400
0.9150000000,0.5550000000,5771,0.0001154200
0.9150000000,0.5650000000,5842,0.0001168400
0.9150000000,0.5750000000,5820,0.0001164000
0.9150000000,0.5850000000,5727,0.0001145400
0.9150000000,0.5950000000,5746,0.0001149200
0.9150000000,0.6050000000,5700,0.0001140000
0.9150000000,0.6150000000,5670,0.0001134000
0.9150000000,0.6250000000,5711,0.0001142200
0.9150000000,0.6350000000,5609,0.0001121800
0.9150000000,0.6450000000,5656,0.0001131200
0.9150000000,0.6550000000,5555,0.0001111000
0.9150000000,0.6650000000,5442,0.0001088400
0.9150000000,0.6750000000,5569,0.0001113800
0.9150000000,0.6850000000,5560,0.0001112000
0.9150000000,0.6950000000,5733,0.0001146600
0.9150000000,0.7050000000,5767,0.0001153400
0.9150000000,0.7150000000,5744,0.0001148800
0.9150000000,0.7250000000,5609,0.0001121800
0.9150000000,0.7350000000,5839,0.0001167800
0.9150000000,0.7450000000,6037,0.0001207400
0.9150000000,0.7550000000,6083,0.0001216600
0.9150000000,0.7650000000,6176,0.0001235200
0.9150000000,0.7750000000,6173,0.0001234600
0.9150000000,0.7850000000,6237,0.0001247400
0.9150000000,0.7950000000,6445,0.0001289000
0.9150000000,0.8050000000,6583,0.0001316600
0.9150000000,0.8150000000,6827,0.0001365400
0.9150000000,0.8250000000,7072,0.0001414400
0.9150000000,0.8350000000,7506,0.0001501200
0.9150000000,0.8450000000,7806,0.0001561200
0.9150000000,0.8550000000,8115,0.0001623000
0.9150000000,0.8650000000,8618,0.0001723600
0.9150000000,0.8750000000,9342,0.0001868400
0.9150000000,0.8850000000,10113,0.0002022600
0.9150000000,0.8950000000,11403,0.0002280600
0.9150000000,0.9050000000,12963,0.0002592600
0.9150000000,0.9150000000,16473,0.0003294600
0.9150000000,0.9250000000,29271,0.0005854200
0.9150000000,0.9350000000,17315,0.0003463000
0.9150000000,0.9450000000,0,0.0000000000
0.9150000000,0.9550000000,0,0.0000000000
0.9150000000,0.9650000000,0,0.0000000000
0.9150000000,0.9750000000,0,0.0000000000
0.9150000000,0.9850000000,0,0.0000000000
0.9150000000,0.9950000000,0,0.0000000000
0.9250000000,0.0050000000,0,0.0000000000
0.9250000000,0.0150000000,0,0.0000000000
0.9250000000,0.0250000000,0,0.0000000000
0.9250000000,0.0350000000,0,0.0000000000
0.9250000000,0.0450000000,0,0.0000000000
0.9250000000,0.0550000000,0,0.0000000000
0.9250000000,0.0650000000,0,0.0000000000
0.9250000000,0.0750000000,0,0.0000000000
0.9250000000,0.0850000000,0,0.0000000000
0.9250000000,0.0950000000,0,0.0000000000
0.9250000000,0.1050000000,0,0.0000000000
0.9250000000,0.1150000000,0,0.0000000000
0.9250000000,0.1250000000,0,0.0000000000
0.9250000000,0.1350000000,0,0.0000000000
0.9250000000,0.1450000000,0,0.0000000000
0.9250000000,0.1550000000,0,0.0000000000
0.9250000000,0.1650000000,0,0.0000000000
0.9250000000,0.1750000000,0,0.0000000000
0.9250000000,0.1850000000,0,0.0000000000
0.9250000000,0.1950000000,0,0.0000000000
0.9250000000,0.2050000000,0,0.0000000000
0.9250000000,0.2150000000,0,0.0000000000
0.9250000000,0.2250000000,0,0.0000000000
0.9250000000,0.2350000000,0,0.0000000000
0.9250000000,0.2450000000,0,0.0000000000
0.9250000000,0.2550000000,0,0.0000000000
0.9250000000,0.2650000000,0,0.0000000000
0.9250000000,0.2750000000,0,0.0000000000
0.9250000000,0.2850000000,0,0.0000000000
0.9250000000,0.2950000000,0,0.0000000000
0.9250000000,0.3050000000,0,0.0000000000
0.9250000000,0.3150000000,0,0.0000000000
0.9250000000,0.3250000000,0,0.0000000000
0.9250000000,0.3350000000,0,0.0000000000
0.9250000000,0.3450000000,0,0.0000000000
0.9250000000,0.3550000000,0,0.0000000000
0.9250000000,0.3650000000,0,0.0000000000
0.9250000000,0.3750000000,6527,0.0001305400
0.9250000000,0.3850000000,19139,0.0003827800
0.9250000000,0.3950000000,25206,0.0005041200
0.9250000000,0.4050000000,17019,0.0003403800
0.9250000000,0.4150000000,13466,0.0002693200
0.9250000000,0.4250000000,11491,0.0002298200
0.9250000000,0.4350000000,10397,0.0002079400
0.9250000000,0.4450000000,9512,0.0001902400
0.9250000000,0.4550000000,8738,0.0001747600
0.9250000000,0.4650000000,8316,0.0001663200
0.9250000000,0.4750000000,8015,0.0001603000
0.9250000000,0.4850000000,7651,0.0001530200
0.9250000000,0.4950000000,7439,0.0001487800
0.9250000000,0.5050000000,7272,0.0001454400
0.9250000000,0.5150000000,6823,0.0001364600
0.9250000000,0.5250000000,6852,0.0001370400
0.9250000000,0.5350000000,6657,0.0001331400
0.9250000000,0.5450000000,6399,0.0001279800
0.9250000000,0.5550000000,6325,0.0001265000
0.9250000000,0.5650000000,6173,0.0001234600
0.9250000000,0.5750000000,6093,0.0001218600
0.9250000000,0.5850000000,6251,0.0001250200
0.9250000000,0.5950000000,6040,0.0001208000
0.9250000000,0.6050000000,5957,0.0001191400
0.9250000000,0.6150000000,5916,0.0001183200
0.9250000000,0.6250000000,5931,0.0001186200
0.9250000000,0.6350000000,5933,0.0001186600
0.9250000000,0.6450000000,5891,0.0001178200
0.9250000000,0.6550000000,6051,0.0001210200
0.9250000000,0.6650000000,6024,0.0001204800
0.9250000000,0.6750000000,5946,0.0001189200
0.9250000000,0.6850000000,5932,0.0001186400
0.9250000000,0.6950000000,6028,0.0001205600
0.9250000000,0.7050000000,6121,0.0001224200
0.9250000000,0.7150000000,6076,0.0001215200
0.9250000000,0.7250000000,6176,0.0001235200
0.9250000000,0.7350000000,6215,0.0001243000
0.9250000000,0.7450000000,6324,0.0001264800
0.9250000000,0.7550000000,6440,0.0001288000
0.9250000000,0.7650000000,6448,0.0001289600
0.9250000000,0.7750000000,6569,0.0001313800
0.9250000000,0.7850000000,6805,0.0001361000
0.9250000000,0.7950000000,7027,0.0001405400
0.9250000000,0.8050000000,7003,0.0001400600
0.9250000000,0.8150000000,7327,0.0001465400
0.9250000000,0.8250000000,7824,0.0001564800
0.9250000000,0.8350000000,7981,0.0001596200
0.9250000000,0.8450000000,8468,0.0001693600
0.9250000000,0.8550000000,8877,0.0001775400
0.9250000000,0.8650000000,9538,0.0001907600
0.9250000000,0.8750000000,10426,0.0002085200
0.9250000000,0.8850000000,11655,0.0002331000
0.9250000000,0.8950000000,13484,0.0002696800
0.9250000000,0.9050000000,17001,0.0003400200
0.9250000000,0.9150000000,29502,0.0005900400
0.9250000000,0.9250000000,19651,0.0003930200
0.9250000000,0.9350000000,0,0.0000000000
0.9250000000,0.9450000000,0,0.0000000000
0.9250000000,0.9550000000,0,0.0000000000
0.9250000000,0.9650000000,0,0.0000000000
0.9250000000,0.9750000000,0,0.0000000000
0.9250000000,0.9850000000,0,0.0000000000
0.9250000000,0.9950000000,0,0.0000000000
0.9350000000,0.0050000000,0,0.0000000000
0.9350000000,0.0150000000,0,0.0000000000
0.9350000000,0.0250000000,0,0.0000000000
0.9350000000,0.0350000000,0,0.0000000000
0.9350000000,0.0450000000,0,0.0000000000
0.9350000000,0.0550000000,0,0.0000000000
0.9350000000,0.0650000000,0,0.0000000000
0.9350000000,0.0750000000,0,0.0000000000
0.9350000000,0.0850000000,0,0.0000000000
0.9350000000,0.0950000000,0,0.0000000000
0.9350000000,0.1050000000,0,0.0000000000
0.9350000000,0.1150000000,0,0.0000000000
0.9350000000,0.1250000000,0,0.0000000000
0.9350000000,0.1350000000,0,0.0000000000
0.9350000000,0.1450000000,0,0.0000000000
0.9350000000,0.1550000000,0,0.0000000000
0.9350000000,0.1650000000,0,0.0000000000
0.9350000000,0.1750000000,0,0.0000000000
0.9350000000,0.1850000000,0,0.0000000000
0.9350000000,0.1950000000,0,0.0000000000
0.9350000000,0.2050000000,0,0.0000000000
0.9350000000,0.2150000000,0,0.0000000000
0.9350000000,0.2250000000,0,0.0000000000
0.9350000000,0.2350000000,0,0.0000000000
0.9350000000,0.2450000000,0,0.0000000000
0.9350000000,0.2550000000,0,0.0000000000
0.9350000000,0.2650000000,0,0.0000000000
0.9350000000,0.2750000000,0,0.0000000000
0.9350000000,0.2850000000,0,0.0000000000
0.9350000000,0.2950000000,0,0.0000000000
0.9350000000,0.3050000000,0,0.0000000000
0.9350000000,0.3150000000,0,0.0000000000
0.9350000000,0.3250000000,0,0.0000000000
0.9350000000,0.3350000000,0,0.0000000000
0.9350000000,0.3450000000,0,0.0000000000
0.9350000000,0.3550000000,0,0.0000000000
0.9350000000,0.3650000000,0,0.0000000000
0.9350000000,0.3750000000,0,0.0000000000
0.9350000000,0.3850000000,0,0.0000000000
0.9350000000,0.3950000000,1265,0.0000253000
0.9350000000,0.4050000000,14849,0.0002969800
0.9350000000,0.4150000000,23088,0.0004617600
0.9350000000,0.4250000000,23031,0.0004606200
0.9350000000,0.4350000000,15372,0.0003074400
0.9350000000,0.4450000000,12543,0.0002508600
0.9350000000,0.4550000000,11348,0.0002269600
0.9350000000,0.4650000000,10424,0.0002084800
0.9350000000,0.4750000000,9476,0.0001895200
0.9350000000,0.4850000000,8928,0.0001785600
0.9350000000,0.4950000000,8465,0.0001693000
0.9350000000,0.5050000000,8222,0.0001644400
0.9350000000,0.5150000000,7892,0.0001578400
0.9350000000,0.5250000000,7505,0.0001501000
0.9350000000,0.5350000000,7300,0.0001460000
0.9350000000,0.5450000000,7224,0.0001444800
0.9350000000,0.5550000000,7004,0.0001400800
0.9350000000,0.5650000000,6966,0.0001393200
0.9350000000,0.5750000000,6679,0.0001335800
0.9350000000,0.5850000000,6572,0.0001314400
0.9350000000,0.5950000000,6520,0.0001304000
0.9350000000,0.6050000000,6432,0.0001286400
0.9350000000,0.6150000000,6354,0.0001270800
0.9350000000,0.6250000000,6371,0.0001274200
0.9350000000,0.6350000000,6242,0.0001248400
0.9350000000,0.6450000000,6247,0.0001249400
0.9350000000,0.6550000000,6410,0.0001282000
0.9350000000,0.6650000000,6287,0.0001257400
0.9350000000,0.6750000000,6388,0.0001277600
0.9350000000,0.6850000000,6371,0.0001274200
0.9350000000,0.6950000000,6335,0.0001267000
0.9350000000,0.7050000000,6404,0.0001280800
0.9350000000,0.7150000000,6519,0.0001303800
0.9350000000,0.7250000000,6713,0.0001342600
0.9350000000,0.7350000000,6656,0.0001331200
0.9350000000,0.7450000000,6800,0.0001360000
0.9350000000,0.7550000000,7038,0.0001407600
0.9350000000,0.7650000000,6978,0.0001395600
0.9350000000,0.7750000000,7112,0.0001422400
0.9350000000,0.7850000000,7219,0.0001443800
0.9350000000,0.7950000000,7341,0.0001468200
0.9350000000,0.8050000000,7694,0.0001538800
0.9350000000,0.8150000000,8131,0.0001626200
0.9350000000,0.8250000000,8335,0.0001667000
0.9350000000,0.8350000000,8773,0.0001754600
0.9350000000,0.8450000000,9402,0.0001880400
0.9350000000,0.8550000000,10058,0.0002011600
0.9350000000,0.8650000000,10820,0.0002164000
0.9350000000,0.8750000000,12239,0.0002447800
0.9350000000,0.8850000000,14238,0.0002847600
0.9350000000,0.8950000000,18240,0.0003648000
0.9350000000,0.9050000000,31598,0.0006319600
0.9350000000,0.9150000000,17304,0.0003460800
0.9350000000,0.9250000000,0,0.0000000000
0.9350000000,0.9350000000,0,0.0000000000
0.9350000000,0.9450000000,0,0.0000000000
0.9350000000,0.9550000000,0,0.0000000000
0.9350000000,0.9650000000,0,0.0000000000
0.9350000000,0.9750000000,0,0.0000000000
0.9350000000,0.9850000000,0,0.0000000000
0.9350000000,0.9950000000,0,0.0000000000
0.9450000000,0.0050000000,0,0.0000000000
0.9450000000,0.0150000000,0,0.0000000000
0.9450000000,0.0250000000,0,0.0000000000
0.9450000000,0.0350000000,0,0.0000000000
0.9450000000,0.0450000000,0,0.0000000000
0.9450000000,0.0550000000,0,0.0000000000
0.9450000000,0.0650000000,0,0.0000000000
0.9450000000,0.0750000000,0,0.0000000000
0.9450000000,0.0850000000,0,0.0000000000
0.9450000000,0.0950000000,0,0.0000000000
0.9450000000,0.1050000000,0,0.0000000000
0.9450000000,0.1150000000,0,0.0000000000
0.9450000000,0.1250000000,0,0.0000000000
0.9450000000,0.1350000000,0,0.0000000000
0.9450000000,0.1450000000,0,0.0000000000
0.9450000000,0.1550000000,0,0.0000000000
0.9450000000,0.1650000000,0,0.0000000000
0.9450000000,0.1750000000,0,0.0000000000
0.9450000000,0.1850000000,0,0.0000000000
0.9450000000,0.1950000000,0,0.0000000000
0.9450000000,0.2050000000,0,0.0000000000
0.9450000000,0.2150000000,0,0.0000000000
0.9450000000,0.2250000000,0,0.0000000000
0.9450000000,0.2350000000,0,0.0000000000
0.9450000000,0.2450000000,0,0.0000000000
0.9450000000,0.2550000000,0,0.0000000000
0.9450000000,0.2650000000,0,0.0000000000
0.9450000000,0.2750000000,0,0.0000000000
0.9450000000,0.2850000000,0,0.0000000000
0.9450000000,0.2950000000,0,0.0000000000
0.9450000000,0.3050000000,0,0.0000000000
0.9450000000,0.3150000000,0,0.0000000000
0.9450000000,0.3250000000,0,0.0000000000
0.9450000000,0.3350000000,0,0.0000000000
0.9450000000,0.3450000000,0,0.0000000000
0.9450000000,0.3550000000,0,0.0000000000
0.9450000000,0.3650000000,0,0.0000000000
0.9450000000,0.3750000000,0,0.0000000000
0.9450000000,0.3850000000,0,0.0000000000
0.9450000000,0.3950000000,0,0.0000000000
0.9450000000,0.4050000000,0,0.0000000000
0.9450000000,0.4150000000,0,0.0000000000
0.9450000000,0.4250000000,6234,0.0001246800
0.9450000000,0.4350000000,18279,0.0003655800
0.9450000000,0.4450000000,25013,0.0005002600
0.9450000000,0.4550000000,20827,0.0004165400
0.9450000000,0.4650000000,15214,0.0003042800
0.9450000000,0.4750000000,12933,0.0002586600
0.9450000000,0.4850000000,11607,0.0002321400
0.9450000000,0.4950000000,10566,0.0002113200
0.9450000000,0.5050000000,9842,0.0001968400
0.9450000000,0.5150000000,9222,0.0001844400
0.9450000000,0.5250000000,8775,0.0001755000
0.9450000000,0.5350000000,8422,0.0001684400
0.9450000000,0.5450000000,8139,0.0001627800
0.9450000000,0.5550000000,7874,0.0001574800
0.9450000000,0.5650000000,7562,0.0001512400
0.9450000000,0.5750000000,7470,0.0001494000
0.9450000000,0.5850000000,7343,0.0001468600
0.9450000000,0.5950000000,7298,0.0001459600
0.9450000000,0.6050000000,7282,0.0001456400
0.9450000000,0.6150000000,7094,0.0001418800
0.9450000000,0.6250000000,7155,0.0001431000
0.9450000000,0.6350000000,7049,0.0001409800
0.9450000000,0.6450000000,6956,0.0001391200
0.9450000000,0.6550000000,6933,0.0001386600
0.9450000000,0.6650000000,7010,0.0001402000
0.9450000000,0.6750000000,6912,0.0001382400
0.9450000000,0.6850000000,6959,0.0001391800
0.9450000000,0.6950000000,6923,0.0001384600
0.9450000000,0.7050000000,6950,0.0001390000
0.9450000000,0.7150000000,6960,0.0001392000
0.9450000000,0.7250000000,7131,0.0001426200
0.9450000000,0.7350000000,7334,0.0001466800
0.9450000000,0.7450000000,7245,0.0001449000
0.9450000000,0.7550000000,7331,0.0001466200
0.9450000000,0.7650000000,7529,0.0001505800
0.9450000000,0.7750000000,7792,0.0001558400
0.9450000000,0.7850000000,8076,0.0001615200
0.9450000000,0.7950000000,8297,0.0001659400
0.9450000000,0.8050000000,8640,0.0001728000
0.9450000000,0.8150000000,9031,0.0001806200
0.9450000000,0.8250000000,9384,0.0001876800
0.9450000000,0.8350000000,10200,0.0002040000
0.9450000000,0.8450000000,10589,0.0002117800
0.9450000000,0.8550000000,11683,0.0002336600
0.9450000000,0.8650000000,13145,0.0002629000
0.9450000000,0.8750000000,15592,0.0003118400
0.9450000000,0.8850000000,21177,0.0004235400
0.9450000000,0.8950000000,32868,0.0006573600
0.9450000000,0.9050000000,11258,0.0002251600
0.9450000000,0.9150000000,0,0.0000000000
0.9450000000,0.9250000000,0,0.0000000000
0.9450000000,0.9350000000,0,0.0000000000
0.9450000000,0.9450000000,0,0.0000000000
0.9450000000,0.9550000000,0,0.0000000000
0.9450000000,0.9650000000,0,0.0000000000
0.9450000000,0.9750000000,0,0.0000000000
0.9450000000,0.9850000000,0,0.0000000000
0.9450000000,0.9950000000,0,0.0000000000
0.9550000000,0.0050000000,0,0.0000000000
0.9550000000,0.0150000000,0,0.0000000000
0.9550000000,0.0250000000,0,0.0000000000
0.9550000000,0.0350000000,0,0.0000000000
0.9550000000,0.0450000000,0,0.0000000000
0.9550000000,0.0550000000,0,0.0000000000
0.9550000000,0.0650000000,0,0.0000000000
0.9550000000,0.0750000000,0,0.0000000000
0.9550000000,0.0850000000,0,0.0000000000
0.9550000000,0.0950000000,0,0.0000000000
0.9550000000,0.1050000000,0,0.0000000000
0.9550000000,0.1150000000,0,0.0000000000
0.9550000000,0.1250000000,0,0.0000000000
0.9550000000,0.1350000000,0,0.0000000000
0.9550000000,0.1450000000,0,0.0000000000
0.9550000000,0.1550000000,0,0.0000000000
0.9550000000,0.1650000000,0,0.0000000000
0.9550000000,0.1750000000,0,0.0000000000
0.9550000000,0.1850000000,0,0.0000000000
0.9550000000,0.1950000000,0,0.0000000000
0.9550000000,0.2050000000,0,0.0000000000
0.9550000000,0.2150000000,0,0.0000000000
0.9550000000,0.2250000000,0,0.0000000000
0.9550000000,0.2350000000,0,0.0000000000
0.9550000000,0.2450000000,0,0.0000000000
0.9550000000,0.2550000000,0,0.0000000000
0.9550000000,0.2650000000,0,0.0000000000
0.9550000000,0.2750000000,0,0.0000000000
0.9550000000,0.2850000000,0,0.0000000000
0.9550000000,0.2950000000,0,0.0000000000
0.9550000000,0.3050000000,0,0.0000000000
0.9550000000,0.3150000000,0,0.0000000000
0.9550000000,0.3250000000,0,0.0000000000
0.9550000000,0.3350000000,0,0.0000000000
0.9550000000,0.3450000000,0,0.0000000000
0.9550000000,0.3550000000,0,0.0000000000
0.9550000000,0.3650000000,0,0.0000000000
0.9550000000,0.3750000000,0,0.0000000000
0.9550000000,0.3850000000,0,0.0000000000
0.9550000000,0.3950000000,0,0.0000000000
0.9550000000,0.4050000000,0,0.0000000000
0.9550000000,0.4150000000,0,0.0000000000
0.9550000000,0.4250000000,0,0.0000000000
0.9550000000,0.4350000000,0,0.0000000000
0.9550000000,0.4450000000,0,0.0000000000
0.9550000000,0.4550000000,9584,0.0001916800
0.9550000000,0.4650000000,19486,0.0003897200
0.9550000000,0.4750000000,25670,0.0005134000
0.9550000000,0.4850000000,21124,0.0004224800
0.9550000000,0.4950000000,15419,0.0003083800
0.9550000000,0.5050000000,13293,0.0002658600
0.9550000000,0.5150000000,11799,0.0002359800
0.9550000000,0.5250000000,10958,0.0002191600
0.9550000000,0.5350000000,10369,0.0002073800
0.9550000000,0.5450000000,9699,0.0001939800
0.9550000000,0.5550000000,9362,0.0001872400
0.9550000000,0.5650000000,8993,0.0001798600
0.9550000000,0.5750000000,8680,0.0001736000
0.9550000000,0.5850000000,8436,0.0001687200
0.9550000000,0.5950000000,8262,0.0001652400
0.9550000000,0.6050000000,8099,0.0001619800
0.9550000000,0.6150000000,7631,0.0001526200
0.9550000000,0.6250000000,7745,0.0001549000
0.9550000000,0.6350000000,7626,0.0001525200
0.9550000000,0.6450000000,7647,0.0001529400
0.9550000000,0.6550000000,7659,0.0001531800
0.9550000000,0.6650000000,7648,0.0001529600
0.9550000000,0.6750000000,7617,0.0001523400
0.9550000000,0.6850000000,7604,0.0001520800
0.9550000000,0.6950000000,7555,0.0001511000
0.9550000000,0.7050000000,7755,0.0001551000
0.9550000000,0.7150000000,7735,0.0001547000
0.9550000000,0.7250000000,7945,0.0001589000
0.9550000000,0.7350000000,7990,0.0001598000
0.9550000000,0.7450000000,8016,0.0001603200
0.9550000000,0.7550000000,8194,0.0001638800
0.9550000000,0.7650000000,8235,0.0001647000
0.9550000000,0.7750000000,8761,0.0001752200
0.9550000000,0.7850000000,8986,0.0001797200
0.9550000000,0.7950000000,9248,0.0001849600
0.9550000000,0.8050000000,9619,0.0001923800
0.9550000000,0.8150000000,10164,0.0002032800
0.9550000000,0.8250000000,10786,0.0002157200
0.9550000000,0.8350000000,11639,0.0002327800
0.9550000000,0.8450000000,13111,0.0002622200
0.9550000000,0.8550000000,14945,0.0002989000
0.9550000000,0.8650000000,18644,0.0003728800
0.9550000000,0.8750000000,29703,0.0005940600
0.9550000000,0.8850000000,27363,0.0005472600
0.9550000000,0.8950000000,2813,0.0000562600
0.9550000000,0.9050000000,0,0.0000000000
0.9550000000,0.9150000000,0,0.0000000000
0.9550000000,0.9250000000,0,0.0000000000
0.9550000000,0.9350000000,0,0.0000000000
0.9550000000,0.9450000000,0,0.0000000000
0.9550000000,0.9550000000,0,0.0000000000
0.9550000000,0.9650000000,0,0.0000000000
0.9550000000,0.9750000000,0,0.0000000000
0.9550000000,0.9850000000,0,0.0000000000
0.9550000000,0.9950000000,0,0.0000000000
0.9650000000,0.0050000000,0,0.0000000000
0.9650000000,0.0150000000,0,0.0000000000
0.9650000000,0.0250000000,0,0.0000000000
0.9650000000,0.0350000000,0,0.0000000000
0.9650000000,0.0450000000,0,0.0000000000
0.9650000000,0.0550000000,0,0.0000000000
0.9650000000,0.0650000000,0,0.0000000000
0.9650000000,0.0750000000,0,0.0000000000
0.9650000000,0.0850000000,0,0.0000000000
0.9650000000,0.0950000000,0,0.0000000000
0.9650000000,0.1050000000,0,0.0000000000
0.9650000000,0.1150000000,0,0.0000000000
0.9650000000,0.1250000000,0,0.0000000000
0.9650000000,0.1350000000,0,0.0000000000
0.9650000000,0.1450000000,0,0.0000000000
0.9650000000,0.1550000000,0,0.0000000000
0.9650000000,0.1650000000,0,0.0000000000
0.9650000000,0.1750000000,0,0.0000000000
0.9650000000,0.1850000000,0,0.0000000000
0.9650000000,0.1950000000,0,0.0000000000
0.9650000000,0.2050000000,0,0.0000000000
0.9650000000,0.2150000000,0,0.0000000000
0.9650000000,0.2250000000,0,0.0000000000
0.9650000000,0.2350000000,0,0.0000000000
0.9650000000,0.2450000000,0,0.0000000000
0.9650000000,0.2550000000,0,0.0000000000
0.9650000000,0.2650000000,0,0.0000000000
0.9650000000,0.2750000000,0,0.0000000000
0.9650000000,0.2850000000,0,0.0000000000
0.9650000000,0.2950000000,0,0.0000000000
0.9650000000,0.3050000000,0,0.0000000000
0.9650000000,0.3150000000,0,0.0000000000
0.9650000000,0.3250000000,0,0.0000000000
0.9650000000,0.3350000000,0,0.0000000000
0.9650000000,0.3450000000,0,0.0000000000
0.9650000000,0.3550000000,0,0.0000000000
0.9650000000,0.3650000000,0,0.0000000000
0.9650000000,0.3750000000,0,0.0000000000
0.9650000000,0.3850000000,0,0.0000000000
0.9650000000,0.3950000000,0,0.0000000000
0.9650000000,0.4050000000,0,0.0000000000
0.9650000000,0.4150000000,0,0.0000000000
0.9650000000,0.4250000000,0,0.0000000000
0.9650000000,0.4350000000,0,0.0000000000
0.9650000000,0.4450000000,0,0.0000000000
0.9650000000,0.4550000000,0,0.0000000000
0.9650000000,0.4650000000,0,0.0000000000
0.9650000000,0.4750000000,0,0.0000000000
0.9650000000,0.4850000000,9467,0.0001893400
0.9650000000,0.4950000000,18946,0.0003789200
0.9650000000,0.5050000000,24704,0.0004940800
0.9650000000,0.5150000000,24334,0.0004866800
0.9650000000,0.5250000000,17274,0.0003454800
0.9650000000,0.5350000000,14508,0.0002901600
0.9650000000,0.5450000000,12942,0.0002588400
0.9650000000,0.5550000000,12017,0.0002403400
0.9650000000,0.5650000000,11300,0.0002260000
0.9650000000,0.5750000000,10576,0.0002115200
0.9650000000,0.5850000000,10054,0.0002010800
0.9650000000,0.5950000000,9801,0.0001960200
0.9650000000,0.6050000000,9520,0.0001904000
0.9650000000,0.6150000000,9359,0.0001871800
0.9650000000,0.6250000000,8941,0.0001788200
0.9650000000,0.6350000000,8836,0.0001767200
0.9650000000,0.6450000000,8808,0.0001761600
0.9650000000,0.6550000000,8669,0.0001733800
0.9650000000,0.6650000000,8663,0.0001732600
0.9650000000,0.6750000000,8618,0.0001723600
0.9650000000,0.6850000000,8570,0.0001714000
0.9650000000,0.6950000000,8813,0.0001762600
0.9650000000,0.7050000000,8808,0.0001761600
0.9650000000,0.7150000000,8803,0.0001760600
0.9650000000,0.7250000000,8893,0.0001778600
0.9650000000,0.7350000000,8832,0.0001766400
0.9650000000,0.7450000000,9174,0.0001834800
0.9650000000,0.7550000000,9225,0.0001845000
0.9650000000,0.7650000000,9555,0.0001911000
0.9650000000,0.7750000000,9993,0.0001998600
0.9650000000,0.7850000000,10310,0.0002062000
0.9650000000,0.7950000000,10888,0.0002177600
0.9650000000,0.8050000000,11350,0.0002270000
0.9650000000,0.8150000000,12180,0.0002436000
0.9650000000,0.8250000000,13530,0.0002706000
0.9650000000,0.8350000000,15153,0.0003030600
0.9650000000,0.8450000000,18554,0.0003710800
0.9650000000,0.8550000000,27922,0.0005584400
0.9650000000,0.8650000000,30074,0.0006014800
0.9650000000,0.8750000000,10925,0.0002185000
0.9650000000,0.8850000000,0,0.0000000000
0.9650000000,0.8950000000,0,0.0000000000
0.9650000000,0.9050000000,0,0.0000000000
0.9650000000,0.9150000000,0,0.0000000000
0.9650000000,0.9250000000,0,0.0000000000
0.9650000000,0.9350000000,0,0.0000000000
0.9650000000,0.9450000000,0,0.0000000000
0.9650000000,0.9550000000,0,0.0000000000
0.9650000000,0.9650000000,0,0.0000000000
0.9650000000,0.9750000000,0,0.0000000000
0.9650000000,0.9850000000,0,0.0000000000
0.9650000000,0.9950000000,0,0.0000000000
0.9750000000,0.0050000000,0,0.0000000000
0.9750000000,0.0150000000,0,0.0000000000
0.9750000000,0.0250000000,0,0.0000000000
0.9750000000,0.0350000000,0,0.0000000000
0.9750000000,0.0450000000,0,0.0000000000
0.9750000000,0.0550000000,0,0.0000000000
0.9750000000,0.0650000000,0,0.0000000000
0.9750000000,0.0750000000,0,0.0000000000
0.9750000000,0.0850000000,0,0.0000000000
0.9750000000,0.0950000000,0,0.0000000000
0.9750000000,0.1050000000,0,0.0000000000
0.9750000000,0.1150000000,0,0.0000000000
0.9750000000,0.1250000000,0,0.0000000000
0.9750000000,0.1350000000,0,0.0000000000
0.9750000000,0.1450000000,0,0.0000000000
0.9750000000,0.1550000000,0,0.0000000000
0.9750000000,0.1650000000,0,0.0000000000
0.9750000000,0.1750000000,0,0.0000000000
0.9750000000,0.1850000000,0,0.0000000000
0.9750000000,0.1950000000,0,0.0000000000
0.9750000000,0.2050000000,0,0.0000000000
0.9750000000,0.2150000000,0,0.0000000000
0.9750000000,0.2250000000,0,0.0000000000
0.9750000000,0.2350000000,0,0.0000000000
0.9750000000,0.2450000000,0,0.0000000000
0.9750000000,0.2550000000,0,0.0000000000
0.9750000000,0.2650000000,0,0.0000000000
0.9750000000,0.2750000000,0,0.0000000000
0.9750000000,0.2850000000,0,0.0000000000
0.9750000000,0.2950000000,0,0.0000000000
0.9750000000,0.3050000000,0,0.0000000000
0.9750000000,0.3150000000,0,0.0000000000
0.9750000000,0.3250000000,0,0.0000000000
0.9750000000,0.3350000000,0,0.0000000000
0.9750000000,0.3450000000,0,0.0000000000
0.9750000000,0.3550000000,0,0.0000000000
0.9750000000,0.3650000000,0,0.0000000000
0.9750000000,0.3750000000,0,0.0000000000
0.9750000000,0.3850000000,0,0.0000000000
0.9750000000,0.3950000000,0,0.0000000000
0.9750000000,0.4050000000,0,0.0000000000
0.9750000000,0.4150000000,0,0.0000000000
0.9750000000,0.4250000000,0,0.0000000000
0.9750000000,0.4350000000,0,0.0000000000
0.9750000000,0.4450000000,0,0.0000000000
0.9750000000,0.4550000000,0,0.0000000000
0.9750000000,0.4650000000,0,0.0000000000
0.9750000000,0.4750000000,0,0.0000000000
0.9750000000,0.4850000000,0,0.0000000000
0.9750000000,0.4950000000,0,0.0000000000
0.9750000000,0.5050000000,0,0.0000000000
0.9750000000,0.5150000000,4794,0.0000958800
0.9750000000,0.5250000000,15694,0.0003138800
0.9750000000,0.5350000000,22180,0.0004436000
0.9750000000,0.5450000000,26611,0.0005322200
0.9750000000,0.5550000000,23720,0.0004744000
0.9750000000,0.5650000000,17728,0.0003545600
0.9750000000,0.5750000000,15275,0.0003055000
0.9750000000,0.5850000000,13787,0.0002757400
0.9750000000,0.5950000000,12767,0.0002553400
0.9750000000,0.6050000000,12200,0.0002440000
0.9750000000,0.6150000000,11449,0.0002289800
0.9750000000,0.6250000000,11240,0.0002248000
0.9750000000,0.6350000000,10917,0.0002183400
0.9750000000,0.6450000000,10434,0.0002086800
0.9750000000,0.6550000000,10308,0.0002061600
0.9750000000,0.6650000000,10265,0.0002053000
0.9750000000,0.6750000000,9866,0.0001973200
0.9750000000,0.6850000000,10112,0.0002022400
0.9750000000,0.6950000000,10121,0.0002024200
0.9750000000,0.7050000000,10162,0.0002032400
0.9750000000,0.7150000000,10353,0.0002070600
0.9750000000,0.7250000000,10359,0.0002071800
0.9750000000,0.7350000000,10770,0.0002154000
0.9750000000,0.7450000000,10868,0.0002173600
0.9750000000,0.7550000000,11383,0.0002276600
0.9750000000,0.7650000000,11675,0.0002335000
0.9750000000,0.7750000000,12146,0.0002429200
0.9750000000,0.7850000000,13060,0.0002612000
0.9750000000,0.7950000000,13833,0.0002766600
0.9750000000,0.8050000000,15079,0.0003015800
0.9750000000,0.8150000000,17103,0.0003420600
0.9750000000,0.8250000000,21833,0.0004366600
0.9750000000,0.8350000000,32168,0.0006433600
0.9750000000,0.8450000000,27356,0.0005471200
0.9750000000,0.8550000000,11455,0.0002291000
0.9750000000,0.8650000000,0,0.0000000000
0.9750000000,0.8750000000,0,0.0000000000
0.9750000000,0.8850000000,0,0.0000000000
0.9750000000,0.8950000000,0,0.0000000000
0.9750000000,0.9050000000,0,0.0000000000
0.9750000000,0.9150000000,0,0.0000000000
0.9750000000,0.9250000000,0,0.0000000000
0.9750000000,0.9350000000,0,0.0000000000
0.9750000000,0.9450000000,0,0.0000000000
0.9750000000,0.9550000000,0,0.0000000000
0.9750000000,0.9650000000,0,0.0000000000
0.9750000000,0.9750000000,0,0.0000000000
0.9750000000,0.9850000000,0,0.0000000000
0.9750000000,0.9950000000,0,0.0000000000
0.9850000000,0.0050000000,0,0.0000000000
0.9850000000,0.0150000000,0,0.0000000000
0.9850000000,0.0250000000,0,0.0000000000
0.9850000000,0.0350000000,0,0.0000000000
0.9850000000,0.0450000000,0,0.0000000000
0.9850000000,0.0550000000,0,0.0000000000
0.9850000000,0.0650000000,0,0.0000000000
0.9850000000,0.0750000000,0,0.0000000000
0.9850000000,0.0850000000,0,0.0000000000
0.9850000000,0.0950000000,0,0.0000000000
0.9850000000,0.1050000000,0,0.0000000000
0.9850000000,0.1150000000,0,0.0000000000
0.9850000000,0.1250000000,0,0.0000000000
0.9850000000,0.1350000000,0,0.0000000000
0.9850000000,0.1450000000,0,0.0000000000
0.9850000000,0.1550000000,0,0.0000000000
0.9850000000,0.1650000000,0,0.0000000000
0.9850000000,0.1750000000,0,0.0000000000
0.9850000000,0.1850000000,0,0.0000000000
0.9850000000,0.1950000000,0,0.0000000000
0.9850000000,0.2050000000,0,0.0000000000
0.9850000000,0.2150000000,0,0.0000000000
0.9850000000,0.2250000000,0,0.0000000000
0.9850000000,0.2350000000,0,0.0000000000
0.9850000000,0.2450000000,0,0.0000000000
0.9850000000,0.2550000000,0,0.0000000000
0.9850000000,0.2650000000,0,0.0000000000
0.9850000000,0.2750000000,0,0.0000000000
0.9850000000,0.2850000000,0,0.0000000000
0.9850000000,0.2950000000,0,0.0000000000
0.9850000000,0.3050000000,0,0.0000000000
0.9850000000,0.3150000000,0,0.0000000000
0.9850000000,0.3250000000,0,0.0000000000
0.9850000000,0.3350000000,0,0.0000000000
0.9850000000,0.3450000000,0,0.0000000000
0.9850000000,0.3550000000,0,0.0000000000
0.9850000000,0.3650000000,0,0.0000000000
0.9850000000,0.3750000000,0,0.0000000000
0.9850000000,0.3850000000,0,0.0000000000
0.9850000000,0.3950000000,0,0.0000000000
0.9850000000,0.4050000000,0,0.0000000000
0.9850000000,0.4150000000,0,0.0000000000
0.9850000000,0.4250000000,0,0.0000000000
0.9850000000,0.4350000000,0,0.0000000000
0.9850000000,0.4450000000,0,0.0000000000
0.9850000000,0.4550000000,0,0.0000000000
0.9850000000,0.4650000000,0,0.0000000000
0.9850000000,0.4750000000,0,0.0000000000
0.9850000000,0.4850000000,0,0.0000000000
0.9850000000,0.4950000000,0,0.0000000000
0.9850000000,0.5050000000,0,0.0000000000
0.9850000000,0.5150000000,0,0.0000000000
0.9850000000,0.5250000000,0,0.0000000000
0.9850000000,0.5350000000,0,0.0000000000
0.9850000000,0.5450000000,0,0.0000000000
0.9850000000,0.5550000000,6523,0.0001304600
0.9850000000,0.5650000000,15979,0.0003195800
0.9850000000,0.5750000000,21058,0.0004211600
0.9850000000,0.5850000000,25117,0.0005023400
0.9850000000,0.5950000000,28468,0.0005693600
0.9850000000,0.6050000000,23556,0.0004711200
0.9850000000,0.6150000000,18849,0.0003769800
0.9850000000,0.6250000000,16960,0.0003392000
0.9850000000,0.6350000000,15563,0.0003112600
0.9850000000,0.6450000000,14825,0.0002965000
0.9850000000,0.6550000000,14005,0.0002801000
0.9850000000,0.6650000000,13799,0.0002759800
0.9850000000,0.6750000000,13508,0.0002701600
0.9850000000,0.6850000000,13197,0.0002639400
0.9850000000,0.6950000000,13257,0.0002651400
0.9850000000,0.7050000000,13267,0.0002653400
0.9850000000,0.7150000000,13422,0.0002684400
0.9850000000,0.7250000000,13674,0.0002734800
0.9850000000,0.7350000000,14027,0.0002805400
0.9850000000,0.7450000000,14477,0.0002895400
0.9850000000,0.7550000000,15298,0.0003059600
0.9850000000,0.7650000000,15824,0.0003164800
0.9850000000,0.7750000000,17598,0.0003519600
0.9850000000,0.7850000000,20338,0.0004067600
0.9850000000,0.7950000000,25579,0.0005115800
0.9850000000,0.8050000000,32381,0.0006476200
0.9850000000,0.8150000000,27026,0.0005405200
0.9850000000,0.8250000000,18926,0.0003785200
0.9850000000,0.8350000000,3119,0.0000623800
0.9850000000,0.8450000000,0,0.0000000000
0.9850000000,0.8550000000,0,0.0000000000
0.9850000000,0.8650000000,0,0.0000000000
0.9850000000,0.8750000000,0,0.0000000000
0.9850000000,0.8850000000,0,0.0000000000
0.9850000000,0.8950000000,0,0.0000000000
0.9850000000,0.9050000000,0,0.0000000000
0.9850000000,0.9150000000,0,0.0000000000
0.9850000000,0.9250000000,0,0.0000000000
0.9850000000,0.9350000000,0,0.0000000000
0.9850000000,0.9450000000,0,0.0000000000
0.9850000000,0.9550000000,0,0.0000000000
0.9850000000,0.9650000000,0,0.0000000000
0.9850000000,0.9750000000,0,0.0000000000
0.9850000000,0.9850000000,0,0.0000000000
0.9850000000,0.9950000000,0,0.0000000000
0.9950000000,0.0050000000,0,0.0000000000
0.9950000000,0.0150000000,0,0.0000000000
0.9950000000,0.0250000000,0,0.0000000000
0.9950000000,0.0350000000,0,0.0000000000
0.9950000000,0.0450000000,0,0.0000000000
0.9950000000,0.0550000000,0,0.0000000000
0.9950000000,0.0650000000,0,0.0000000000
0.9950000000,0.0750000000,0,0.0000000000
0.9950000000,0.0850000000,0,0.0000000000
0.9950000000,0.0950000000,0,0.0000000000
0.9950000000,0.1050000000,0,0.0000000000
0.9950000000,0.1150000000,0,0.0000000000
0.9950000000,0.1250000000,0,0.0000000000
0.9950000000,0.1350000000,0,0.0000000000
0.9950000000,0.1450000000,0,0.0000000000
0.9950000000,0.1550000000,0,0.0000000000
0.9950000000,0.1650000000,0,0.0000000000
0.9950000000,0.1750000000,0,0.0000000000
0.9950000000,0.1850000000,0,0.0000000000
0.9950000000,0.1950000000,0,0.0000000000
0.9950000000,0.2050000000,0,0.0000000000
0.9950000000,0.2150000000,0,0.0000000000
0.9950000000,0.2250000000,0,0.0000000000
0.9950000000,0.2350000000,0,0.0000000000
0.9950000000,0.2450000000,0,0.0000000000
0.9950000000,0.2550000000,0,0.0000000000
0.9950000000,0.2650000000,0,0.0000000000
0.9950000000,0.2750000000,0,0.0000000000
0.9950000000,0.2850000000,0,0.0000000000
0.9950000000,0.2950000000,0,0.0000000000
0.9950000000,0.3050000000,0,0.0000000000
0.9950000000,0.3150000000,0,0.0000000000
0.9950000000,0.3250000000,0,0.0000000000
0.9950000000,0.3350000000,0,0.0000000000
0.9950000000,0.3450000000,0,0.0000000000
0.9950000000,0.3550000000,0,0.0000000000
0.9950000000,0.3650000000,0,0.0000000000
0.9950000000,0.3750000000,0,0.0000000000
0.9950000000,0.3850000000,0,0.0000000000
0.9950000000,0.3950000000,0,0.0000000000
0.9950000000,0.4050000000,0,0.0000000000
0.9950000000,0.4150000000,0,0.0000000000
0.9950000000,0.4250000000,0,0.0000000000
0.9950000000,0.4350000000,0,0.0000000000
0.9950000000,0.4450000000,0,0.0000000000
0.9950000000,0.4550000000,0,0.0000000000
0.9950000000,0.4650000000,0,0.0000000000
0.9950000000,0.4750000000,0,0.0000000000
0.9950000000,0.4850000000,0,0.0000000000
0.9950000000,0.4950000000,0,0.0000000000
0.9950000000,0.5050000000,0,0.0000000000
0.9950000000,0.5150000000,0,0.0000000000
0.9950000000,0.5250000000,0,0.0000000000
0.9950000000,0.5350000000,0,0.0000000000
0.9950000000,0.5450000000,0,0.0000000000
0.9950000000,0.5550000000,0,0.0000000000
0.9950000000,0.5650000000,0,0.0000000000
0.9950000000,0.5750000000,0,0.0000000000
0.9950000000,0.5850000000,0,0.0000000000
0.9950000000,0.5950000000,0,0.0000000000
0.9950000000,0.6050000000,8100,0.0001620000
0.9950000000,0.6150000000,14802,0.0002960400
0.9950000000,0.6250000000,18941,0.0003788200
0.9950000000,0.6350000000,21961,0.0004392200
0.9950000000,0.6450000000,24597,0.0004919400
0.9950000000,0.6550000000,26528,0.0005305600
0.9950000000,0.6650000000,28180,0.0005636000
0.9950000000,0.6750000000,29499,0.0005899800
0.9950000000,0.6850000000,30677,0.0006135400
0.9950000000,0.6950000000,31073,0.0006214600
0.9950000000,0.7050000000,31948,0.0006389600
0.9950000000,0.7150000000,31781,0.0006356200
0.9950000000,0.7250000000,31759,0.0006351800
0.9950000000,0.7350000000,31265,0.0006253000
0.9950000000,0.7450000000,30342,0.0006068400
0.9950000000,0.7550000000,28808,0.0005761600
0.9950000000,0.7650000000,26497,0.0005299400
0.9950000000,0.7750000000,23840,0.0004768000
0.9950000000,0.7850000000,19069,0.0003813800
0.9950000000,0.7950000000,10591,0.0002118200
0.9950000000,0.8050000000,0,0.0000000000
0.9950000000,0.8150000000,0,0.0000000000
0.9950000000,0.8250000000,0,0.0000000000
0.9950000000,0.8350000000,0,0.0000000000
0.9950000000,0.8450000000,0,0.0000000000
0.9950000000,0.8550000000,0,0.0000000000
0.9950000000,0.8650000000,0,0.0000000000
0.9950000000,0.8750000000,0,0.0000000000
0.9950000000,0.8850000000,0,0.0000000000
0.9950000000,0.8950000000,0,0.0000000000
0.9950000000,0.9050000000,0,0.0000000000
0.9950000000,0.9150000000,0,0.0000000000
0.9950000000,0.9250000000,0,0.0000000000
0.9950000000,0.9350000000,0,0.0000000000
0.9950000000,0.9450000000,0,0.0000000000
0.9950000000,0.9550000000,0,0.0000000000
0.9950000000,0.9650000000,0,0.0000000000
0.9950000000,0.9750000000,0,0.0000000000
0.9950000000,0.9850000000,0,0.0000000000
0.9950000000,0.9950000000,0,0.0000000000
